rooms,baths,area,lat,lng,amenity_count,has_swimming_pool,has_gym_or_health_club,has_covered_parking,has_lawn_or_garden,has_security_staff,has_balcony_or_terrace,has_jacuzzi,has_sauna,has_cctv_security,price_per_sqm,rooms_x_baths,area_per_room,amenity_density,total_amenities,city_en_enc,neighbourhood_en_enc,province_en_enc,furnishingStatus_furnished,furnishingStatus_unfurnished,furnishingStatus_unknown,completionStatus_completed,completionStatus_under-construction,property_type_en_Apartments,property_type_en_Cabins,property_type_en_Chalets,property_type_en_Duplexes,property_type_en_Hotel Apartments,property_type_en_Lands,property_type_en_Other Residential,property_type_en_Penthouses,property_type_en_Roofs,property_type_en_Rooms,property_type_en_Townhouses,property_type_en_Twin Houses,property_type_en_Villas,property_type_en_iVillas
3,3,180.0,30.084482192642,30.963006624909,18,1,1,1,1,0,0,1,1,0,105555.55555555556,9,60.0,10.0,6,16.02378508137718,16.759949589762293,16.01134442508541,False,True,False,False,True,False,False,False,False,False,False,False,False,False,False,False,False,True,False
4,3,185.0,29.99352595,31.5196573,5,0,0,1,0,0,1,0,0,0,20540.54054054054,12,46.25,2.7027027027027026,2,16.282847171369255,16.29204904211537,16.066802461833923,False,True,False,True,False,True,False,False,False,False,False,False,False,False,False,False,False,False,False
3,3,260.0,30.07349031,31.60085522,8,0,0,0,0,1,1,0,0,1,35576.92307692308,9,86.66666666666667,3.0769230769230766,3,16.282847171369255,16.29204904211537,16.066802461833923,False,True,False,True,False,False,False,False,True,False,False,False,False,False,False,False,False,False,False
4,3,220.0,29.905801403754,31.078392112719,6,0,0,1,0,0,0,0,0,0,16818.18181818182,12,55.0,2.727272727272727,1,15.279199431073042,15.123843647884687,16.01134442508541,False,True,False,True,False,True,False,False,False,False,False,False,False,False,False,False,False,False,False
4,3,197.0,30.0648376,30.94684,45,1,1,1,1,1,1,1,1,1,37055.83756345178,12,49.25,22.84263959390863,9,16.02378508137718,15.803385043104912,16.01134442508541,False,True,False,True,False,False,False,False,False,False,False,False,False,False,False,True,False,False,False
3,2,145.0,30.0395901,31.6985965,24,1,1,1,1,1,1,0,0,1,41379.31034482759,6,48.333333333333336,16.551724137931036,7,15.616501940217244,15.458189997639176,16.066802461833923,False,True,False,True,False,True,False,False,False,False,False,False,False,False,False,False,False,False,False
3,3,160.0,30.0468424,30.998248,31,1,1,1,1,1,0,1,1,1,50000.0,9,53.333333333333336,19.375,8,16.02378508137718,15.862682968241984,16.01134442508541,False,True,False,True,False,True,False,False,False,False,False,False,False,False,False,False,False,False,False
3,2,113.0,31.082957585789,28.032116949628,24,1,1,1,1,1,1,0,0,1,110619.46902654867,6,37.666666666666664,21.238938053097346,7,16.345788916607955,16.264790116464905,16.345788916607955,True,False,False,True,False,False,False,True,False,False,False,False,False,False,False,False,False,False,False
3,3,172.0,30.0478192,31.5372842,9,0,0,1,1,0,0,0,0,0,85745.66279069768,9,57.333333333333336,5.232558139534884,2,16.282847171369255,16.29204904211537,16.066802461833923,False,False,True,True,False,True,False,False,False,False,False,False,False,False,False,False,False,False,False
5,4,325.0,30.0577847,30.939106,27,1,1,1,1,1,1,1,1,0,35384.61538461538,20,65.0,8.307692307692308,8,16.02378508137718,16.2791374856878,16.01134442508541,False,False,True,True,False,False,False,False,False,False,False,False,False,False,False,False,False,True,False
4,3,365.0,29.98957,31.21846,7,0,0,1,0,0,0,0,0,0,46575.34246575343,12,91.25,1.9178082191780823,1,16.648723960844016,16.648723960844016,16.01134442508541,True,False,False,True,False,True,False,False,False,False,False,False,False,False,False,False,False,False,False
2,2,101.0,31.0665111,28.344066,34,1,1,1,1,1,1,1,0,1,89108.91089108911,4,50.5,33.663366336633665,8,16.345788916607955,15.572773764067886,16.345788916607955,False,True,False,False,True,False,False,True,False,False,False,False,False,False,False,False,False,False,False
3,3,200.0,30.0546803,31.5114161,4,0,0,0,1,0,0,0,0,0,26750.0,9,66.66666666666667,2.0,1,16.282847171369255,16.489659276356317,16.066802461833923,False,True,False,True,False,True,False,False,False,False,False,False,False,False,False,False,False,False,False
3,2,134.0,30.0395901,31.6985965,0,0,0,0,0,0,0,0,0,0,29701.492537313432,6,44.666666666666664,0.0,0,15.616501940217244,15.458189997639176,16.066802461833923,False,True,False,True,False,True,False,False,False,False,False,False,False,False,False,False,False,False,False
3,2,194.0,30.0246926,31.4940262,23,1,1,1,1,1,1,0,0,1,77319.58762886598,6,64.66666666666667,11.855670103092784,7,16.282847171369255,16.29204904211537,16.066802461833923,False,True,False,True,False,True,False,False,False,False,False,False,False,False,False,False,False,False,False
2,2,125.0,29.9633661,31.0009178,0,0,0,0,0,0,0,0,0,0,57600.0,4,62.5,0.0,0,16.10616420501588,15.988839917212927,16.01134442508541,False,False,True,True,False,True,False,False,False,False,False,False,False,False,False,False,False,False,False
2,2,115.0,29.4705022,32.4537273,18,1,0,0,1,1,1,0,0,1,47391.30434782609,4,57.5,15.65217391304348,5,15.747032114495013,15.506518023422661,15.747032114495013,False,True,False,True,False,False,False,True,False,False,False,False,False,False,False,False,False,False,False
4,4,270.0,29.9842656,31.540594,0,0,0,0,0,0,0,0,0,0,72222.22222222222,16,67.5,0.0,0,16.282847171369255,16.29204904211537,16.066802461833923,False,True,False,True,False,False,False,False,False,False,False,False,False,False,False,True,False,False,False
3,4,160.0,26.8641416,33.9648764,44,1,1,1,1,1,1,1,1,1,168750.0,12,53.333333333333336,27.5,9,16.3394119477972,16.57664092072968,16.233206958474412,False,True,False,False,True,False,False,False,False,False,False,False,False,False,False,False,False,True,False
3,3,169.0,30.0050838,30.9290455,37,1,1,1,1,0,1,1,1,0,47337.27810650888,9,56.333333333333336,21.893491124260354,7,16.10616420501588,15.930560647738732,16.01134442508541,False,True,False,False,True,True,False,False,False,False,False,False,False,False,False,False,False,False,False
3,2,131.0,30.09177585,31.6426486,28,0,0,0,0,1,1,0,0,1,51908.396946564884,6,43.666666666666664,21.374045801526716,3,15.93111255107345,15.88868261241667,16.066802461833923,False,True,False,True,False,True,False,False,False,False,False,False,False,False,False,False,False,False,False
3,3,210.0,30.04842577295,31.501481164322,4,0,0,0,0,0,0,0,0,0,117900.0,9,70.0,1.9047619047619047,0,16.282847171369255,16.29204904211537,16.066802461833923,False,False,True,True,False,False,False,False,False,False,False,False,False,False,False,True,False,False,False
2,2,131.0,30.166137,31.6680496,12,0,0,1,1,0,1,1,0,0,91603.0534351145,4,65.5,9.16030534351145,4,16.300417291085605,16.486367704879513,16.066802461833923,False,True,False,False,True,True,False,False,False,False,False,False,False,False,False,False,False,False,False
3,3,210.0,30.166137,31.6680496,15,0,0,1,1,1,1,0,0,1,108780.95238095238,9,70.0,7.142857142857142,5,16.300417291085605,16.486367704879513,16.066802461833923,False,False,True,True,False,False,False,False,False,False,False,False,False,False,False,False,False,True,False
3,2,200.0,30.99104,30.0537,0,0,0,0,0,0,0,0,0,0,26000.0,6,66.66666666666667,0.0,0,16.02378508137718,15.585265227956793,16.01134442508541,False,True,False,True,False,True,False,False,False,False,False,False,False,False,False,False,False,False,False
6,7,1250.0,31.00763549,29.75773621,24,0,0,1,1,1,0,0,0,1,18400.0,42,208.33333333333334,1.92,4,16.18295155698594,15.747032114495013,15.851522672265068,False,True,False,True,False,False,False,False,False,False,False,False,False,False,False,False,False,True,False
1,1,115.0,30.06805,31.406379,22,0,1,1,1,1,1,0,0,1,50869.565217391304,1,115.0,19.1304347826087,6,16.282847171369255,16.489659276356317,16.066802461833923,False,True,False,False,True,True,False,False,False,False,False,False,False,False,False,False,False,False,False
2,2,96.0,31.0724538,28.2011747,0,0,0,0,0,0,0,0,0,0,89270.83333333333,4,48.0,0.0,0,16.345788916607955,16.264790116464905,16.345788916607955,False,True,False,False,True,False,False,True,False,False,False,False,False,False,False,False,False,False,False
3,2,128.0,29.975602715328,31.539302153821,14,1,0,1,1,1,1,0,0,0,139109.375,6,42.666666666666664,10.9375,5,16.282847171369255,16.29204904211537,16.066802461833923,False,False,True,False,True,True,False,False,False,False,False,False,False,False,False,False,False,False,False
4,3,264.0,30.002098563425,31.611498138279,17,1,1,1,1,0,0,1,1,0,113636.36363636363,12,66.0,6.4393939393939394,6,16.282847171369255,16.200596964551092,16.066802461833923,False,False,True,True,False,False,False,False,False,False,False,False,False,False,False,False,False,True,False
3,3,159.0,29.990186,31.53627878,14,1,1,1,1,1,1,0,0,1,52830.188679245286,9,53.0,8.80503144654088,7,16.282847171369255,16.29204904211537,16.066802461833923,False,True,False,False,True,True,False,False,False,False,False,False,False,False,False,False,False,False,False
4,4,275.0,30.0466368,31.6336039,10,0,1,1,1,1,1,0,0,0,61454.545454545456,16,68.75,3.6363636363636362,5,15.82707481102028,16.257857680289998,16.066802461833923,False,True,False,True,False,False,False,False,False,False,False,False,False,False,False,True,False,False,False
2,2,145.0,29.9937516,30.9323647,6,0,0,0,0,1,1,0,0,1,26206.896551724138,4,72.5,4.137931034482759,3,16.10616420501588,15.109392850014181,16.01134442508541,False,True,False,True,False,True,False,False,False,False,False,False,False,False,False,False,False,False,False
4,3,450.0,29.98644,31.16651,4,0,0,0,0,1,0,0,0,0,12222.222222222223,12,112.5,0.8888888888888888,1,14.88022163978423,14.751604309291395,16.01134442508541,False,True,False,True,False,False,False,False,True,False,False,False,False,False,False,False,False,False,False
3,3,145.0,29.91637,31.06103,0,0,0,0,0,0,0,0,0,0,31000.0,9,48.333333333333336,0.0,0,15.279199431073042,15.10749451433816,16.01134442508541,False,True,False,False,True,True,False,False,False,False,False,False,False,False,False,False,False,False,False
2,2,108.0,30.0139101,31.5062339,0,0,0,0,0,0,0,0,0,0,139332.4537037037,4,54.0,0.0,0,16.282847171369255,16.29204904211537,16.066802461833923,False,True,False,False,True,True,False,False,False,False,False,False,False,False,False,False,False,False,False
1,2,64.0,31.0724538,28.2011747,46,1,1,1,1,1,1,1,1,1,156062.5,2,64.0,71.875,9,16.345788916607955,16.264790116464905,16.345788916607955,False,True,False,False,True,False,False,True,False,False,False,False,False,False,False,False,False,False,False
5,3,1021.0,30.917731,30.0636166,10,0,0,0,1,1,1,0,0,0,53868.75612144956,15,204.2,0.979431929480901,3,16.02378508137718,17.622173069956816,16.01134442508541,False,True,False,True,False,False,False,False,False,False,False,False,False,False,False,False,False,True,False
6,4,379.0,29.550836851327,30.867589850082,0,0,0,0,0,0,0,0,0,0,51197.88918205805,24,63.166666666666664,0.0,0,16.552148280706213,16.552148280706213,15.851522672265068,False,True,False,False,True,False,False,False,False,False,False,False,False,False,False,False,False,True,False
5,5,363.0,29.9842656,31.540594,8,0,0,1,1,0,0,0,0,0,89531.68044077135,25,72.6,2.203856749311295,2,16.282847171369255,16.29204904211537,16.066802461833923,False,True,False,True,False,False,False,False,False,False,False,False,False,False,False,False,False,True,False
3,3,200.0,30.0202659,31.5409692,24,1,1,1,1,1,1,0,0,0,64979.955,9,66.66666666666667,12.0,6,16.282847171369255,16.29204904211537,16.066802461833923,False,False,True,True,False,True,False,False,False,False,False,False,False,False,False,False,False,False,False
3,3,175.0,29.9543184,31.726229,23,1,1,1,1,1,1,0,0,1,37142.857142857145,9,58.333333333333336,13.142857142857142,7,15.616501940217244,15.687312888712007,16.066802461833923,False,True,False,True,False,True,False,False,False,False,False,False,False,False,False,False,False,False,False
1,1,65.0,31.0952654,27.9249993,0,0,0,0,0,0,0,0,0,0,132307.6923076923,1,65.0,0.0,0,16.345788916607955,16.264790116464905,16.345788916607955,False,False,True,True,False,False,False,True,False,False,False,False,False,False,False,False,False,False,False
4,5,310.0,30.0212161,31.5472488,9,1,0,0,1,0,0,0,0,0,141935.48387096773,20,77.5,2.903225806451613,2,16.282847171369255,16.29204904211537,16.066802461833923,False,True,False,True,False,False,False,False,False,False,False,False,False,False,False,False,True,False,False
0,1,60.0,29.6727347,32.3374381,4,0,0,0,0,0,0,0,0,0,93333.33333333333,0,60.0,6.666666666666667,0,15.747032114495013,15.967921456359903,15.747032114495013,False,False,True,False,True,True,False,False,False,False,False,False,False,False,False,False,False,False,False
3,2,162.0,30.107832255957,31.596580211647,0,0,0,0,0,0,0,0,0,0,39444.444444444445,6,54.0,0.0,0,16.088423555642784,16.380459992348886,16.066802461833923,False,True,False,True,False,True,False,False,False,False,False,False,False,False,False,False,False,False,False
4,3,264.0,30.007848,31.4906558,13,0,0,1,1,0,0,0,0,0,90909.09090909091,12,66.0,4.924242424242424,2,16.282847171369255,16.29204904211537,16.066802461833923,False,True,False,True,False,False,False,False,False,False,False,False,False,False,False,True,False,False,False
2,3,126.0,30.0941611,31.7041108,27,0,1,1,1,1,1,1,1,1,34920.63492063492,6,63.0,21.428571428571427,8,15.82707481102028,15.793051943818522,16.066802461833923,False,True,False,True,False,True,False,False,False,False,False,False,False,False,False,False,False,False,False
3,2,145.0,31.3543445,27.2373159,0,0,0,0,0,0,0,0,0,0,102206.89655172414,6,48.333333333333336,0.0,0,16.345788916607955,16.264790116464905,16.345788916607955,False,True,False,False,True,False,False,True,False,False,False,False,False,False,False,False,False,False,False
3,4,205.0,30.07349031,31.60085522,10,0,1,1,1,1,1,0,0,1,69096.06829268293,12,68.33333333333333,4.878048780487806,6,16.282847171369255,16.29204904211537,16.066802461833923,False,True,False,True,False,False,False,False,False,False,False,False,False,False,False,True,False,False,False
2,2,93.0,29.9844638,30.8817192,30,1,1,1,1,0,1,1,1,0,44086.021505376346,4,46.5,32.25806451612903,7,16.10616420501588,15.56224706466147,16.01134442508541,False,True,False,True,False,True,False,False,False,False,False,False,False,False,False,False,False,False,False
2,2,95.0,30.834438,28.963224,21,1,1,1,1,1,1,0,0,1,63157.89473684211,4,47.5,22.105263157894736,7,16.345788916607955,15.76142084987672,16.345788916607955,False,True,False,False,True,False,False,True,False,False,False,False,False,False,False,False,False,False,False
4,5,300.0,29.9875186,31.5555302,5,0,0,1,0,0,0,0,0,0,61666.666666666664,20,75.0,1.6666666666666667,1,16.282847171369255,16.29204904211537,16.066802461833923,False,True,False,True,False,False,False,False,False,False,False,False,False,False,False,False,False,True,False
1,2,73.0,30.0468424,30.998248,10,0,0,1,0,1,1,0,0,0,89547.94520547945,2,73.0,13.698630136986301,3,16.02378508137718,15.862682968241984,16.01134442508541,False,False,True,False,True,True,False,False,False,False,False,False,False,False,False,False,False,False,False
4,4,230.0,31.0198818,28.5967522,7,0,0,1,1,1,0,0,0,0,173913.04347826086,16,57.5,3.0434782608695654,3,16.345788916607955,17.50439003707821,16.345788916607955,False,True,False,True,False,False,False,False,False,False,False,False,False,False,False,False,False,True,False
11,11,954.0,30.0035761,31.4056766,0,0,0,0,0,0,0,0,0,0,89098.53249475891,121,86.72727272727273,0.0,0,16.282847171369255,16.29204904211537,16.066802461833923,False,True,False,True,False,False,False,False,False,False,False,False,False,False,False,False,False,True,False
3,3,234.0,29.9924715,30.8920785,0,0,0,0,0,0,0,0,0,0,65705.1282051282,9,78.0,0.0,0,16.10616420501588,16.360729622918004,16.01134442508541,True,False,False,True,False,False,False,False,False,False,False,False,False,False,False,False,False,True,False
3,3,205.0,29.9924715,30.8920785,40,1,1,1,1,1,1,1,1,0,50853.65853658537,9,68.33333333333333,19.512195121951223,8,16.10616420501588,16.360729622918004,16.01134442508541,False,True,False,False,True,False,False,False,False,False,False,False,False,False,False,True,False,False,False
2,2,145.0,30.8583492,28.9042079,0,0,0,0,0,0,0,0,0,0,48275.862068965514,4,72.5,0.0,0,16.345788916607955,15.76142084987672,16.345788916607955,False,True,False,True,False,False,False,True,False,False,False,False,False,False,False,False,False,False,False
4,3,280.0,29.9924715,30.8920785,0,0,0,0,0,0,0,0,0,0,46428.57142857143,12,70.0,0.0,0,16.10616420501588,16.360729622918004,16.01134442508541,False,False,True,True,False,False,False,False,False,False,False,False,False,False,False,False,False,False,True
2,1,59.0,30.8412642,28.9270873,4,0,0,0,0,1,1,0,0,0,59322.03389830508,2,29.5,6.779661016949153,2,16.345788916607955,15.76142084987672,16.345788916607955,False,True,False,False,True,False,False,True,False,False,False,False,False,False,False,False,False,False,False
3,3,220.0,29.9637831,31.5383442,24,1,1,1,1,1,0,1,1,1,54545.454545454544,9,73.33333333333333,10.909090909090908,8,16.282847171369255,16.29204904211537,16.066802461833923,False,False,True,True,False,True,False,False,False,False,False,False,False,False,False,False,False,False,False
3,3,200.0,29.9842656,31.540594,15,0,0,1,1,1,1,0,0,1,96710.0,9,66.66666666666667,7.5,5,16.282847171369255,16.29204904211537,16.066802461833923,False,False,True,True,False,False,False,False,False,False,False,False,False,False,False,False,False,True,False
4,5,370.0,31.00763549,29.75773621,24,0,0,1,1,1,0,0,0,1,16756.756756756757,20,92.5,6.486486486486486,4,16.18295155698594,15.747032114495013,15.851522672265068,False,True,False,True,False,False,False,False,False,False,False,False,False,False,False,False,False,True,False
5,4,212.0,30.0941611,31.7041108,28,1,1,1,1,0,1,1,1,0,47169.811320754714,20,42.4,13.20754716981132,7,15.82707481102028,15.793051943818522,16.066802461833923,False,True,False,False,True,False,False,False,False,False,False,False,False,False,False,False,False,True,False
0,1,72.0,30.06805,31.406379,10,0,0,1,0,1,1,0,0,1,53555.555555555555,0,60.0,13.88888888888889,4,16.282847171369255,16.489659276356317,16.066802461833923,False,False,True,False,True,True,False,False,False,False,False,False,False,False,False,False,False,False,False
3,3,375.0,30.0025075,31.0003656,21,1,1,1,1,0,0,1,1,0,26842.666666666668,9,125.0,5.6,6,16.10616420501588,16.52356082573315,16.01134442508541,False,True,False,True,False,True,False,False,False,False,False,False,False,False,False,False,False,False,False
2,2,128.0,30.06805,31.406379,27,1,1,1,1,1,1,1,1,0,44078.125,4,64.0,21.09375,8,16.282847171369255,16.489659276356317,16.066802461833923,False,True,False,True,False,True,False,False,False,False,False,False,False,False,False,False,False,False,False
3,2,160.0,29.9678067,31.5159872,6,0,0,1,0,0,0,0,0,0,39375.0,6,53.333333333333336,3.75,1,16.282847171369255,16.29204904211537,16.066802461833923,False,True,False,False,True,True,False,False,False,False,False,False,False,False,False,False,False,False,False
3,3,192.0,29.9842656,31.540594,17,0,0,0,0,1,0,0,0,1,72916.66666666667,9,64.0,8.854166666666668,2,16.282847171369255,16.29204904211537,16.066802461833923,False,False,True,True,False,True,False,False,False,False,False,False,False,False,False,False,False,False,False
3,2,225.0,30.99104,30.0537,0,0,0,0,0,0,0,0,0,0,37777.77777777778,6,75.0,0.0,0,16.02378508137718,15.585265227956793,16.01134442508541,True,False,False,True,False,True,False,False,False,False,False,False,False,False,False,False,False,False,False
4,4,412.0,30.0102788,31.5379067,7,0,0,1,0,0,0,0,0,0,141803.39805825244,16,103.0,1.6990291262135921,1,16.282847171369255,16.29204904211537,16.066802461833923,False,False,True,True,False,False,False,False,False,False,False,False,False,False,False,False,False,True,False
2,2,110.0,30.118908615659,31.652102804902,0,0,0,0,0,0,0,0,0,0,63636.36363636364,4,55.0,0.0,0,16.088423555642784,15.899927389451875,16.066802461833923,False,False,True,True,False,True,False,False,False,False,False,False,False,False,False,False,False,False,False
2,2,88.0,31.0665111,28.344066,14,0,1,1,1,0,0,0,0,0,79545.45454545454,4,44.0,15.909090909090908,3,16.345788916607955,15.572773764067886,16.345788916607955,False,True,False,False,True,False,False,True,False,False,False,False,False,False,False,False,False,False,False
2,2,95.0,29.6727347,32.3374381,27,1,1,1,1,1,1,0,0,0,62326.31578947369,4,47.5,28.42105263157895,6,15.747032114495013,15.967921456359903,15.747032114495013,False,False,True,False,True,False,False,True,False,False,False,False,False,False,False,False,False,False,False
1,1,60.0,29.98517849,31.04999818,50,1,1,1,1,1,1,1,1,1,126666.66666666667,1,60.0,83.33333333333334,9,16.10616420501588,16.70097038315765,16.01134442508541,False,True,False,False,True,False,False,False,False,False,False,False,True,False,False,False,False,False,False
2,2,119.0,30.06805,31.406379,18,1,1,0,0,1,1,1,1,1,46218.487394957985,4,59.5,15.126050420168069,7,16.282847171369255,16.489659276356317,16.066802461833923,False,True,False,True,False,True,False,False,False,False,False,False,False,False,False,False,False,False,False
2,2,125.0,30.166137,31.6680496,8,0,0,0,0,1,1,0,0,0,114528.0,4,62.5,6.4,2,16.300417291085605,16.486367704879513,16.066802461833923,False,True,False,True,False,True,False,False,False,False,False,False,False,False,False,False,False,False,False
7,9,512.0,31.2,29.919,3,0,0,0,0,0,0,0,0,0,78125.0,63,73.14285714285714,0.5859375,0,16.792878483231114,16.263182720601904,15.851522672265068,False,True,False,True,False,False,False,False,False,False,False,False,False,False,False,False,False,True,False
3,3,176.0,29.904538109113,30.809852337428,0,0,0,0,0,0,0,0,0,0,18136.363636363636,9,58.666666666666664,0.0,0,16.10616420501588,14.9713852735813,16.01134442508541,False,True,False,False,True,True,False,False,False,False,False,False,False,False,False,False,False,False,False
2,2,115.0,31.17310014,29.9287022,11,0,1,0,0,1,0,0,0,1,48434.782608695656,4,57.5,9.56521739130435,3,16.16000514993119,16.16000514993119,15.851522672265068,False,True,False,False,True,True,False,False,False,False,False,False,False,False,False,False,False,False,False
5,4,253.0,30.0029471,31.595582,21,1,1,0,1,1,0,1,1,1,86956.52173913043,20,50.6,8.300395256916996,7,15.616501940217244,16.956410275190038,16.066802461833923,False,True,False,True,False,False,False,False,False,False,False,False,False,False,False,True,False,False,False
3,2,129.0,30.07814,31.5941829,4,0,0,0,0,0,0,0,0,0,73643.41085271318,6,43.0,3.1007751937984493,0,16.282847171369255,16.29204904211537,16.066802461833923,False,False,True,True,False,True,False,False,False,False,False,False,False,False,False,False,False,False,False
3,2,154.0,30.090647810305,31.377698496569,20,0,1,1,1,1,1,1,0,1,83116.88311688312,6,51.333333333333336,12.987012987012987,7,15.803385043104912,15.803385043104912,16.066802461833923,False,True,False,True,False,True,False,False,False,False,False,False,False,False,False,False,False,False,False
4,4,210.0,30.0760241,30.9783104,14,1,1,1,1,1,0,1,1,1,33809.52380952381,16,52.5,6.666666666666666,8,16.02378508137718,16.29077632722533,16.01134442508541,False,True,False,True,False,False,False,False,False,False,False,False,False,False,False,True,False,False,False
4,3,235.0,30.04842577295,31.501481164322,15,0,0,1,1,1,1,0,0,1,79201.91489361702,12,58.75,6.382978723404255,5,16.282847171369255,16.29204904211537,16.066802461833923,False,False,True,True,False,False,False,False,False,False,False,False,False,False,False,False,False,True,False
3,2,190.0,30.0669117,31.3375553,0,0,0,0,0,0,0,0,0,0,50105.26315789474,6,63.333333333333336,0.0,0,15.82707481102028,15.687312888712007,16.066802461833923,False,True,False,False,True,True,False,False,False,False,False,False,False,False,False,False,False,False,False
3,2,185.0,31.21536,29.94034,12,0,0,0,0,0,1,0,0,0,39729.72972972973,6,61.666666666666664,6.486486486486486,1,15.830413711839864,15.754226482185867,15.851522672265068,False,True,False,True,False,True,False,False,False,False,False,False,False,False,False,False,False,False,False
3,2,210.0,29.904618002313,30.943532807584,18,0,0,0,0,1,1,0,0,1,13333.333333333334,6,70.0,8.571428571428571,3,16.10616420501588,14.826946516816543,16.01134442508541,False,True,False,False,True,True,False,False,False,False,False,False,False,False,False,False,False,False,False
3,4,325.0,29.9842656,31.540594,16,0,0,1,1,1,1,0,0,1,69384.61538461539,12,108.33333333333333,4.923076923076923,5,16.282847171369255,16.29204904211537,16.066802461833923,False,False,True,True,False,False,False,False,False,False,False,False,False,False,False,False,False,True,False
3,3,210.0,30.0139101,31.5062339,0,0,0,0,0,0,0,0,0,0,76190.47619047618,9,70.0,0.0,0,16.282847171369255,16.29204904211537,16.066802461833923,True,False,False,True,False,True,False,False,False,False,False,False,False,False,False,False,False,False,False
2,3,119.0,29.98517849,31.04999818,26,1,1,1,1,1,0,1,1,1,150519.33613445377,6,59.5,21.84873949579832,8,16.10616420501588,16.70097038315765,16.01134442508541,False,True,False,False,True,False,False,False,False,False,False,False,True,False,False,False,False,False,False
3,5,350.0,30.0478192,31.5372842,7,0,0,1,1,0,0,0,0,0,81285.71428571429,15,116.66666666666667,2.0,2,16.282847171369255,16.29204904211537,16.066802461833923,False,False,True,True,False,False,False,False,False,False,False,False,False,False,False,False,False,True,False
3,3,231.0,29.9771006,31.5720476,10,1,1,1,0,1,1,0,0,0,126514.28571428571,9,77.0,4.329004329004329,5,16.282847171369255,16.200596964551092,16.066802461833923,False,True,False,False,True,False,False,False,True,False,False,False,False,False,False,False,False,False,False
2,2,144.0,30.0259103,31.5359166,20,1,1,1,1,0,0,1,1,0,79166.66666666667,4,72.0,13.88888888888889,6,16.282847171369255,16.29204904211537,16.066802461833923,True,False,False,True,False,True,False,False,False,False,False,False,False,False,False,False,False,False,False
3,2,165.0,30.99104,30.0537,0,0,0,0,0,0,0,0,0,0,32121.21212121212,6,55.0,0.0,0,16.02378508137718,15.585265227956793,16.01134442508541,False,True,False,True,False,True,False,False,False,False,False,False,False,False,False,False,False,False,False
3,3,161.0,30.0395901,31.6985965,0,0,0,0,0,0,0,0,0,0,49689.44099378882,9,53.666666666666664,0.0,0,15.616501940217244,15.458189997639176,16.066802461833923,False,False,True,True,False,True,False,False,False,False,False,False,False,False,False,False,False,False,False
3,2,160.0,30.033246576666,31.514915831553,0,0,0,0,0,0,0,0,0,0,51250.0,6,53.333333333333336,0.0,0,16.282847171369255,16.29204904211537,16.066802461833923,False,True,False,False,True,True,False,False,False,False,False,False,False,False,False,False,False,False,False
3,4,220.0,30.9628937,28.7565892,10,1,1,1,1,0,1,0,0,0,145454.54545454544,12,73.33333333333333,4.545454545454545,5,16.345788916607955,16.785925074816024,16.345788916607955,False,False,True,True,False,False,False,False,False,False,False,False,False,False,False,False,False,True,False
1,1,65.0,31.0952654,27.9249993,0,0,0,0,0,0,0,0,0,0,132307.6923076923,1,65.0,0.0,0,16.345788916607955,16.264790116464905,16.345788916607955,False,False,True,True,False,False,False,True,False,False,False,False,False,False,False,False,False,False,False
3,2,150.0,29.970432236857,31.512421359168,3,0,0,1,0,0,0,0,0,0,38666.666666666664,6,50.0,2.0,1,16.282847171369255,15.79591728085829,16.066802461833923,False,True,False,True,False,True,False,False,False,False,False,False,False,False,False,False,False,False,False
3,3,200.0,30.082662679848,31.376713970852,27,1,1,1,1,1,1,1,1,0,40000.0,9,66.66666666666667,13.5,8,15.803385043104912,15.7192417923152,16.066802461833923,False,True,False,True,False,True,False,False,False,False,False,False,False,False,False,False,False,False,False
2,2,129.0,30.166137,31.6680496,23,1,1,1,1,1,1,0,0,1,108527.13178294574,4,64.5,17.829457364341085,7,16.300417291085605,16.486367704879513,16.066802461833923,False,True,False,False,True,True,False,False,False,False,False,False,False,False,False,False,False,False,False
4,3,215.0,29.9633661,31.0009178,33,1,1,1,1,1,1,0,0,1,65116.27906976744,12,53.75,15.348837209302326,7,16.10616420501588,15.988839917212927,16.01134442508541,False,True,False,True,False,False,False,False,False,False,False,False,False,False,False,False,False,True,False
3,3,165.0,30.09177585,31.6426486,19,0,0,0,1,1,0,0,0,1,59393.93939393939,9,55.0,11.515151515151516,3,15.93111255107345,15.88868261241667,16.066802461833923,False,True,False,True,False,True,False,False,False,False,False,False,False,False,False,False,False,False,False
3,3,250.0,30.0600801,31.5985531,0,0,0,0,0,0,0,0,0,0,72000.0,9,83.33333333333333,0.0,0,16.282847171369255,16.29204904211537,16.066802461833923,False,False,True,False,True,False,False,False,False,False,False,False,False,False,False,True,False,False,False
2,2,120.0,30.9803864,28.7146239,2,0,0,0,0,0,0,0,0,0,54166.666666666664,4,60.0,1.6666666666666667,0,16.345788916607955,15.76142084987672,16.345788916607955,False,True,False,True,False,False,False,False,False,False,False,False,True,False,False,False,False,False,False
4,4,248.0,31.069119,28.232045,49,1,1,1,1,1,1,1,1,1,161290.32258064515,16,62.0,19.758064516129032,9,16.345788916607955,17.6441519761925,16.345788916607955,True,False,False,True,False,False,False,False,False,False,False,False,False,False,False,False,True,False,False
3,3,171.0,30.0350735,30.982366,2,0,0,0,0,0,0,0,0,0,30861.988304093567,9,57.0,1.1695906432748537,0,16.02378508137718,16.15731646026544,16.01134442508541,False,True,False,False,True,True,False,False,False,False,False,False,False,False,False,False,False,False,False
3,2,300.0,30.0298889,31.41647,4,0,0,0,0,0,0,0,0,0,28333.333333333332,6,100.0,1.3333333333333333,0,16.282847171369255,16.29204904211537,16.066802461833923,False,True,False,True,False,True,False,False,False,False,False,False,False,False,False,False,False,False,False
3,3,175.0,30.09177585,31.6426486,4,0,0,0,0,0,0,0,0,0,51428.57142857143,9,58.333333333333336,2.2857142857142856,0,15.93111255107345,15.88868261241667,16.066802461833923,False,True,False,True,False,True,False,False,False,False,False,False,False,False,False,False,False,False,False
3,2,150.0,31.0728268,28.3669755,16,1,0,0,0,1,1,1,0,0,93333.33333333333,6,50.0,10.666666666666666,4,16.345788916607955,15.540504510245132,16.345788916607955,True,False,False,True,False,False,False,True,False,False,False,False,False,False,False,False,False,False,False
2,2,129.0,30.0280803,30.9924099,0,0,0,0,0,0,0,0,0,0,46511.62790697674,4,64.5,0.0,0,16.02378508137718,15.607270193858982,16.01134442508541,False,True,False,True,False,True,False,False,False,False,False,False,False,False,False,False,False,False,False
3,4,250.0,30.0478192,31.5372842,22,1,1,1,1,0,0,1,1,0,114000.0,12,83.33333333333333,8.8,6,16.282847171369255,16.29204904211537,16.066802461833923,False,True,False,True,False,False,False,False,False,False,False,False,False,False,False,False,False,True,False
3,2,127.0,29.904618002313,30.943532807584,0,0,0,0,0,0,0,0,0,0,21259.84251968504,6,42.333333333333336,0.0,0,16.10616420501588,14.826946516816543,16.01134442508541,False,False,True,False,True,True,False,False,False,False,False,False,False,False,False,False,False,False,False
3,3,234.0,29.8561331,30.9018623,3,0,0,0,1,1,1,0,0,0,40598.2905982906,9,78.0,1.2820512820512822,3,16.10616420501588,16.19413042991272,16.01134442508541,False,True,False,True,False,False,False,False,False,False,False,False,False,False,False,False,True,False,False
3,3,140.0,29.9308114,31.0876497,24,1,1,1,1,1,1,1,1,1,43194.642857142855,9,46.666666666666664,17.142857142857142,9,15.279199431073042,15.701270103510215,16.01134442508541,False,True,False,True,False,True,False,False,False,False,False,False,False,False,False,False,False,False,False
5,4,220.0,30.9628937,28.7565892,15,0,0,1,1,1,1,0,0,1,150000.0,20,44.0,6.8181818181818175,5,16.345788916607955,16.785925074816024,16.345788916607955,True,False,False,True,False,False,False,False,False,False,False,False,False,False,False,False,False,True,False
3,1,120.0,27.2579,33.81161,24,0,1,0,1,1,1,0,0,1,23000.0,3,40.0,20.0,5,15.201805169084134,14.837935966150166,16.233206958474412,False,True,False,True,False,True,False,False,False,False,False,False,False,False,False,False,False,False,False
3,2,125.0,31.0821705,28.0283681,7,1,0,0,0,1,1,0,0,1,61424.0,6,41.666666666666664,5.6,4,16.345788916607955,15.853869784785122,16.345788916607955,False,True,False,False,True,False,False,True,False,False,False,False,False,False,False,False,False,False,False
3,2,133.0,29.6727347,32.3374381,48,1,1,1,1,1,1,1,1,1,45112.78195488722,6,44.333333333333336,36.090225563909776,9,15.747032114495013,15.967921456359903,15.747032114495013,False,True,False,True,False,False,False,True,False,False,False,False,False,False,False,False,False,False,False
3,3,152.0,31.075924101513,27.999177422707,0,0,0,0,0,0,0,0,0,0,113157.8947368421,9,50.666666666666664,0.0,0,16.345788916607955,16.264790116464905,16.345788916607955,True,False,False,True,False,False,False,True,False,False,False,False,False,False,False,False,False,False,False
4,4,235.0,29.9842656,31.540594,8,0,0,1,1,0,0,0,0,0,105957.44680851063,16,58.75,3.404255319148936,2,16.282847171369255,16.29204904211537,16.066802461833923,False,True,False,False,True,False,False,False,False,False,False,False,False,False,False,False,True,False,False
3,3,150.0,30.0050838,30.9290455,0,0,0,0,0,0,0,0,0,0,40666.666666666664,9,50.0,0.0,0,16.10616420501588,15.930560647738732,16.01134442508541,False,True,False,False,True,True,False,False,False,False,False,False,False,False,False,False,False,False,False
2,2,150.0,31.0788548,27.9963244,35,1,1,1,1,1,1,1,1,1,46525.1,4,75.0,23.333333333333332,9,16.345788916607955,16.264790116464905,16.345788916607955,False,True,False,True,False,False,False,True,False,False,False,False,False,False,False,False,False,False,False
3,3,154.0,30.0445728,31.0243959,13,0,0,1,0,1,1,0,0,0,73941.55844155845,9,51.333333333333336,8.441558441558442,3,16.02378508137718,16.115740211329367,16.01134442508541,False,True,False,False,True,True,False,False,False,False,False,False,False,False,False,False,False,False,False
3,3,131.0,29.9747601205,31.565092165587,0,0,0,0,0,0,0,0,0,0,86068.70229007634,9,43.666666666666664,0.0,0,16.282847171369255,16.65585283324605,16.066802461833923,False,True,False,True,False,True,False,False,False,False,False,False,False,False,False,False,False,False,False
3,3,180.0,30.99104,30.0537,0,0,0,0,0,0,0,0,0,0,27777.777777777777,9,60.0,0.0,0,16.02378508137718,15.585265227956793,16.01134442508541,False,False,True,False,True,True,False,False,False,False,False,False,False,False,False,False,False,False,False
3,2,140.0,30.117375644047,31.694389648711,31,0,1,1,1,1,0,0,0,1,21785.714285714286,6,46.666666666666664,22.142857142857146,5,16.300417291085605,15.226363919534839,16.066802461833923,False,True,False,False,True,True,False,False,False,False,False,False,False,False,False,False,False,False,False
3,3,295.0,30.07349031,31.60085522,12,0,1,1,0,1,1,0,0,1,71186.44067796611,9,98.33333333333333,4.067796610169491,5,16.282847171369255,16.29204904211537,16.066802461833923,False,True,False,True,False,False,False,False,False,False,False,False,False,False,False,False,True,False,False
5,4,303.0,29.9842656,31.540594,2,0,0,0,0,1,0,0,0,1,122112.21122112211,20,60.6,0.6600660066006601,2,16.282847171369255,16.29204904211537,16.066802461833923,False,True,False,True,False,False,False,False,False,False,False,False,False,False,False,False,True,False,False
4,4,395.0,31.21536,29.94034,3,0,0,0,0,0,0,0,0,0,39240.50632911392,16,98.75,0.7594936708860759,0,15.830413711839864,15.754226482185867,15.851522672265068,False,True,False,True,False,True,False,False,False,False,False,False,False,False,False,False,False,False,False
3,4,264.0,30.0466368,31.6336039,14,0,1,1,1,0,0,0,0,0,41098.48484848485,12,88.0,5.303030303030303,3,15.82707481102028,16.257857680289998,16.066802461833923,False,True,False,True,False,False,False,False,False,False,False,False,False,False,False,True,False,False,False
3,3,158.0,30.06229462,30.91045572,22,1,1,1,1,0,0,1,1,0,32911.39240506329,9,52.666666666666664,13.924050632911392,6,16.02378508137718,15.332987272471732,16.01134442508541,False,True,False,False,True,True,False,False,False,False,False,False,False,False,False,False,False,False,False
3,4,212.0,30.0941611,31.7041108,9,0,1,0,1,0,1,0,0,0,79567.9103773585,12,70.66666666666667,4.245283018867925,3,15.82707481102028,15.793051943818522,16.066802461833923,False,True,False,False,True,False,False,False,False,False,False,False,False,False,False,True,False,False,False
2,2,121.0,29.990186,31.53627878,14,1,1,1,1,1,1,0,0,1,54545.454545454544,4,60.5,11.570247933884298,7,16.282847171369255,16.29204904211537,16.066802461833923,False,True,False,False,True,True,False,False,False,False,False,False,False,False,False,False,False,False,False
3,3,235.0,30.06805,31.406379,35,0,1,1,1,1,1,0,0,1,70280.85106382979,9,78.33333333333333,14.893617021276595,6,16.282847171369255,16.489659276356317,16.066802461833923,False,True,False,True,False,False,False,False,False,False,False,False,False,False,False,True,False,False,False
3,4,281.0,29.9875186,31.5555302,14,0,1,0,1,1,1,0,0,1,78291.81494661921,12,93.66666666666667,4.98220640569395,5,16.282847171369255,16.29204904211537,16.066802461833923,False,True,False,True,False,False,False,False,False,False,False,False,False,False,False,True,False,False,False
3,4,165.0,31.0930626,27.9293325,9,0,0,0,0,1,1,0,0,0,175757.57575757575,12,55.0,5.454545454545455,2,16.345788916607955,16.264790116464905,16.345788916607955,False,True,False,False,True,False,False,False,False,False,False,False,False,False,False,True,False,False,False
3,3,160.0,30.16528,31.68815,5,0,0,1,0,0,0,0,0,0,70625.0,9,53.333333333333336,3.125,1,16.300417291085605,15.684231222649434,16.066802461833923,False,True,False,True,False,True,False,False,False,False,False,False,False,False,False,False,False,False,False
4,4,237.0,30.1218272,31.6481835,0,0,0,0,0,0,0,0,0,0,49367.08860759494,16,59.25,0.0,0,16.088423555642784,15.890818693880256,16.066802461833923,False,True,False,False,True,False,False,False,False,False,False,False,False,False,False,True,False,False,False
4,4,461.0,30.0600801,31.5985531,13,1,1,1,0,0,0,0,0,0,169197.39696312364,16,115.25,2.8199566160520604,3,16.282847171369255,16.29204904211537,16.066802461833923,False,True,False,False,True,False,False,False,False,False,False,False,False,False,False,False,False,True,False
5,4,300.0,30.9447479,28.7978345,0,0,0,0,0,0,0,0,0,0,50000.0,20,60.0,0.0,0,16.345788916607955,16.785925074816024,16.345788916607955,True,False,False,True,False,False,False,True,False,False,False,False,False,False,False,False,False,False,False
2,2,100.0,27.2579,33.81161,9,0,0,0,0,0,0,1,0,0,77000.0,4,50.0,9.0,1,15.201805169084134,15.917782357630685,16.233206958474412,False,False,True,False,True,False,False,False,False,False,False,False,False,False,False,False,False,False,True
2,2,148.0,30.0259103,31.5359166,0,0,0,0,0,0,0,0,0,0,68918.91891891892,4,74.0,0.0,0,16.282847171369255,16.29204904211537,16.066802461833923,False,True,False,True,False,True,False,False,False,False,False,False,False,False,False,False,False,False,False
5,5,375.0,30.2013484,31.6804732,24,0,1,1,1,1,1,0,0,0,66666.66666666667,25,75.0,6.4,5,16.088423555642784,16.15957650726579,16.066802461833923,False,False,True,True,False,False,False,False,False,False,False,False,False,False,False,False,False,True,False
2,2,110.0,30.068527462055,31.64004459621,16,1,1,0,0,0,0,1,1,0,65172.72727272727,4,55.0,14.545454545454545,4,15.82707481102028,16.06690771944096,16.066802461833923,False,True,False,False,True,True,False,False,False,False,False,False,False,False,False,False,False,False,False
3,2,135.0,29.98644,31.16651,15,0,0,1,1,1,0,0,0,1,18888.88888888889,6,45.0,11.11111111111111,4,14.88022163978423,14.751604309291395,16.01134442508541,False,True,False,True,False,False,False,False,False,False,False,False,False,False,False,False,False,True,False
1,1,95.0,29.9978985,31.63101061,18,0,1,1,1,1,0,0,0,0,84210.52631578948,1,95.0,18.947368421052634,4,15.616501940217244,15.607270193858982,16.066802461833923,False,True,False,True,False,True,False,False,False,False,False,False,False,False,False,False,False,False,False
3,3,247.0,30.0662855,31.4744728,10,0,1,1,0,0,0,0,0,0,76923.07692307692,9,82.33333333333333,4.048582995951417,2,16.282847171369255,16.29204904211537,16.066802461833923,False,True,False,True,False,True,False,False,False,False,False,False,False,False,False,False,False,False,False
2,2,143.0,30.04019814144,31.539969035582,9,0,0,1,0,0,0,0,0,0,72989.16083916085,4,71.5,6.293706293706294,1,16.282847171369255,16.29204904211537,16.066802461833923,False,False,True,True,False,True,False,False,False,False,False,False,False,False,False,False,False,False,False
3,2,190.0,31.24099,29.96487,5,0,0,0,0,0,1,0,0,0,34210.52631578947,6,63.333333333333336,2.6315789473684212,1,15.687312888712007,15.687312888712007,15.851522672265068,False,True,False,True,False,True,False,False,False,False,False,False,False,False,False,False,False,False,False
3,3,140.0,30.084482192642,30.963006624909,18,0,0,1,1,1,1,0,0,1,85714.28571428571,9,46.666666666666664,12.857142857142858,5,16.02378508137718,16.759949589762293,16.01134442508541,False,True,False,True,False,True,False,False,False,False,False,False,False,False,False,False,False,False,False
3,2,131.0,31.2155235,29.9420061,0,0,0,0,0,0,0,0,0,0,35877.86259541985,6,43.666666666666664,0.0,0,15.830413711839864,15.805301014415544,15.851522672265068,False,True,False,False,True,True,False,False,False,False,False,False,False,False,False,False,False,False,False
1,2,85.0,31.1956859,27.554789,11,1,0,1,0,0,0,0,0,0,123529.41176470589,2,85.0,12.941176470588236,2,16.345788916607955,17.361900302320812,16.345788916607955,False,True,False,False,True,False,False,True,False,False,False,False,False,False,False,False,False,False,False
3,2,125.0,29.39286,32.5399151,6,1,0,0,0,0,0,0,0,0,41200.0,6,41.666666666666664,4.8,1,15.747032114495013,16.15731646026544,15.747032114495013,False,True,False,False,True,False,False,True,False,False,False,False,False,False,False,False,False,False,False
3,3,176.0,30.0550268,31.3366903,42,1,1,1,1,1,1,1,1,1,107954.54545454546,9,58.666666666666664,23.863636363636363,9,16.345788916607955,16.264790116464905,16.345788916607955,False,True,False,False,True,False,False,True,False,False,False,False,False,False,False,False,False,False,False
5,5,600.0,30.9447479,28.7978345,20,1,0,1,1,1,1,1,0,1,66666.66666666667,25,120.0,3.3333333333333335,7,16.345788916607955,16.785925074816024,16.345788916607955,False,True,False,True,False,False,False,False,False,False,False,False,False,False,False,False,False,True,False
6,5,371.0,30.0057578,31.036498,45,1,1,1,1,1,1,1,1,1,46388.14016172507,30,61.833333333333336,12.129380053908356,9,16.10616420501588,16.938854599626616,16.01134442508541,False,True,False,True,False,False,False,False,False,False,False,False,False,False,False,False,True,False,False
3,2,185.0,30.14421,31.63972,4,0,0,0,0,0,0,0,0,0,18513.513513513513,6,61.666666666666664,2.162162162162162,0,16.088423555642784,15.35237799261728,16.066802461833923,False,True,False,False,True,True,False,False,False,False,False,False,False,False,False,False,False,False,False
1,1,62.0,30.068527462055,31.64004459621,26,0,1,0,1,1,1,1,1,1,79241.93548387097,1,62.0,41.935483870967744,7,15.82707481102028,16.06690771944096,16.066802461833923,False,True,False,False,True,True,False,False,False,False,False,False,False,False,False,False,False,False,False
2,1,97.0,30.078762187131,31.473255,0,0,0,0,0,0,0,0,0,0,64948.45360824742,2,48.5,0.0,0,16.282847171369255,16.29204904211537,16.066802461833923,False,True,False,True,False,True,False,False,False,False,False,False,False,False,False,False,False,False,False
4,4,520.0,30.8627527,29.27810085,22,1,1,1,1,0,1,1,1,0,48076.92307692308,16,130.0,4.230769230769231,7,16.345788916607955,16.016547844430676,16.345788916607955,False,False,True,True,False,False,False,False,False,False,False,False,False,False,False,False,False,True,False
4,4,200.0,30.0050838,30.9290455,20,1,1,1,1,1,1,1,1,1,44350.0,16,50.0,10.0,9,16.10616420501588,15.930560647738732,16.01134442508541,False,False,True,True,False,False,False,False,False,False,False,False,False,False,False,False,False,False,True
3,4,360.0,30.0000227,31.0342844,5,0,0,0,0,1,1,0,0,0,83333.33333333333,12,120.0,1.3888888888888888,2,16.10616420501588,17.216707972959764,16.01134442508541,False,True,False,True,False,False,False,False,False,False,False,False,False,False,False,False,True,False,False
3,2,125.0,31.082957585789,28.032116949628,22,1,1,1,1,1,1,1,1,1,40000.0,6,41.666666666666664,17.6,9,16.345788916607955,16.264790116464905,16.345788916607955,False,False,True,False,True,False,False,True,False,False,False,False,False,False,False,False,False,False,False
4,3,174.0,30.005083,30.9699516,9,1,1,1,0,0,0,0,0,0,74712.64367816092,12,43.5,5.172413793103448,3,16.10616420501588,16.29693295701031,16.01134442508541,False,True,False,True,False,True,False,False,False,False,False,False,False,False,False,False,False,False,False
3,3,130.0,31.0724538,28.2011747,22,1,1,1,1,1,1,1,1,1,53846.153846153844,9,43.333333333333336,16.923076923076923,9,16.345788916607955,16.264790116464905,16.345788916607955,False,False,True,True,False,False,False,True,False,False,False,False,False,False,False,False,False,False,False
2,1,82.0,30.096464,31.6670565,22,0,0,0,0,1,1,0,0,1,70731.70731707317,2,41.0,26.82926829268293,3,15.93111255107345,16.118095750958314,16.066802461833923,False,True,False,True,False,True,False,False,False,False,False,False,False,False,False,False,False,False,False
3,2,117.0,29.9391835,31.0267927,31,0,1,1,1,1,1,1,1,1,46153.846153846156,6,39.0,26.495726495726498,8,16.10616420501588,15.656740161647143,16.01134442508541,False,True,False,False,True,True,False,False,False,False,False,False,False,False,False,False,False,False,False
2,2,140.0,30.825496224786,29.011091879144,6,0,0,0,1,0,1,0,0,1,66214.28571428571,4,70.0,4.285714285714286,3,16.345788916607955,15.76142084987672,16.345788916607955,False,True,False,False,True,False,False,True,False,False,False,False,False,False,False,False,False,False,False
3,2,109.0,30.09177585,31.6426486,3,0,0,0,0,0,0,0,0,0,69348.62385321101,6,36.333333333333336,2.7522935779816513,0,15.93111255107345,15.88868261241667,16.066802461833923,False,True,False,True,False,True,False,False,False,False,False,False,False,False,False,False,False,False,False
3,3,360.0,30.06603,31.48561,10,0,0,1,1,1,1,0,0,1,77777.77777777778,9,120.0,2.7777777777777777,5,16.282847171369255,15.86963441986494,16.066802461833923,False,True,False,True,False,False,False,False,False,False,False,False,False,False,False,False,False,True,False
2,2,138.0,30.090647810305,31.377698496569,14,1,1,0,1,1,0,0,0,1,52173.913043478264,4,69.0,10.144927536231885,5,15.803385043104912,15.803385043104912,16.066802461833923,False,True,False,True,False,True,False,False,False,False,False,False,False,False,False,False,False,False,False
3,5,280.0,30.0029471,31.595582,21,1,1,1,1,0,0,1,1,0,76785.71428571429,15,93.33333333333333,7.500000000000001,6,15.616501940217244,16.956410275190038,16.066802461833923,False,True,False,True,False,False,False,False,False,False,False,False,False,False,False,False,False,True,False
2,1,134.0,30.8365625,28.9590625,20,1,1,1,1,0,0,1,1,0,74626.86567164179,2,67.0,14.925373134328357,6,16.345788916607955,15.76142084987672,16.345788916607955,True,False,False,True,False,True,False,False,False,False,False,False,False,False,False,False,False,False,False
6,6,312.0,30.0102788,31.5379067,0,0,0,0,0,0,0,0,0,0,98717.94871794872,36,52.0,0.0,0,16.282847171369255,16.29204904211537,16.066802461833923,False,True,False,True,False,False,False,False,False,False,False,False,False,False,False,False,False,True,False
3,3,175.0,29.96838486,31.78096352,26,1,1,1,1,1,0,1,1,1,39259.0,9,58.333333333333336,14.857142857142858,8,15.616501940217244,15.47387486262937,16.066802461833923,False,True,False,False,True,True,False,False,False,False,False,False,False,False,False,False,False,False,False
4,5,520.0,27.631819579758,31.179296956131,16,0,0,1,1,0,0,0,0,0,93000.0,20,130.0,3.0769230769230766,2,16.345788916607955,16.910315723477588,16.345788916607955,False,True,False,True,False,False,False,False,False,False,False,False,False,False,False,False,False,True,False
3,3,200.0,30.0102788,31.5379067,22,1,1,1,1,0,0,1,1,0,90000.0,9,66.66666666666667,11.0,6,16.282847171369255,16.29204904211537,16.066802461833923,False,True,False,True,False,True,False,False,False,False,False,False,False,False,False,False,False,False,False
1,1,50.0,30.06229462,30.91045572,26,1,1,1,1,1,1,0,1,1,41520.0,1,50.0,52.0,8,16.02378508137718,15.332987272471732,16.01134442508541,False,True,False,False,True,True,False,False,False,False,False,False,False,False,False,False,False,False,False
2,3,140.0,30.99104,30.0537,16,0,0,0,0,1,1,0,0,1,53571.42857142857,6,70.0,11.428571428571429,3,16.02378508137718,15.585265227956793,16.01134442508541,False,False,True,False,True,True,False,False,False,False,False,False,False,False,False,False,False,False,False
3,3,181.0,29.9633661,31.0009178,43,1,1,1,1,1,1,1,1,1,49723.756906077346,9,60.333333333333336,23.756906077348066,9,16.10616420501588,15.988839917212927,16.01134442508541,False,True,False,True,False,True,False,False,False,False,False,False,False,False,False,False,False,False,False
3,3,140.0,31.0649126,28.3512918,24,1,1,1,1,1,1,1,1,1,81428.57142857143,9,46.666666666666664,17.142857142857142,9,16.345788916607955,16.454772000503617,16.345788916607955,False,True,False,False,True,False,False,True,False,False,False,False,False,False,False,False,False,False,False
3,5,453.0,30.2013484,31.6804732,8,0,0,1,1,0,0,0,0,0,54304.6357615894,15,151.0,1.7660044150110374,2,16.088423555642784,16.15957650726579,16.066802461833923,False,True,False,True,False,False,False,False,False,False,False,False,False,False,False,False,False,True,False
2,2,115.0,26.9817908,33.8615265,47,1,1,1,1,1,1,1,1,1,97739.13043478261,4,57.5,40.869565217391305,9,16.801192546169812,16.652330986156194,16.233206958474412,False,True,False,False,True,False,False,True,False,False,False,False,False,False,False,False,False,False,False
2,2,127.0,30.0758544,31.4716547,11,0,1,0,1,1,1,0,0,0,78346.45669291339,4,63.5,8.661417322834646,4,16.282847171369255,16.489659276356317,16.066802461833923,False,True,False,False,True,True,False,False,False,False,False,False,False,False,False,False,False,False,False
5,4,240.0,30.0941611,31.7041108,22,1,1,1,1,1,0,0,0,1,33333.333333333336,20,48.0,9.166666666666668,6,15.82707481102028,15.793051943818522,16.066802461833923,False,True,False,True,False,False,False,False,False,False,False,False,False,False,False,False,False,True,False
3,3,170.0,30.9628937,28.7565892,15,1,1,1,1,0,0,0,1,0,170588.23529411765,9,56.666666666666664,8.823529411764707,5,16.345788916607955,16.785925074816024,16.345788916607955,True,False,False,True,False,False,False,True,False,False,False,False,False,False,False,False,False,False,False
2,3,125.0,30.068527462055,31.64004459621,27,1,1,1,1,1,0,1,1,1,63136.0,6,62.5,21.6,8,15.82707481102028,16.06690771944096,16.066802461833923,False,True,False,False,True,True,False,False,False,False,False,False,False,False,False,False,False,False,False
3,3,162.0,30.0139101,31.5062339,0,0,0,0,0,0,0,0,0,0,230000.0,9,54.0,0.0,0,16.282847171369255,16.29204904211537,16.066802461833923,False,True,False,True,False,True,False,False,False,False,False,False,False,False,False,False,False,False,False
3,3,287.0,29.9867592,31.0759352,19,1,0,0,1,1,1,0,0,0,46515.679442508714,9,95.66666666666667,6.620209059233449,4,16.10616420501588,16.300417291085605,16.01134442508541,False,False,True,True,False,False,False,False,False,False,False,False,False,False,False,False,False,False,True
3,3,210.0,29.9924715,30.8920785,4,0,0,0,1,1,1,0,0,0,50990.47619047619,9,70.0,1.9047619047619047,3,16.10616420501588,16.360729622918004,16.01134442508541,False,True,False,False,True,False,False,False,False,False,False,False,False,False,False,True,False,False,False
2,2,144.0,30.032755,31.4620516,4,0,0,0,0,0,0,0,0,0,36805.555555555555,4,72.0,2.7777777777777777,0,16.282847171369255,16.29204904211537,16.066802461833923,False,True,False,True,False,True,False,False,False,False,False,False,False,False,False,False,False,False,False
3,4,196.0,29.980785898065,31.790816010333,33,1,1,1,1,1,0,1,1,1,70153.0612244898,12,65.33333333333333,16.836734693877553,8,15.616501940217244,15.387613514087482,16.066802461833923,False,True,False,False,True,False,False,False,False,False,False,False,False,False,False,True,False,False,False
3,2,150.0,30.06805,31.406379,0,0,0,0,0,0,0,0,0,0,63333.333333333336,6,50.0,0.0,0,16.282847171369255,16.489659276356317,16.066802461833923,False,True,False,True,False,True,False,False,False,False,False,False,False,False,False,False,False,False,False
3,2,200.0,31.0724538,28.2011747,13,0,0,1,1,0,0,0,0,0,110000.0,6,66.66666666666667,6.5,2,16.345788916607955,16.264790116464905,16.345788916607955,False,False,True,True,False,False,False,False,False,False,False,False,False,False,False,False,False,True,False
2,2,130.0,30.095655324801,31.634948228684,15,1,1,1,0,1,1,0,0,1,43646.153846153844,4,65.0,11.538461538461538,6,15.82707481102028,15.704245637578751,16.066802461833923,False,True,False,False,True,True,False,False,False,False,False,False,False,False,False,False,False,False,False
3,3,208.0,30.118908615659,31.652102804902,0,0,0,0,0,0,0,0,0,0,43269.230769230766,9,69.33333333333333,0.0,0,16.088423555642784,15.899927389451875,16.066802461833923,False,True,False,True,False,False,False,False,False,False,False,False,True,False,False,False,False,False,False
5,4,320.0,30.9628937,28.7565892,0,0,0,0,0,0,0,0,0,0,196875.0,20,64.0,0.0,0,16.345788916607955,16.785925074816024,16.345788916607955,True,False,False,True,False,False,False,False,False,False,False,False,False,False,False,False,False,True,False
3,4,346.0,30.09177585,31.6426486,0,0,0,0,0,0,0,0,0,0,78034.68208092486,12,115.33333333333333,0.0,0,15.93111255107345,15.88868261241667,16.066802461833923,False,True,False,True,False,False,False,False,False,False,False,False,False,False,False,False,False,True,False
2,2,139.0,31.213279420695,29.952695063833,5,0,0,0,0,0,1,0,0,0,52517.98561151079,4,69.5,3.5971223021582737,1,15.830413711839864,15.803385043104912,15.851522672265068,False,True,False,True,False,True,False,False,False,False,False,False,False,False,False,False,False,False,False
3,2,121.0,30.06603,31.48561,50,1,1,1,1,1,1,1,1,1,64462.80991735537,6,40.333333333333336,41.32231404958678,9,16.282847171369255,15.86963441986494,16.066802461833923,True,False,False,True,False,True,False,False,False,False,False,False,False,False,False,False,False,False,False
2,2,92.0,31.082957585789,28.032116949628,27,1,1,0,0,1,1,1,1,1,82173.91304347826,4,46.0,29.34782608695652,7,16.345788916607955,16.264790116464905,16.345788916607955,False,True,False,False,True,False,False,True,False,False,False,False,False,False,False,False,False,False,False
3,2,175.0,31.23369,29.94885,7,0,0,0,0,1,1,0,0,0,42857.142857142855,6,58.333333333333336,4.0,2,15.881089952544304,15.881089952544304,15.851522672265068,False,True,False,True,False,True,False,False,False,False,False,False,False,False,False,False,False,False,False
4,4,224.0,29.9779855,31.7467774,0,0,0,0,0,0,0,0,0,0,49553.57142857143,16,56.0,0.0,0,15.616501940217244,15.671808704579888,16.066802461833923,False,True,False,True,False,False,False,False,False,False,False,False,False,False,False,False,False,True,False
10,6,450.0,31.000360408051,30.006912715294,0,0,0,0,0,0,0,0,0,0,35555.555555555555,60,45.0,0.0,0,16.10616420501588,16.588099342704055,16.01134442508541,False,True,False,True,False,False,False,False,False,False,False,False,False,False,False,False,True,False,False
4,3,250.0,30.057,31.20041,44,0,1,1,0,1,1,0,0,1,52000.0,12,62.5,17.6,5,16.01118965047076,16.01118965047076,16.01134442508541,False,True,False,True,False,True,False,False,False,False,False,False,False,False,False,False,False,False,False
3,3,150.0,29.1853853,32.6326142,18,1,1,1,1,1,1,1,1,1,60000.0,9,50.0,12.0,9,15.747032114495013,16.012735246411598,15.747032114495013,False,True,False,True,False,False,False,True,False,False,False,False,False,False,False,False,False,False,False
3,3,147.0,30.096464,31.6670565,14,0,0,1,0,1,1,0,0,1,68027.21088435374,9,49.0,9.523809523809524,4,15.93111255107345,16.118095750958314,16.066802461833923,False,True,False,True,False,True,False,False,False,False,False,False,False,False,False,False,False,False,False
6,4,240.0,29.9615713,31.2750178,0,0,0,0,0,0,0,0,0,0,37500.0,24,40.0,0.0,0,16.23365160270985,16.012735246411598,16.066802461833923,False,True,False,True,False,True,False,False,False,False,False,False,False,False,False,False,False,False,False
4,4,355.0,29.9924715,30.8920785,18,0,0,0,1,1,1,0,0,0,45070.42253521127,16,88.75,5.070422535211268,3,16.10616420501588,16.360729622918004,16.01134442508541,False,True,False,True,False,False,False,False,False,False,False,False,False,False,False,False,False,True,False
2,1,80.0,29.8849496,30.9159131,6,0,0,1,0,0,0,0,0,0,19625.0,2,40.0,7.5,1,16.10616420501588,14.266586814266963,16.01134442508541,False,True,False,True,False,True,False,False,False,False,False,False,False,False,False,False,False,False,False
3,3,231.0,30.8365625,28.9590625,19,1,1,1,1,0,0,1,1,0,25974.025974025975,9,77.0,8.225108225108224,6,16.345788916607955,15.76142084987672,16.345788916607955,False,True,False,True,False,False,False,True,False,False,False,False,False,False,False,False,False,False,False
7,8,469.0,30.0000227,31.0342844,48,1,1,1,1,1,1,1,1,1,102345.4157782516,56,67.0,10.234541577825158,9,16.10616420501588,17.216707972959764,16.01134442508541,False,True,False,True,False,False,False,False,False,False,False,False,False,False,False,False,False,True,False
3,3,158.0,29.9684182,31.5288907,0,0,0,0,0,0,0,0,0,0,39240.50632911392,9,52.666666666666664,0.0,0,16.282847171369255,16.29204904211537,16.066802461833923,False,True,False,False,True,True,False,False,False,False,False,False,False,False,False,False,False,False,False
3,3,146.0,30.0139101,31.5062339,7,0,0,0,0,1,1,0,0,0,82191.78082191781,9,48.666666666666664,4.794520547945206,2,16.282847171369255,16.29204904211537,16.066802461833923,False,True,False,True,False,False,False,False,False,False,False,False,True,False,False,False,False,False,False
3,2,109.0,30.09177585,31.6426486,47,0,1,1,1,1,1,1,0,1,59633.02752293578,6,36.333333333333336,43.11926605504587,7,15.93111255107345,15.88868261241667,16.066802461833923,False,False,True,True,False,True,False,False,False,False,False,False,False,False,False,False,False,False,False
3,2,146.0,29.9978985,31.63101061,42,1,1,1,1,1,1,1,1,1,27397.260273972603,6,48.666666666666664,28.767123287671232,9,15.616501940217244,15.607270193858982,16.066802461833923,False,True,False,True,False,True,False,False,False,False,False,False,False,False,False,False,False,False,False
3,2,145.0,31.26527,30.00177,3,0,0,0,0,0,0,0,0,0,28965.51724137931,6,48.333333333333336,2.0689655172413794,0,15.08156496579434,15.08156496579434,15.851522672265068,False,True,False,True,False,True,False,False,False,False,False,False,False,False,False,False,False,False,False
3,3,250.0,30.0504169,31.5077373,0,0,0,0,0,0,0,0,0,0,58000.0,9,83.33333333333333,0.0,0,16.282847171369255,16.489659276356317,16.066802461833923,False,False,True,False,True,False,False,False,False,False,False,False,False,False,False,False,False,False,True
3,2,185.0,29.9884249,31.4208019,9,0,0,0,1,0,0,0,0,0,42432.43243243243,6,61.666666666666664,4.864864864864865,1,16.282847171369255,15.79591728085829,16.066802461833923,False,True,False,True,False,True,False,False,False,False,False,False,False,False,False,False,False,False,False
3,3,150.0,29.39286,32.5399151,19,1,1,1,1,1,1,0,0,1,120000.0,9,50.0,12.666666666666666,7,15.747032114495013,16.15731646026544,15.747032114495013,True,False,False,True,False,False,False,False,False,False,False,False,False,False,False,False,True,False,False
7,8,900.0,30.946845,28.803854,0,0,0,0,0,0,0,0,0,0,41111.11111111111,56,128.57142857142858,0.0,0,16.345788916607955,16.785925074816024,16.345788916607955,False,True,False,True,False,False,False,False,False,False,False,False,False,False,False,False,False,True,False
4,4,190.0,30.0050838,30.9290455,13,0,0,1,1,0,0,0,0,0,68421.05263157895,16,47.5,6.842105263157895,2,16.10616420501588,15.930560647738732,16.01134442508541,False,False,True,False,True,False,False,False,False,False,False,False,False,False,False,False,False,False,True
3,3,178.0,30.0662855,31.4744728,16,0,0,0,0,1,0,0,0,1,73033.70786516854,9,59.333333333333336,8.98876404494382,2,16.282847171369255,16.29204904211537,16.066802461833923,False,False,True,True,False,True,False,False,False,False,False,False,False,False,False,False,False,False,False
3,2,160.0,29.954044893872,31.567046406747,50,1,1,1,1,1,1,1,1,1,118750.0,6,53.333333333333336,31.25,9,16.282847171369255,16.200596964551092,16.066802461833923,True,False,False,False,True,True,False,False,False,False,False,False,False,False,False,False,False,False,False
4,3,315.0,30.0920272,31.4838462,10,0,0,0,1,1,1,0,0,0,98285.71428571429,12,78.75,3.174603174603175,3,16.282847171369255,16.489659276356317,16.066802461833923,False,True,False,False,True,False,False,False,False,False,False,False,False,False,False,False,True,False,False
4,4,389.0,30.132614638282,31.629920277912,11,0,0,0,1,1,1,0,0,0,38560.411311053984,16,97.25,2.827763496143959,3,16.088423555642784,16.52356082573315,16.066802461833923,False,True,False,True,False,False,False,False,False,False,False,False,False,False,False,False,False,True,False
1,1,74.0,30.0662855,31.4744728,20,1,1,1,1,0,1,0,1,0,108108.1081081081,1,74.0,27.027027027027028,6,16.282847171369255,16.29204904211537,16.066802461833923,False,True,False,True,False,True,False,False,False,False,False,False,False,False,False,False,False,False,False
3,3,420.0,30.07349031,31.60085522,7,0,0,0,1,1,1,0,0,1,42857.142857142855,9,140.0,1.6666666666666665,4,16.282847171369255,16.29204904211537,16.066802461833923,False,False,True,True,False,False,False,False,False,False,False,False,False,False,False,False,False,True,False
2,1,115.0,30.02834,31.83725,15,0,1,1,1,1,1,0,0,0,30000.0,2,57.5,13.043478260869566,5,15.616501940217244,16.033383700986175,16.066802461833923,False,False,True,False,True,True,False,False,False,False,False,False,False,False,False,False,False,False,False
4,4,183.0,30.1218272,31.6481835,0,0,0,0,0,0,0,0,0,0,36612.0218579235,16,45.75,0.0,0,16.088423555642784,15.890818693880256,16.066802461833923,False,True,False,True,False,False,False,False,False,False,False,False,True,False,False,False,False,False,False
4,4,187.0,31.158448,29.95946,48,1,1,1,1,1,1,1,1,1,149732.6203208556,16,46.75,25.668449197860962,9,16.303695641087522,16.303695641087522,15.851522672265068,False,True,False,True,False,False,False,False,False,False,False,False,False,False,False,False,False,True,False
6,2,370.0,29.98020137937,31.158119106747,12,0,0,0,0,0,1,0,0,0,6756.756756756757,12,61.666666666666664,3.243243243243243,1,14.547138745203274,14.690979711984754,16.01134442508541,False,True,False,True,False,True,False,False,False,False,False,False,False,False,False,False,False,False,False
4,3,260.0,31.23222,29.94942,3,0,0,0,0,0,0,0,0,0,30769.23076923077,12,65.0,1.1538461538461537,0,15.894952224644102,15.894952224644102,15.851522672265068,False,True,False,True,False,True,False,False,False,False,False,False,False,False,False,False,False,False,False
2,1,90.0,30.06603,31.48561,9,0,0,1,0,1,1,0,0,1,53333.333333333336,2,45.0,10.0,4,16.282847171369255,15.86963441986494,16.066802461833923,False,True,False,True,False,True,False,False,False,False,False,False,False,False,False,False,False,False,False
2,3,116.0,30.0600801,31.5985531,9,0,0,0,0,1,1,0,0,0,76786.63793103448,6,58.0,7.758620689655173,2,16.282847171369255,16.29204904211537,16.066802461833923,False,True,False,False,True,True,False,False,False,False,False,False,False,False,False,False,False,False,False
2,2,137.0,31.208442946995,29.939799250338,0,0,0,0,0,0,0,0,0,0,65102.48175182482,4,68.5,0.0,0,15.830413711839864,16.300417291085605,15.851522672265068,False,True,False,False,True,True,False,False,False,False,False,False,False,False,False,False,False,False,False
3,3,175.0,29.99352595,31.5196573,9,0,0,1,1,1,1,0,0,0,31428.571428571428,9,58.333333333333336,5.142857142857143,4,16.282847171369255,16.29204904211537,16.066802461833923,False,True,False,True,False,True,False,False,False,False,False,False,False,False,False,False,False,False,False
4,4,212.0,30.069725035909,31.660034846981,24,1,1,1,1,1,1,1,0,0,84905.6603773585,16,53.0,11.320754716981131,7,15.82707481102028,16.118095750958314,16.066802461833923,False,False,True,False,True,False,False,False,False,False,False,False,False,False,False,False,False,True,False
3,2,138.0,31.2155235,29.9420061,3,0,0,0,0,0,0,0,0,0,53000.0,6,46.0,2.173913043478261,0,15.830413711839864,15.805301014415544,15.851522672265068,False,True,False,False,True,True,False,False,False,False,False,False,False,False,False,False,False,False,False
3,3,182.0,30.822264,28.954285,6,0,0,0,0,0,1,0,0,0,78164.83516483517,9,60.666666666666664,3.2967032967032965,1,16.345788916607955,15.76142084987672,16.345788916607955,False,False,True,True,False,True,False,False,False,False,False,False,False,False,False,False,False,False,False
4,5,250.0,29.9711539,31.7296274,22,1,1,1,1,1,1,1,1,0,44000.0,20,62.5,8.8,8,15.616501940217244,15.687312888712007,16.066802461833923,False,False,True,True,False,False,False,False,False,False,False,False,False,False,False,False,False,True,False
3,3,145.0,30.8365625,28.9590625,8,0,0,1,0,0,0,0,0,0,48275.862068965514,9,48.333333333333336,5.517241379310345,1,16.345788916607955,15.76142084987672,16.345788916607955,False,True,False,True,False,False,False,True,False,False,False,False,False,False,False,False,False,False,False
3,3,140.0,29.9633661,31.0009178,3,0,0,0,0,0,1,0,0,0,61071.42857142857,9,46.666666666666664,2.142857142857143,1,16.10616420501588,15.988839917212927,16.01134442508541,False,True,False,True,False,True,False,False,False,False,False,False,False,False,False,False,False,False,False
4,4,242.0,29.99146941,31.02896271,0,0,0,0,0,0,0,0,0,0,62809.9173553719,16,60.5,0.0,0,16.10616420501588,16.204273438942487,16.01134442508541,False,False,True,False,True,False,False,False,False,False,False,False,False,False,False,False,False,True,False
2,2,101.0,31.08028619097,28.015131024311,23,1,1,1,1,0,0,1,1,0,75742.57425742575,4,50.5,22.77227722772277,6,16.345788916607955,16.264790116464905,16.345788916607955,False,True,False,True,False,False,False,True,False,False,False,False,False,False,False,False,False,False,False
3,3,161.0,30.0468424,30.998248,22,1,1,1,1,0,0,1,1,0,81366.4596273292,9,53.666666666666664,13.664596273291925,6,16.02378508137718,15.862682968241984,16.01134442508541,False,True,False,True,False,True,False,False,False,False,False,False,False,False,False,False,False,False,False
3,3,190.0,30.0050838,30.9290455,42,1,1,1,0,1,1,1,1,1,56052.63157894737,9,63.333333333333336,22.105263157894736,8,16.10616420501588,15.930560647738732,16.01134442508541,False,False,True,True,False,False,False,False,False,False,False,False,False,False,False,False,False,False,True
4,4,294.0,29.95833430058,31.758356812362,15,1,1,1,1,1,0,1,1,0,16466.625850340137,16,73.5,5.1020408163265305,7,15.616501940217244,15.297238039382105,16.066802461833923,False,True,False,False,True,False,False,False,True,False,False,False,False,False,False,False,False,False,False
3,2,140.0,30.09177585,31.6426486,0,0,0,0,0,0,0,0,0,0,54285.71428571428,6,46.666666666666664,0.0,0,15.93111255107345,15.88868261241667,16.066802461833923,False,True,False,True,False,True,False,False,False,False,False,False,False,False,False,False,False,False,False
2,2,145.0,30.02201225,31.3100159,4,0,1,0,1,0,1,0,0,0,102500.0,4,72.5,2.7586206896551726,3,15.830413711839864,16.97569742890161,16.066802461833923,False,False,True,True,False,True,False,False,False,False,False,False,False,False,False,False,False,False,False
5,8,512.0,31.2,29.919,1,0,0,0,0,0,1,0,0,0,73242.1875,40,102.4,0.1953125,1,16.792878483231114,16.263182720601904,15.851522672265068,False,True,False,True,False,False,False,False,False,False,False,False,False,False,False,False,False,True,False
3,2,131.0,30.09177585,31.6426486,23,1,1,1,1,1,0,0,0,1,51526.71755725191,6,43.666666666666664,17.557251908396946,6,15.93111255107345,15.88868261241667,16.066802461833923,False,True,False,True,False,True,False,False,False,False,False,False,False,False,False,False,False,False,False
5,3,300.0,29.9820789,30.9664711,27,0,0,1,0,1,0,0,0,1,25000.0,15,60.0,9.0,3,16.10616420501588,15.830413711839864,16.01134442508541,False,True,False,True,False,True,False,False,False,False,False,False,False,False,False,False,False,False,False
0,1,65.0,31.0952654,27.9249993,3,0,0,0,0,0,0,0,0,0,83076.92307692308,0,60.0,4.615384615384615,0,16.345788916607955,16.264790116464905,16.345788916607955,False,True,False,True,False,False,False,True,False,False,False,False,False,False,False,False,False,False,False
2,2,112.0,30.0941611,31.7041108,8,0,0,1,0,1,1,0,0,0,53571.42857142857,4,56.0,7.142857142857142,3,15.82707481102028,15.793051943818522,16.066802461833923,False,False,True,False,True,True,False,False,False,False,False,False,False,False,False,False,False,False,False
3,3,160.0,30.07349031,31.60085522,23,1,1,1,1,0,1,1,1,0,44375.0,9,53.333333333333336,14.375,7,16.282847171369255,16.29204904211537,16.066802461833923,False,True,False,False,True,True,False,False,False,False,False,False,False,False,False,False,False,False,False
4,4,257.0,30.1218272,31.6481835,9,0,1,1,1,0,1,0,0,0,32684.824902723736,16,64.25,3.5019455252918292,4,16.088423555642784,15.890818693880256,16.066802461833923,False,True,False,True,False,False,False,False,True,False,False,False,False,False,False,False,False,False,False
4,3,225.0,30.02834,31.83725,15,0,1,1,1,1,1,0,0,0,44444.444444444445,12,56.25,6.666666666666667,5,15.616501940217244,16.033383700986175,16.066802461833923,False,False,True,False,True,False,False,False,False,False,False,False,False,False,False,True,False,False,False
4,4,240.0,30.0029471,31.595582,7,0,0,1,0,1,1,0,0,0,69125.0,16,60.0,2.916666666666667,3,15.616501940217244,16.956410275190038,16.066802461833923,False,True,False,True,False,False,False,False,False,False,False,False,False,False,False,False,False,True,False
4,4,219.0,30.0639796,30.8829127,21,1,1,1,1,0,0,1,1,0,178082.19178082192,16,54.75,9.589041095890412,6,16.02378508137718,16.588099342704055,16.01134442508541,False,True,False,True,False,False,False,False,False,False,False,False,False,False,False,False,False,True,False
2,2,166.0,29.9875186,31.5555302,19,1,0,0,1,1,1,0,0,0,69277.10843373495,4,83.0,11.44578313253012,4,16.282847171369255,16.29204904211537,16.066802461833923,False,True,False,True,False,False,False,False,False,False,False,False,True,False,False,False,False,False,False
4,3,205.0,30.084482192642,30.963006624909,19,1,1,1,1,0,0,1,1,0,92682.9268292683,12,51.25,9.26829268292683,6,16.02378508137718,16.759949589762293,16.01134442508541,False,True,False,False,True,False,False,False,False,False,False,False,False,False,False,False,False,True,False
3,3,146.0,31.3543445,27.2373159,26,1,1,1,0,1,0,1,1,1,137979.45205479453,9,48.666666666666664,17.808219178082194,7,16.345788916607955,16.264790116464905,16.345788916607955,False,True,False,False,True,False,False,True,False,False,False,False,False,False,False,False,False,False,False
1,2,98.0,30.051694701504,31.679024895964,11,0,0,1,1,0,0,0,0,0,102040.8163265306,2,98.0,11.224489795918368,2,15.82707481102028,16.300417291085605,16.066802461833923,False,True,False,False,True,True,False,False,False,False,False,False,False,False,False,False,False,False,False
3,4,233.0,30.0102788,31.5379067,2,0,0,0,0,0,0,0,0,0,115879.82832618026,12,77.66666666666667,0.8583690987124464,0,16.282847171369255,16.29204904211537,16.066802461833923,False,True,False,True,False,True,False,False,False,False,False,False,False,False,False,False,False,False,False
2,1,90.0,30.06603,31.48561,0,0,0,0,0,0,0,0,0,0,44444.444444444445,2,45.0,0.0,0,16.282847171369255,15.86963441986494,16.066802461833923,False,True,False,True,False,True,False,False,False,False,False,False,False,False,False,False,False,False,False
2,3,130.0,30.068527462055,31.64004459621,25,0,1,1,0,1,0,1,1,1,62292.307692307695,6,65.0,19.23076923076923,6,15.82707481102028,16.06690771944096,16.066802461833923,False,True,False,False,True,True,False,False,False,False,False,False,False,False,False,False,False,False,False
2,2,117.0,30.86460964,28.93906663,12,0,0,1,1,1,0,0,0,0,65938.05982905983,4,58.5,10.256410256410257,3,16.345788916607955,15.76142084987672,16.345788916607955,False,True,False,True,False,True,False,False,False,False,False,False,False,False,False,False,False,False,False
3,2,151.0,30.0696585,31.5454876,9,0,0,1,1,1,1,0,0,0,25993.37748344371,6,50.333333333333336,5.960264900662252,4,16.282847171369255,16.29204904211537,16.066802461833923,False,False,True,False,True,True,False,False,False,False,False,False,False,False,False,False,False,False,False
3,3,240.0,30.14421,31.63972,12,0,1,1,1,1,1,0,0,0,17083.333333333332,9,80.0,5.0,5,16.088423555642784,15.35237799261728,16.066802461833923,False,True,False,True,False,True,False,False,False,False,False,False,False,False,False,False,False,False,False
3,3,170.0,29.989265,31.0075456,45,1,1,1,1,1,1,1,1,1,36470.58823529412,9,56.666666666666664,26.47058823529412,9,16.10616420501588,15.984548045826063,16.01134442508541,False,True,False,True,False,True,False,False,False,False,False,False,False,False,False,False,False,False,False
3,3,154.0,29.8561331,30.9018623,26,1,1,1,1,1,0,1,1,1,44610.38961038961,9,51.333333333333336,16.883116883116884,8,16.10616420501588,16.19413042991272,16.01134442508541,False,True,False,True,False,True,False,False,False,False,False,False,False,False,False,False,False,False,False
4,6,344.0,30.0808981,31.4880764,5,0,0,0,1,1,1,0,0,0,72674.41860465116,24,86.0,1.4534883720930232,3,16.282847171369255,16.489659276356317,16.066802461833923,False,False,True,True,False,False,False,False,False,False,False,False,False,False,False,False,True,False,False
5,5,887.0,29.7666672,31.0988357,2,0,0,0,0,0,0,0,0,0,38331.45434047351,25,177.4,0.22547914317925594,0,16.101268496405105,16.101268496405105,15.851522672265068,False,True,False,True,False,False,False,False,False,False,False,False,False,False,False,False,False,True,False
4,3,210.0,30.051694701504,31.679024895964,5,0,0,0,1,0,0,0,0,0,133333.33333333334,12,52.5,2.380952380952381,1,15.82707481102028,16.300417291085605,16.066802461833923,False,False,True,False,True,False,False,False,False,False,False,False,False,False,False,False,False,True,False
3,2,230.0,31.21536,29.94034,0,0,0,0,0,0,0,0,0,0,28260.869565217392,6,76.66666666666667,0.0,0,15.830413711839864,15.754226482185867,15.851522672265068,False,True,False,True,False,True,False,False,False,False,False,False,False,False,False,False,False,False,False
2,3,135.0,30.0753933,31.6265648,31,1,1,1,1,1,1,0,0,1,57851.851851851854,6,67.5,22.962962962962962,7,15.82707481102028,16.221521518404195,16.066802461833923,False,False,True,True,False,True,False,False,False,False,False,False,False,False,False,False,False,False,False
3,2,180.0,30.039834439921,31.037566142293,0,0,0,0,0,0,0,0,0,0,22222.222222222223,6,60.0,0.0,0,16.02378508137718,15.201805169084134,16.01134442508541,False,True,False,True,False,True,False,False,False,False,False,False,False,False,False,False,False,False,False
3,4,270.0,30.125082,31.8853002,0,0,0,0,0,0,0,0,0,0,44948.148148148146,12,90.0,0.0,0,15.616501940217244,16.012735246411598,16.066802461833923,False,True,False,False,True,False,False,False,False,False,False,False,False,False,False,False,False,True,False
5,4,246.0,30.163528044741,31.677762679717,12,1,1,1,1,1,1,0,0,0,48231.70731707317,20,49.2,4.878048780487805,6,16.300417291085605,16.066802461833923,16.066802461833923,False,True,False,False,True,False,False,False,False,False,False,False,False,False,False,False,False,True,False
4,4,255.0,29.97070459671,31.796091226155,12,0,1,0,1,0,0,1,1,0,18654.47450980392,16,63.75,4.705882352941177,4,15.616501940217244,15.375105071772207,16.066802461833923,False,True,False,False,True,False,False,False,True,False,False,False,False,False,False,False,False,False,False
4,4,290.0,30.0029471,31.595582,0,0,0,0,0,0,0,0,0,0,34482.75862068965,16,72.5,0.0,0,15.616501940217244,16.956410275190038,16.066802461833923,False,True,False,True,False,False,False,False,False,False,False,False,False,False,False,False,True,False,False
3,3,235.0,31.21536,29.94034,3,0,0,0,0,0,0,0,0,0,50000.0,9,78.33333333333333,1.276595744680851,0,15.830413711839864,15.754226482185867,15.851522672265068,False,True,False,True,False,True,False,False,False,False,False,False,False,False,False,False,False,False,False
5,5,370.0,30.125082,31.8853002,68,1,1,1,1,1,1,1,1,1,83959.05405405405,25,74.0,18.37837837837838,9,15.616501940217244,16.012735246411598,16.066802461833923,False,True,False,False,True,False,False,False,False,False,False,False,False,False,False,False,False,True,False
3,2,169.0,29.989265,31.0075456,45,1,1,1,1,1,1,1,1,1,41420.11834319527,6,56.333333333333336,26.627218934911244,9,16.10616420501588,15.984548045826063,16.01134442508541,True,False,False,False,True,True,False,False,False,False,False,False,False,False,False,False,False,False,False
3,3,146.0,30.002466670503,31.617532735584,14,1,1,0,1,1,1,0,0,0,91396.98630136986,9,48.666666666666664,9.589041095890412,5,15.616501940217244,16.85046359274847,16.066802461833923,False,True,False,False,True,True,False,False,False,False,False,False,False,False,False,False,False,False,False
3,2,237.0,30.8365625,28.9590625,16,1,0,1,1,1,0,0,0,1,37974.6835443038,6,79.0,6.751054852320674,5,16.345788916607955,15.76142084987672,16.345788916607955,False,True,False,True,False,False,False,True,False,False,False,False,False,False,False,False,False,False,False
6,6,296.0,29.550836851327,30.867589850082,9,1,1,1,1,1,1,0,0,0,55722.97297297297,36,49.333333333333336,3.040540540540541,6,16.552148280706213,16.552148280706213,15.851522672265068,False,True,False,False,True,False,False,False,False,False,False,False,False,False,False,False,False,True,False
2,2,85.0,31.0821705,28.0283681,8,1,0,1,0,0,0,0,0,0,87058.82352941176,4,42.5,9.411764705882353,2,16.345788916607955,15.853869784785122,16.345788916607955,True,False,False,True,False,False,False,False,False,False,False,False,True,False,False,False,False,False,False
3,2,127.0,29.905236294667,30.951746569979,13,1,1,0,1,1,0,1,0,1,22100.0,6,42.333333333333336,10.236220472440944,6,15.279199431073042,14.847520330254678,16.01134442508541,False,True,False,False,True,True,False,False,False,False,False,False,False,False,False,False,False,False,False
3,3,190.0,30.0085681,31.3191671,2,0,0,0,0,0,0,0,0,0,22526.315789473683,9,63.333333333333336,1.0526315789473684,0,15.830413711839864,15.269463801202813,16.066802461833923,False,True,False,False,True,True,False,False,False,False,False,False,False,False,False,False,False,False,False
3,2,310.0,30.0347336,30.9935689,7,0,0,0,1,1,1,0,0,1,80645.16129032258,6,103.33333333333333,2.258064516129032,4,16.02378508137718,17.034386422832473,16.01134442508541,False,True,False,True,False,False,False,False,False,False,False,False,False,False,False,False,True,False,False
3,2,107.0,30.09177585,31.6426486,28,0,1,0,0,0,1,0,0,0,55514.01869158878,6,35.666666666666664,26.168224299065418,2,15.93111255107345,15.88868261241667,16.066802461833923,False,True,False,False,True,True,False,False,False,False,False,False,False,False,False,False,False,False,False
4,4,270.0,30.04125845,31.2030406,0,0,0,0,0,0,0,0,0,0,27777.777777777777,16,67.5,0.0,0,15.830413711839864,15.830413711839864,16.01134442508541,False,True,False,True,False,True,False,False,False,False,False,False,False,False,False,False,False,False,False
1,1,77.0,29.954044893872,31.567046406747,24,1,1,1,1,0,1,1,1,0,90909.09090909091,1,77.0,31.16883116883117,7,16.282847171369255,16.200596964551092,16.066802461833923,False,True,False,False,True,True,False,False,False,False,False,False,False,False,False,False,False,False,False
5,5,466.0,29.8561331,30.9018623,11,1,0,1,1,1,1,0,0,0,17167.38197424893,25,93.2,2.360515021459227,5,16.10616420501588,16.19413042991272,16.01134442508541,False,False,True,True,False,False,False,False,False,False,False,False,False,False,False,False,False,True,False
3,2,155.0,30.07582038,31.51507649,7,0,0,1,0,0,1,0,0,0,27516.129032258064,6,51.666666666666664,4.516129032258064,2,16.282847171369255,16.489659276356317,16.066802461833923,False,True,False,False,True,True,False,False,False,False,False,False,False,False,False,False,False,False,False
3,4,215.0,29.9842656,31.540594,6,0,1,1,1,0,0,0,0,0,85581.3953488372,12,71.66666666666667,2.7906976744186047,3,16.282847171369255,16.29204904211537,16.066802461833923,False,True,False,False,True,False,False,False,False,False,False,False,False,False,False,True,False,False,False
3,3,235.0,31.22161,29.9343,3,0,0,0,0,0,0,0,0,0,53191.48936170213,9,78.33333333333333,1.276595744680851,0,16.397903620640314,16.397903620640314,15.851522672265068,False,True,False,True,False,True,False,False,False,False,False,False,False,False,False,False,False,False,False
3,3,170.0,29.989265,31.0075456,38,1,1,1,1,1,1,1,1,1,51764.705882352944,9,56.666666666666664,22.35294117647059,9,16.10616420501588,15.984548045826063,16.01134442508541,False,True,False,True,False,True,False,False,False,False,False,False,False,False,False,False,False,False,False
3,3,139.0,27.3956998,33.6509513,13,0,0,1,1,0,0,0,0,0,143884.89208633095,9,46.333333333333336,9.352517985611511,2,16.807478748496784,16.801192546169812,16.233206958474412,False,True,False,False,True,False,False,True,False,False,False,False,False,False,False,False,False,False,False
1,1,93.0,30.9628937,28.7565892,10,0,0,0,0,1,1,0,0,0,158602.1505376344,1,93.0,10.75268817204301,2,16.345788916607955,16.785925074816024,16.345788916607955,True,False,False,True,False,False,False,True,False,False,False,False,False,False,False,False,False,False,False
3,3,190.0,30.8583492,28.9042079,0,0,0,0,0,0,0,0,0,0,36842.10526315789,9,63.333333333333336,0.0,0,16.345788916607955,15.76142084987672,16.345788916607955,False,True,False,True,False,False,False,True,False,False,False,False,False,False,False,False,False,False,False
5,5,245.0,30.01464,31.20336,10,1,0,1,0,1,1,0,0,0,61224.489795918365,25,49.0,4.081632653061225,4,16.52356082573315,16.52356082573315,16.01134442508541,False,True,False,False,True,True,False,False,False,False,False,False,False,False,False,False,False,False,False
3,3,211.0,30.0468424,30.998248,46,1,1,1,1,1,1,1,1,1,33175.355450236966,9,70.33333333333333,21.80094786729858,9,16.02378508137718,15.862682968241984,16.01134442508541,False,True,False,True,False,True,False,False,False,False,False,False,False,False,False,False,False,False,False
2,2,141.0,29.9903602,31.5105811,50,1,1,1,1,1,1,1,1,1,49645.39007092199,4,70.5,35.46099290780142,9,16.282847171369255,16.29204904211537,16.066802461833923,False,True,False,True,False,True,False,False,False,False,False,False,False,False,False,False,False,False,False
4,4,250.0,31.23222,29.94942,3,0,0,0,0,0,0,0,0,0,60000.0,16,62.5,1.2,0,15.894952224644102,15.894952224644102,15.851522672265068,False,True,False,True,False,False,False,False,True,False,False,False,False,False,False,False,False,False,False
3,2,160.0,30.16528,31.68815,0,0,0,0,0,0,0,0,0,0,40500.0,6,53.333333333333336,0.0,0,16.300417291085605,15.684231222649434,16.066802461833923,False,True,False,False,True,False,False,False,True,False,False,False,False,False,False,False,False,False,False
3,3,221.0,30.166137,31.6680496,42,1,1,1,1,1,1,1,1,1,157398.19004524886,9,73.66666666666667,19.004524886877828,9,16.300417291085605,16.486367704879513,16.066802461833923,False,True,False,False,True,False,False,False,False,False,False,False,False,False,False,True,False,False,False
2,2,130.0,29.951709071432,31.572522435582,0,0,0,0,0,0,0,0,0,0,65384.61538461538,4,65.0,0.0,0,16.282847171369255,16.200596964551092,16.066802461833923,False,False,True,True,False,True,False,False,False,False,False,False,False,False,False,False,False,False,False
1,1,45.0,29.63256,32.33002,49,1,1,1,1,1,1,1,1,1,122977.77777777778,1,45.0,108.88888888888889,9,15.747032114495013,15.526421620030112,15.747032114495013,False,False,True,True,False,False,True,False,False,False,False,False,False,False,False,False,False,False,False
3,2,148.0,30.0091323,31.4297898,0,0,0,0,0,0,0,0,0,0,26351.35135135135,6,49.333333333333336,0.0,0,16.282847171369255,16.29204904211537,16.066802461833923,False,False,True,True,False,True,False,False,False,False,False,False,False,False,False,False,False,False,False
4,4,430.0,29.973206647261,31.235360355157,7,0,0,1,0,0,0,0,0,0,162790.6976744186,16,107.5,1.627906976744186,1,16.23365160270985,16.599428672091523,16.066802461833923,False,False,True,True,False,False,False,False,False,True,False,False,False,False,False,False,False,False,False
3,3,250.0,30.14421,31.63972,11,0,0,1,1,0,0,0,0,0,18000.0,9,83.33333333333333,4.4,2,16.088423555642784,15.35237799261728,16.066802461833923,False,True,False,True,False,True,False,False,False,False,False,False,False,False,False,False,False,False,False
4,4,520.0,30.0436023,31.5405209,12,1,1,0,1,1,1,0,0,0,76923.07692307692,16,130.0,2.3076923076923075,5,16.282847171369255,16.29204904211537,16.066802461833923,False,True,False,True,False,False,False,False,False,False,False,False,False,False,False,False,False,True,False
2,2,115.0,29.4705022,32.4537273,16,1,0,0,1,1,1,0,0,1,49130.434782608696,4,57.5,13.913043478260871,5,15.747032114495013,15.506518023422661,15.747032114495013,False,True,False,True,False,False,False,True,False,False,False,False,False,False,False,False,False,False,False
2,2,118.0,29.759233839418,32.412041535522,16,1,1,1,0,1,1,0,0,1,46610.16949152543,4,59.0,13.559322033898306,6,15.747032114495013,15.520258832020865,15.747032114495013,True,False,False,True,False,False,False,True,False,False,False,False,False,False,False,False,False,False,False
3,3,130.0,30.0009056,30.9008539,35,1,1,1,1,1,1,1,1,1,69230.76923076923,9,43.333333333333336,26.923076923076923,9,16.10616420501588,15.684848316063478,16.01134442508541,False,True,False,True,False,True,False,False,False,False,False,False,False,False,False,False,False,False,False
2,2,130.0,29.9903602,31.5105811,18,1,1,1,1,0,0,1,1,0,61538.46153846154,4,65.0,13.846153846153845,6,16.282847171369255,16.29204904211537,16.066802461833923,False,True,False,False,True,True,False,False,False,False,False,False,False,False,False,False,False,False,False
2,1,150.0,30.108059,31.33825,0,0,0,0,0,0,0,0,0,0,34666.666666666664,2,75.0,0.0,0,15.78142351648329,15.46416937585933,16.066802461833923,False,True,False,True,False,True,False,False,False,False,False,False,False,False,False,False,False,False,False
4,3,210.0,29.9294519,30.9148066,0,0,0,0,0,0,0,0,0,0,16000.0,12,52.5,0.0,0,16.10616420501588,15.027451829558391,16.01134442508541,False,True,False,True,False,True,False,False,False,False,False,False,False,False,False,False,False,False,False
2,2,138.0,31.1903125,27.5931875,14,1,1,1,1,0,0,0,0,0,143478.26086956522,4,69.0,10.144927536231885,4,16.345788916607955,16.87484358496413,16.345788916607955,False,True,False,False,True,False,False,True,False,False,False,False,False,False,False,False,False,False,False
3,2,115.0,27.3956998,33.6509513,35,1,1,1,1,1,0,1,1,1,43478.260869565216,6,38.333333333333336,30.434782608695656,8,16.807478748496784,16.801192546169812,16.233206958474412,False,True,False,True,False,False,False,True,False,False,False,False,False,False,False,False,False,False,False
3,3,145.0,30.0364702,31.5525584,14,1,1,1,1,1,1,0,0,1,50344.8275862069,9,48.333333333333336,9.655172413793103,7,16.282847171369255,16.29204904211537,16.066802461833923,False,True,False,False,True,True,False,False,False,False,False,False,False,False,False,False,False,False,False
3,3,530.0,29.9382418,31.0521456,23,1,1,1,1,1,1,0,0,1,22264.150943396227,9,176.66666666666666,4.339622641509434,7,15.279199431073042,15.687312888712007,16.01134442508541,False,True,False,True,False,False,False,False,False,False,False,False,False,False,False,True,False,False,False
2,3,134.0,30.0478192,31.5372842,6,0,0,1,0,0,0,0,0,0,134328.35820895524,6,67.0,4.477611940298507,1,16.282847171369255,16.29204904211537,16.066802461833923,False,True,False,False,True,True,False,False,False,False,False,False,False,False,False,False,False,False,False
4,2,200.0,29.9961875,30.9120067,5,0,0,0,0,0,0,0,0,0,21250.0,8,50.0,2.5,0,16.10616420501588,15.26242977619469,16.01134442508541,False,True,False,True,False,True,False,False,False,False,False,False,False,False,False,False,False,False,False
5,5,237.0,30.166137,31.6680496,44,1,1,1,1,1,1,1,1,1,42194.09282700422,25,47.4,18.565400843881857,9,16.300417291085605,16.486367704879513,16.066802461833923,False,True,False,False,True,False,False,False,False,False,False,False,False,False,False,False,False,True,False
3,2,185.0,29.95185,31.31256,0,0,0,0,0,0,0,0,0,0,25405.405405405407,6,61.666666666666664,0.0,0,15.230349646082692,15.133793976061913,16.066802461833923,False,True,False,True,False,True,False,False,False,False,False,False,False,False,False,False,False,False,False
2,3,120.0,30.0468424,30.998248,26,1,1,1,1,1,1,1,0,1,58333.333333333336,6,60.0,21.666666666666668,8,16.02378508137718,15.862682968241984,16.01134442508541,False,True,False,True,False,True,False,False,False,False,False,False,False,False,False,False,False,False,False
3,2,160.0,29.9796199,31.7404618,38,1,1,1,1,1,1,1,1,1,46750.0,6,53.333333333333336,23.75,9,15.616501940217244,15.827743483640491,16.066802461833923,False,True,False,True,False,True,False,False,False,False,False,False,False,False,False,False,False,False,False
4,4,208.0,29.9986558,31.426684,4,0,0,0,0,0,0,0,0,0,46394.230769230766,16,52.0,1.923076923076923,0,16.282847171369255,16.489659276356317,16.066802461833923,False,False,True,False,True,False,False,False,True,False,False,False,False,False,False,False,False,False,False
3,3,200.0,30.0726483,30.9654218,28,1,1,1,1,1,1,1,1,1,60000.0,9,66.66666666666667,14.0,9,16.02378508137718,16.300417291085605,16.01134442508541,False,True,False,True,False,True,False,False,False,False,False,False,False,False,False,False,False,False,False
3,3,130.0,31.0665111,28.344066,0,0,0,0,0,0,0,0,0,0,61538.46153846154,9,43.333333333333336,0.0,0,16.345788916607955,15.572773764067886,16.345788916607955,False,True,False,False,True,True,False,False,False,False,False,False,False,False,False,False,False,False,False
3,3,180.0,29.39286,32.5399151,10,1,1,1,1,1,1,0,0,0,83333.33333333333,9,60.0,5.555555555555555,6,15.747032114495013,16.15731646026544,15.747032114495013,False,True,False,True,False,False,False,False,False,False,False,False,False,False,False,False,True,False,False
3,3,231.0,30.8365625,28.9590625,18,0,0,1,0,0,0,0,0,0,42857.142857142855,9,77.0,7.792207792207792,1,16.345788916607955,15.76142084987672,16.345788916607955,False,False,True,True,False,False,False,True,False,False,False,False,False,False,False,False,False,False,False
3,2,160.0,27.2579,33.81161,42,1,1,1,1,1,0,1,1,1,72600.0,6,53.333333333333336,26.25,8,15.201805169084134,14.837935966150166,16.233206958474412,False,True,False,False,True,True,False,False,False,False,False,False,False,False,False,False,False,False,False
4,4,275.0,29.985209678113,31.080067422088,21,1,1,1,1,0,0,0,0,0,138181.81818181818,16,68.75,7.636363636363637,4,16.10616420501588,17.044287736088407,16.01134442508541,False,True,False,True,False,False,False,False,False,False,False,False,False,False,False,False,False,True,False
6,4,355.0,30.076691,30.8767599,29,1,1,1,1,1,1,1,1,1,32394.3661971831,24,59.166666666666664,8.169014084507042,9,16.02378508137718,16.300417291085605,16.01134442508541,False,True,False,True,False,False,False,False,False,False,False,False,False,False,False,False,False,True,False
0,1,45.0,27.2579,33.81161,40,1,1,1,1,1,1,1,1,1,39673.333333333336,0,60.0,88.88888888888889,9,15.201805169084134,14.395097586430847,16.233206958474412,False,True,False,False,True,True,False,False,False,False,False,False,False,False,False,False,False,False,False
3,2,130.0,29.9714981,31.5292007,0,0,0,0,0,0,0,0,0,0,26153.846153846152,6,43.333333333333336,0.0,0,16.282847171369255,16.29204904211537,16.066802461833923,False,True,False,True,False,True,False,False,False,False,False,False,False,False,False,False,False,False,False
3,3,205.0,31.17310014,29.9287022,2,0,0,0,0,1,0,0,0,1,41463.41463414634,9,68.33333333333333,0.9756097560975611,2,16.16000514993119,16.16000514993119,15.851522672265068,False,True,False,False,True,True,False,False,False,False,False,False,False,False,False,False,False,False,False
3,3,182.0,30.06603,31.48561,20,0,1,0,1,1,0,0,0,1,48351.64835164835,9,60.666666666666664,10.989010989010989,4,16.282847171369255,15.86963441986494,16.066802461833923,True,False,False,True,False,True,False,False,False,False,False,False,False,False,False,False,False,False,False
3,3,165.0,30.0696585,31.5454876,12,0,0,0,0,0,1,0,0,0,25515.151515151516,9,55.0,7.272727272727273,1,16.282847171369255,16.29204904211537,16.066802461833923,False,True,False,True,False,True,False,False,False,False,False,False,False,False,False,False,False,False,False
2,2,107.0,29.939662391024,31.564651421584,0,0,0,0,0,0,0,0,0,0,38785.04672897196,4,53.5,0.0,0,16.282847171369255,16.200596964551092,16.066802461833923,False,True,False,False,True,True,False,False,False,False,False,False,False,False,False,False,False,False,False
3,2,108.0,30.09177585,31.6426486,14,0,0,1,1,0,0,0,0,0,67592.5925925926,6,36.0,12.962962962962962,2,15.93111255107345,15.88868261241667,16.066802461833923,False,True,False,True,False,True,False,False,False,False,False,False,False,False,False,False,False,False,False
3,4,205.0,30.0658972,30.8982908,9,0,0,1,0,1,1,1,0,0,112595.12195121951,12,68.33333333333333,4.390243902439025,4,16.02378508137718,16.95456369428629,16.01134442508541,False,True,False,False,True,False,False,False,False,False,False,False,False,False,False,False,True,False,False
4,3,192.0,29.9693233,31.7834684,0,0,0,0,0,0,0,0,0,0,19602.083333333332,12,48.0,0.0,0,15.616501940217244,15.100852141726765,16.066802461833923,False,True,False,False,True,True,False,False,False,False,False,False,False,False,False,False,False,False,False
3,3,173.0,30.06805,31.406379,13,0,1,0,0,1,1,1,1,0,46242.774566473985,9,57.666666666666664,7.514450867052023,5,16.282847171369255,16.489659276356317,16.066802461833923,False,True,False,True,False,True,False,False,False,False,False,False,False,False,False,False,False,False,False
7,5,500.0,30.06805,31.406379,0,0,0,0,0,0,0,0,0,0,46000.0,35,71.42857142857143,0.0,0,16.282847171369255,16.489659276356317,16.066802461833923,False,True,False,True,False,False,False,False,False,False,False,False,False,False,False,False,False,True,False
2,2,116.0,30.078762187131,31.473255,14,1,1,1,1,1,1,0,0,0,73275.86206896552,4,58.0,12.06896551724138,6,16.282847171369255,16.29204904211537,16.066802461833923,False,True,False,True,False,True,False,False,False,False,False,False,False,False,False,False,False,False,False
5,4,280.0,29.9937516,30.9323647,0,0,0,0,0,0,0,0,0,0,12500.0,20,56.0,0.0,0,16.10616420501588,15.109392850014181,16.01134442508541,False,True,False,True,False,True,False,False,False,False,False,False,False,False,False,False,False,False,False
3,3,212.0,29.9633661,31.0009178,12,0,1,1,1,0,0,0,0,0,68113.2075471698,9,70.66666666666667,5.660377358490566,3,16.10616420501588,15.988839917212927,16.01134442508541,False,True,False,True,False,False,False,False,True,False,False,False,False,False,False,False,False,False,False
3,3,211.0,30.0515068,31.4926798,16,0,0,1,0,1,0,0,0,1,48578.1990521327,9,70.33333333333333,7.5829383886255926,3,16.282847171369255,16.29204904211537,16.066802461833923,False,True,False,True,False,True,False,False,False,False,False,False,False,False,False,False,False,False,False
3,3,350.0,30.1371571,31.60633565,6,0,0,0,1,0,0,0,0,0,15714.285714285714,9,116.66666666666667,1.7142857142857142,1,16.088423555642784,15.520258832020865,16.066802461833923,False,True,False,True,False,False,False,False,True,False,False,False,False,False,False,False,False,False,False
2,2,110.0,26.8641416,33.9648764,0,0,0,0,0,0,0,0,0,0,100000.0,4,55.0,0.0,0,16.3394119477972,16.57664092072968,16.233206958474412,False,True,False,True,False,False,False,True,False,False,False,False,False,False,False,False,False,False,False
3,3,175.0,30.0468424,30.998248,18,1,1,1,1,1,0,1,1,1,34285.71428571428,9,58.333333333333336,10.285714285714286,8,16.02378508137718,15.862682968241984,16.01134442508541,False,True,False,True,False,True,False,False,False,False,False,False,False,False,False,False,False,False,False
3,3,176.0,29.904538109113,30.809852337428,10,0,0,0,0,1,1,0,0,0,18050.0,9,58.666666666666664,5.681818181818182,2,16.10616420501588,14.9713852735813,16.01134442508541,False,True,False,False,True,True,False,False,False,False,False,False,False,False,False,False,False,False,False
3,4,277.0,30.0758544,31.4716547,51,1,1,1,1,1,1,1,1,1,165884.47653429603,12,92.33333333333333,18.411552346570396,9,16.282847171369255,16.489659276356317,16.066802461833923,False,True,False,True,False,False,False,False,False,False,False,False,False,False,False,False,True,False,False
3,2,188.0,29.7666672,31.0988357,2,0,0,0,0,1,0,0,0,1,79787.23404255319,6,62.666666666666664,1.0638297872340425,2,16.101268496405105,16.101268496405105,15.851522672265068,False,True,False,True,False,False,False,False,False,False,False,False,False,False,False,False,False,True,False
3,3,215.0,29.9842656,31.540594,15,0,0,1,1,1,1,0,0,1,110641.86046511628,9,71.66666666666667,6.976744186046512,5,16.282847171369255,16.29204904211537,16.066802461833923,False,False,True,True,False,False,False,False,False,False,False,False,False,False,False,False,False,True,False
3,4,153.0,31.0886599,27.9534117,23,1,1,1,1,0,0,1,1,0,117647.05882352941,12,51.0,15.032679738562091,6,16.345788916607955,16.264790116464905,16.345788916607955,True,False,False,True,False,False,False,True,False,False,False,False,False,False,False,False,False,False,False
3,3,180.0,30.0288434,31.4075884,0,0,0,0,0,0,0,0,0,0,171944.44444444444,9,60.0,0.0,0,16.282847171369255,16.29204904211537,16.066802461833923,True,False,False,True,False,True,False,False,False,False,False,False,False,False,False,False,False,False,False
3,2,139.0,30.002466670503,31.617532735584,32,1,1,1,1,1,1,1,1,1,84892.08633093526,6,46.333333333333336,23.021582733812952,9,15.616501940217244,16.85046359274847,16.066802461833923,False,True,False,True,False,True,False,False,False,False,False,False,False,False,False,False,False,False,False
2,1,100.0,30.22834,31.47989,12,0,0,0,0,1,1,0,0,1,23500.0,2,50.0,12.0,3,15.219188824173482,15.29452599349607,16.066802461833923,False,True,False,True,False,True,False,False,False,False,False,False,False,False,False,False,False,False,False
4,4,225.0,30.0053539,30.9913517,0,0,0,0,0,0,0,0,0,0,56000.0,16,56.25,0.0,0,16.10616420501588,16.52356082573315,16.01134442508541,False,False,True,True,False,True,False,False,False,False,False,False,False,False,False,False,False,False,False
2,3,125.0,30.0669117,31.3375553,0,0,0,0,0,0,0,0,0,0,32000.0,6,62.5,0.0,0,15.82707481102028,15.687312888712007,16.066802461833923,False,True,False,True,False,True,False,False,False,False,False,False,False,False,False,False,False,False,False
3,2,140.0,30.07042895,31.64236044,38,1,1,1,1,1,1,1,1,1,69956.25,6,46.666666666666664,27.142857142857146,9,15.82707481102028,16.097267850351507,16.066802461833923,False,True,False,False,True,True,False,False,False,False,False,False,False,False,False,False,False,False,False
3,3,147.0,29.9819025,31.3772485,19,1,1,1,1,1,0,1,1,1,55102.04081632653,9,49.0,12.925170068027212,8,16.087842710858826,16.034714150714915,16.066802461833923,False,True,False,False,True,True,False,False,False,False,False,False,False,False,False,False,False,False,False
3,3,140.0,30.04842577295,31.501481164322,16,0,0,0,0,1,0,0,0,1,74857.14285714286,9,46.666666666666664,11.428571428571429,2,16.282847171369255,16.29204904211537,16.066802461833923,False,False,True,False,True,True,False,False,False,False,False,False,False,False,False,False,False,False,False
4,4,300.0,29.999066529633,31.002288720817,23,1,1,1,1,1,1,0,0,1,64333.333333333336,16,75.0,7.666666666666667,7,16.02378508137718,16.722411672456456,16.01134442508541,False,False,True,True,False,False,False,False,False,False,False,False,False,False,False,False,False,True,False
3,3,101.0,30.8236496,28.9521368,37,1,1,1,1,1,1,0,0,1,54455.44554455446,9,33.666666666666664,36.633663366336634,7,16.345788916607955,16.785925074816024,16.345788916607955,False,True,False,False,True,False,False,True,False,False,False,False,False,False,False,False,False,False,False
0,1,42.0,30.83361005,29.06649948,12,1,1,0,1,1,0,0,0,1,57023.80952380953,0,60.0,28.571428571428573,5,16.345788916607955,15.76142084987672,16.345788916607955,False,True,False,False,True,False,False,True,False,False,False,False,False,False,False,False,False,False,False
3,2,145.0,31.2155235,29.9420061,0,0,0,0,0,0,0,0,0,0,53045.1724137931,6,48.333333333333336,0.0,0,15.830413711839864,15.805301014415544,15.851522672265068,False,True,False,False,True,True,False,False,False,False,False,False,False,False,False,False,False,False,False
3,3,160.0,30.0648376,30.94684,31,1,1,1,1,1,0,1,1,1,38125.0,9,53.333333333333336,19.375,8,16.02378508137718,15.803385043104912,16.01134442508541,False,True,False,True,False,True,False,False,False,False,False,False,False,False,False,False,False,False,False
3,1,120.0,31.21536,29.94034,3,0,0,0,0,0,0,0,0,0,25833.333333333332,3,40.0,2.5,0,15.830413711839864,15.754226482185867,15.851522672265068,False,True,False,True,False,True,False,False,False,False,False,False,False,False,False,False,False,False,False
1,1,75.0,29.970432236857,31.512421359168,3,0,0,0,0,1,1,0,0,0,38666.666666666664,1,75.0,4.0,2,16.282847171369255,15.79591728085829,16.066802461833923,False,True,False,False,True,True,False,False,False,False,False,False,False,False,False,False,False,False,False
3,4,180.0,29.6727347,32.3374381,13,0,0,0,0,1,1,0,0,1,111111.11111111111,12,60.0,7.222222222222222,3,15.747032114495013,15.967921456359903,15.747032114495013,True,False,False,True,False,False,False,False,False,False,False,False,False,False,False,False,False,True,False
3,2,150.0,29.960818253013,31.737367693202,11,0,1,0,0,1,1,0,0,0,15333.333333333334,6,50.0,7.333333333333333,3,15.616501940217244,15.671808704579888,16.066802461833923,False,False,True,True,False,True,False,False,False,False,False,False,False,False,False,False,False,False,False
3,2,120.0,29.3875676,32.5544221,0,0,0,0,0,0,0,0,0,0,76250.0,6,40.0,0.0,0,15.747032114495013,16.066802461833923,15.747032114495013,False,True,False,True,False,False,False,True,False,False,False,False,False,False,False,False,False,False,False
2,2,105.0,29.9678067,31.5159872,5,0,0,0,0,1,0,0,0,0,41904.76190476191,4,52.5,4.761904761904762,1,16.282847171369255,16.29204904211537,16.066802461833923,False,False,True,False,True,True,False,False,False,False,False,False,False,False,False,False,False,False,False
4,4,250.0,31.00763549,29.75773621,22,0,0,0,1,1,0,0,0,1,22000.0,16,62.5,8.8,3,16.18295155698594,15.747032114495013,15.851522672265068,False,True,False,True,False,False,False,False,False,False,False,False,False,False,False,False,False,True,False
3,4,145.0,30.166137,31.6680496,5,0,0,1,1,1,0,0,0,0,56896.55172413793,12,48.333333333333336,3.4482758620689657,3,16.300417291085605,16.486367704879513,16.066802461833923,False,False,True,True,False,True,False,False,False,False,False,False,False,False,False,False,False,False,False
1,1,84.0,29.9978985,31.63101061,0,0,0,0,0,0,0,0,0,0,63095.23809523809,1,84.0,0.0,0,15.616501940217244,15.607270193858982,16.066802461833923,False,True,False,False,True,True,False,False,False,False,False,False,False,False,False,False,False,False,False
4,3,336.0,30.0337305,31.4521864,9,0,0,0,0,0,1,0,0,0,26785.714285714286,12,84.0,2.678571428571429,1,16.282847171369255,16.29204904211537,16.066802461833923,False,True,False,True,False,False,False,False,True,False,False,False,False,False,False,False,False,False,False
2,2,118.0,29.976979,31.7797175,43,1,1,1,1,1,1,1,1,1,51795.0,4,59.0,36.440677966101696,9,15.616501940217244,15.384361031701085,16.066802461833923,True,False,False,False,True,True,False,False,False,False,False,False,False,False,False,False,False,False,False
3,3,200.0,30.9628937,28.7565892,20,1,1,1,1,0,0,1,1,0,140000.0,9,66.66666666666667,10.0,6,16.345788916607955,16.785925074816024,16.345788916607955,False,True,False,True,False,False,False,False,False,False,False,False,False,False,False,True,False,False,False
4,3,203.0,29.91637,31.06103,24,0,0,1,1,1,0,0,0,1,23152.709359605913,12,50.75,11.822660098522169,4,15.279199431073042,15.10749451433816,16.01134442508541,False,True,False,True,False,True,False,False,False,False,False,False,False,False,False,False,False,False,False
2,2,113.0,30.0941611,31.7041108,2,0,0,0,0,1,0,0,0,1,56034.53982300885,4,56.5,1.7699115044247788,2,15.82707481102028,15.793051943818522,16.066802461833923,False,True,False,True,False,True,False,False,False,False,False,False,False,False,False,False,False,False,False
3,4,212.0,30.0870528,31.5124185,26,1,1,1,1,1,1,1,1,1,70754.71698113208,12,70.66666666666667,12.264150943396226,9,16.282847171369255,16.29204904211537,16.066802461833923,False,True,False,True,False,False,False,False,True,False,False,False,False,False,False,False,False,False,False
3,2,130.0,30.8257724,28.9822903,8,0,0,0,1,1,1,0,0,1,69230.76923076923,6,43.333333333333336,6.153846153846153,4,16.345788916607955,15.76142084987672,16.345788916607955,False,False,True,True,False,False,False,True,False,False,False,False,False,False,False,False,False,False,False
3,4,380.0,30.0053539,30.9913517,22,1,1,1,1,1,1,1,1,1,39473.68421052631,12,126.66666666666667,5.7894736842105265,9,16.10616420501588,16.52356082573315,16.01134442508541,False,True,False,True,False,False,False,False,False,False,False,False,False,False,False,True,False,False,False
4,3,220.0,30.0074176,31.4887433,0,0,0,0,0,0,0,0,0,0,122727.27272727272,12,55.0,0.0,0,16.282847171369255,16.29204904211537,16.066802461833923,False,False,True,True,False,False,False,False,False,False,False,False,False,False,False,False,False,True,False
2,3,115.0,29.965514923308,31.571382566528,39,1,1,1,1,1,1,1,1,1,49565.217391304344,6,57.5,33.913043478260875,9,16.282847171369255,16.200596964551092,16.066802461833923,False,True,False,False,True,True,False,False,False,False,False,False,False,False,False,False,False,False,False
2,2,125.0,30.0941611,31.7041108,25,1,1,0,1,1,0,1,1,0,46240.0,4,62.5,20.0,6,15.82707481102028,15.793051943818522,16.066802461833923,False,True,False,True,False,True,False,False,False,False,False,False,False,False,False,False,False,False,False
3,2,175.0,31.0081696,28.608729,12,1,0,1,1,1,0,0,0,1,60000.0,6,58.333333333333336,6.857142857142857,5,16.345788916607955,16.785925074816024,16.345788916607955,False,True,False,False,True,False,False,True,False,False,False,False,False,False,False,False,False,False,False
3,3,210.0,30.22834,31.47989,10,0,0,1,0,0,1,0,0,0,17142.85714285714,9,70.0,4.761904761904762,2,15.219188824173482,15.29452599349607,16.066802461833923,False,True,False,True,False,True,False,False,False,False,False,False,False,False,False,False,False,False,False
3,2,220.0,30.09093,31.32778,0,0,0,0,0,0,0,0,0,0,27272.727272727272,6,73.33333333333333,0.0,0,15.78142351648329,15.607270193858982,16.066802461833923,False,True,False,True,False,True,False,False,False,False,False,False,False,False,False,False,False,False,False
3,4,160.0,30.096464,31.6670565,8,0,0,0,0,0,0,0,0,0,96875.0,12,53.333333333333336,5.0,0,15.93111255107345,16.118095750958314,16.066802461833923,False,True,False,True,False,True,False,False,False,False,False,False,False,False,False,False,False,False,False
3,4,190.0,29.9771006,31.5720476,20,1,1,0,1,1,1,0,0,0,80000.0,12,63.333333333333336,10.526315789473685,5,16.282847171369255,16.200596964551092,16.066802461833923,True,False,False,False,True,False,False,False,True,False,False,False,False,False,False,False,False,False,False
3,3,190.0,29.4120527,32.5114105,12,0,1,0,1,1,1,0,0,0,26052.63157894737,9,63.333333333333336,6.315789473684211,4,15.747032114495013,15.708230141813484,15.747032114495013,False,True,False,True,False,False,False,True,False,False,False,False,False,False,False,False,False,False,False
3,2,164.0,30.07349031,31.60085522,10,0,0,1,1,0,0,0,0,0,48780.48780487805,6,54.666666666666664,6.097560975609756,2,16.282847171369255,16.29204904211537,16.066802461833923,False,False,True,True,False,True,False,False,False,False,False,False,False,False,False,False,False,False,False
1,1,70.0,30.996363,28.6804318,24,1,1,1,1,1,1,0,0,1,71428.57142857143,1,70.0,34.285714285714285,7,16.345788916607955,16.785925074816024,16.345788916607955,True,False,False,True,False,False,False,True,False,False,False,False,False,False,False,False,False,False,False
7,5,551.0,30.02948651,31.48337972,32,1,1,1,1,1,1,1,0,1,79854.80943738658,35,78.71428571428571,5.807622504537205,8,16.282847171369255,16.489659276356317,16.066802461833923,False,True,False,True,False,False,False,False,False,False,False,False,False,False,False,False,False,True,False
3,3,165.0,30.0669117,31.3375553,11,1,1,1,1,1,0,0,0,1,41818.181818181816,9,55.0,6.666666666666667,6,15.82707481102028,15.687312888712007,16.066802461833923,False,True,False,False,True,True,False,False,False,False,False,False,False,False,False,False,False,False,False
4,3,208.0,30.01321,31.48737,7,0,1,1,0,1,1,0,0,0,48076.92307692308,12,52.0,3.3653846153846154,4,16.282847171369255,16.173530452453797,16.066802461833923,False,True,False,True,False,False,False,False,True,False,False,False,False,False,False,False,False,False,False
1,1,61.0,26.8608814,33.944639,6,0,0,1,0,0,1,0,0,0,168852.45901639343,1,61.0,9.836065573770492,2,16.3394119477972,16.189539487919134,16.233206958474412,False,True,False,False,True,True,False,False,False,False,False,False,False,False,False,False,False,False,False
3,3,213.0,30.0760241,30.9783104,23,1,1,1,1,0,1,1,1,0,58685.44600938967,9,71.0,10.7981220657277,7,16.02378508137718,16.29077632722533,16.01134442508541,False,True,False,True,False,False,False,False,False,False,False,False,False,False,False,False,False,True,False
3,3,145.0,30.0050838,30.9290455,0,0,0,0,0,0,0,0,0,0,43586.206896551725,9,48.333333333333336,0.0,0,16.10616420501588,15.930560647738732,16.01134442508541,False,True,False,False,True,True,False,False,False,False,False,False,False,False,False,False,False,False,False
4,4,240.0,30.0364702,31.5525584,0,0,0,0,0,0,0,0,0,0,50058.333333333336,16,60.0,0.0,0,16.282847171369255,16.29204904211537,16.066802461833923,False,False,True,False,True,True,False,False,False,False,False,False,False,False,False,False,False,False,False
4,3,225.0,29.976979,31.7797175,0,0,0,0,0,0,0,0,0,0,40000.0,12,56.25,0.0,0,15.616501940217244,15.384361031701085,16.066802461833923,False,True,False,False,True,False,False,False,False,False,False,False,False,False,False,True,False,False,False
4,5,341.0,31.069119,28.232045,49,1,1,1,1,1,1,1,1,1,134897.36070381233,20,85.25,14.36950146627566,9,16.345788916607955,17.6441519761925,16.345788916607955,True,False,False,False,True,False,False,False,False,False,False,False,False,False,False,False,False,True,False
4,3,380.0,29.99352595,31.5196573,8,0,0,1,0,0,0,0,0,1,11052.631578947368,12,95.0,2.1052631578947367,2,16.282847171369255,16.29204904211537,16.066802461833923,False,True,False,True,False,True,False,False,False,False,False,False,False,False,False,False,False,False,False
1,2,83.0,26.8641416,33.9648764,11,1,1,0,1,1,1,1,1,0,84337.34939759035,2,83.0,13.253012048192772,7,16.3394119477972,16.57664092072968,16.233206958474412,False,False,True,False,True,False,False,True,False,False,False,False,False,False,False,False,False,False,False
3,2,130.0,29.937162226653,31.207581359162,6,0,0,0,0,1,1,0,0,1,55000.0,6,43.333333333333336,4.615384615384615,3,15.830413711839864,15.78262305453032,15.851522672265068,False,True,False,False,True,True,False,False,False,False,False,False,False,False,False,False,False,False,False
3,2,135.0,30.09177585,31.6426486,4,0,0,0,0,1,1,0,0,1,48888.88888888889,6,45.0,2.962962962962963,3,15.93111255107345,15.88868261241667,16.066802461833923,False,True,False,True,False,True,False,False,False,False,False,False,False,False,False,False,False,False,False
5,4,243.0,30.0102788,31.5379067,22,1,1,1,0,1,1,1,1,0,156378.60082304527,20,48.6,9.05349794238683,7,16.282847171369255,16.29204904211537,16.066802461833923,False,True,False,True,False,True,False,False,False,False,False,False,False,False,False,False,False,False,False
3,3,110.0,31.0803125,28.3935625,0,0,0,0,0,0,0,0,0,0,108016.36363636363,9,36.666666666666664,0.0,0,16.345788916607955,16.251962190703544,16.345788916607955,False,False,True,True,False,False,False,True,False,False,False,False,False,False,False,False,False,False,False
3,2,136.0,30.06805,31.406379,28,1,1,1,1,1,1,1,1,1,94669.11764705883,6,45.333333333333336,20.588235294117645,9,16.282847171369255,16.489659276356317,16.066802461833923,False,True,False,False,True,True,False,False,False,False,False,False,False,False,False,False,False,False,False
4,4,200.0,30.0648376,30.94684,44,1,1,1,1,1,1,1,1,1,36500.0,16,50.0,22.0,9,16.02378508137718,15.803385043104912,16.01134442508541,False,True,False,True,False,True,False,False,False,False,False,False,False,False,False,False,False,False,False
3,2,250.0,30.0508728,31.4620273,6,0,0,0,0,0,1,0,0,0,25000.0,6,83.33333333333333,2.4,1,16.282847171369255,16.489659276356317,16.066802461833923,False,True,False,True,False,True,False,False,False,False,False,False,False,False,False,False,False,False,False
5,4,321.0,30.9628937,28.7565892,33,1,1,1,1,0,0,1,1,0,218068.53582554517,20,64.2,10.280373831775702,6,16.345788916607955,16.785925074816024,16.345788916607955,True,False,False,True,False,False,False,False,False,False,False,False,False,False,False,False,False,True,False
4,3,240.0,30.22834,31.47989,10,0,0,1,1,1,1,0,0,0,22291.666666666668,12,60.0,4.166666666666667,4,15.219188824173482,15.29452599349607,16.066802461833923,False,True,False,True,False,False,False,False,True,False,False,False,False,False,False,False,False,False,False
3,3,210.0,30.04842577295,31.501481164322,24,1,1,1,1,1,1,0,0,1,63809.52380952381,9,70.0,11.428571428571429,7,16.282847171369255,16.29204904211537,16.066802461833923,False,True,False,True,False,False,False,False,False,False,False,False,False,False,False,True,False,False,False
3,2,200.0,30.03145,31.34338,7,0,0,1,0,0,1,0,0,0,28500.0,6,66.66666666666667,3.5,2,15.501738199611221,15.519597237722468,16.066802461833923,False,True,False,True,False,True,False,False,False,False,False,False,False,False,False,False,False,False,False
4,5,260.0,30.0941611,31.7041108,15,0,0,1,1,1,1,0,0,1,38461.53846153846,20,65.0,5.769230769230769,5,15.82707481102028,15.793051943818522,16.066802461833923,False,True,False,True,False,False,False,False,False,False,False,False,False,False,False,False,False,True,False
3,4,245.0,30.04842577295,31.501481164322,14,1,1,1,1,1,0,1,1,1,67524.86530612245,12,81.66666666666667,5.7142857142857135,8,16.282847171369255,16.29204904211537,16.066802461833923,False,False,True,False,True,False,False,False,False,False,False,False,False,False,False,False,False,False,True
2,2,88.0,31.0665111,28.344066,13,0,0,1,1,0,0,0,0,0,48863.63636363636,4,44.0,14.772727272727273,2,16.345788916607955,15.572773764067886,16.345788916607955,False,False,True,True,False,False,False,True,False,False,False,False,False,False,False,False,False,False,False
3,3,140.0,29.9714981,31.5292007,16,0,0,0,1,1,1,0,0,1,27500.0,9,46.666666666666664,11.428571428571429,4,16.282847171369255,16.29204904211537,16.066802461833923,False,True,False,True,False,True,False,False,False,False,False,False,False,False,False,False,False,False,False
4,3,250.0,27.855874427197,31.246581787806,16,0,0,1,1,1,1,0,0,1,152000.0,12,62.5,6.4,5,16.345788916607955,16.264790116464905,16.345788916607955,False,False,True,True,False,False,False,False,False,False,False,False,False,False,False,False,False,True,False
1,1,81.0,29.9711539,31.7296274,25,1,1,1,1,1,0,1,1,0,77777.77777777778,1,81.0,30.864197530864196,7,15.616501940217244,15.687312888712007,16.066802461833923,False,True,False,True,False,True,False,False,False,False,False,False,False,False,False,False,False,False,False
3,4,333.0,30.07349031,31.60085522,21,1,1,1,1,1,1,1,1,0,99099.0990990991,12,111.0,6.306306306306306,8,16.282847171369255,16.29204904211537,16.066802461833923,False,True,False,True,False,False,False,False,False,False,False,False,False,False,False,False,False,True,False
3,3,260.0,29.672309,32.357249,5,0,0,0,0,0,0,0,0,0,42307.692307692305,9,86.66666666666667,1.923076923076923,0,15.747032114495013,16.213405921671733,15.747032114495013,True,False,False,True,False,False,False,False,False,False,False,False,False,False,False,False,False,True,False
2,2,203.0,29.990186,31.53627878,14,1,1,1,1,1,1,0,0,1,35467.9802955665,4,101.5,6.8965517241379315,7,16.282847171369255,16.29204904211537,16.066802461833923,False,True,False,False,True,True,False,False,False,False,False,False,False,False,False,False,False,False,False
5,5,480.0,31.0846702,27.9347746,7,0,1,1,1,1,1,0,0,0,47500.0,25,96.0,1.4583333333333335,5,16.345788916607955,16.548253436697504,16.345788916607955,True,False,False,True,False,False,False,False,False,False,False,False,False,False,False,False,False,True,False
4,4,200.0,31.0952654,27.9249993,22,1,1,1,1,0,0,1,1,0,132000.0,16,50.0,11.0,6,16.345788916607955,16.264790116464905,16.345788916607955,False,True,False,False,True,False,False,False,False,False,False,False,False,False,False,True,False,False,False
5,5,340.0,30.0211431,31.0518675,0,0,0,0,0,0,0,0,0,0,77941.17647058824,25,68.0,0.0,0,16.10616420501588,16.705882371415992,16.01134442508541,True,False,False,True,False,False,False,False,False,False,False,False,False,False,False,False,False,True,False
2,2,115.0,29.4705022,32.4537273,18,1,0,0,1,1,1,0,0,1,44782.608695652176,4,57.5,15.65217391304348,5,15.747032114495013,15.506518023422661,15.747032114495013,False,True,False,True,False,False,False,True,False,False,False,False,False,False,False,False,False,False,False
3,3,150.0,28.3758068,31.0726657,5,0,0,0,1,1,1,0,0,0,79966.66666666667,9,50.0,3.3333333333333335,3,16.345788916607955,16.264790116464905,16.345788916607955,True,False,False,False,True,False,False,False,False,False,False,False,False,False,False,True,False,False,False
2,1,159.0,30.9628937,28.7565892,25,1,1,1,1,1,1,0,0,0,122641.50943396226,2,79.5,15.723270440251572,6,16.345788916607955,16.785925074816024,16.345788916607955,False,True,False,True,False,False,False,True,False,False,False,False,False,False,False,False,False,False,False
3,2,110.0,29.7255888,32.3693684,16,1,1,0,0,1,1,0,0,1,43636.36363636364,6,36.666666666666664,14.545454545454545,5,15.747032114495013,15.38412668421143,15.747032114495013,True,False,False,True,False,False,False,True,False,False,False,False,False,False,False,False,False,False,False
3,2,157.0,30.0406426,30.9943418,0,0,0,0,0,0,0,0,0,0,34713.37579617834,6,52.333333333333336,0.0,0,16.02378508137718,15.953426906719912,16.01134442508541,False,True,False,True,False,True,False,False,False,False,False,False,False,False,False,False,False,False,False
5,5,505.0,30.9447479,28.7978345,29,1,1,1,1,1,1,1,1,0,47524.75247524752,25,101.0,5.742574257425742,8,16.345788916607955,16.785925074816024,16.345788916607955,True,False,False,True,False,False,False,False,False,False,False,False,False,False,False,False,False,True,False
4,4,345.0,30.0259103,31.5359166,7,0,0,1,0,0,0,0,0,0,101449.27536231885,16,86.25,2.0289855072463765,1,16.282847171369255,16.29204904211537,16.066802461833923,False,False,True,True,False,False,False,False,False,False,False,False,True,False,False,False,False,False,False
3,3,198.0,30.0669117,31.3375553,14,1,1,0,0,1,1,0,0,0,43939.393939393936,9,66.0,7.070707070707071,4,15.82707481102028,15.687312888712007,16.066802461833923,False,True,False,True,False,True,False,False,False,False,False,False,False,False,False,False,False,False,False
3,3,180.0,31.0952654,27.9249993,32,1,1,1,1,1,1,1,1,0,93333.33333333333,9,60.0,17.77777777777778,8,16.345788916607955,16.264790116464905,16.345788916607955,False,True,False,True,False,False,False,False,False,False,False,False,False,False,False,True,False,False,False
3,3,216.0,29.985869155517,30.923008050923,8,0,0,1,1,0,0,0,0,0,46296.2962962963,9,72.0,3.7037037037037033,2,16.10616420501588,15.732108828607036,16.01134442508541,False,True,False,True,False,True,False,False,False,False,False,False,False,False,False,False,False,False,False
3,2,160.0,30.0639796,30.8829127,18,0,0,1,1,0,0,0,0,0,100000.0,6,53.333333333333336,11.25,2,16.02378508137718,16.588099342704055,16.01134442508541,True,False,False,True,False,True,False,False,False,False,False,False,False,False,False,False,False,False,False
4,5,480.0,30.2013484,31.6804732,15,1,1,1,1,1,0,0,1,1,55208.333333333336,20,120.0,3.125,7,16.088423555642784,16.15957650726579,16.066802461833923,True,False,False,True,False,False,False,False,False,False,False,False,False,False,False,False,False,True,False
4,3,250.0,29.99792889,31.49372067,30,1,1,1,1,1,0,1,1,1,120000.0,12,62.5,12.0,8,16.282847171369255,16.29204904211537,16.066802461833923,False,True,False,True,False,False,False,False,False,False,False,False,False,False,False,True,False,False,False
3,3,197.0,30.9628937,28.7565892,30,1,1,1,1,1,1,1,0,1,167512.69035532995,9,65.66666666666667,15.228426395939087,8,16.345788916607955,16.785925074816024,16.345788916607955,True,False,False,True,False,False,False,True,False,False,False,False,False,False,False,False,False,False,False
1,2,72.0,30.0600801,31.5985531,3,0,0,0,1,1,1,0,0,0,100000.0,2,72.0,4.166666666666667,3,16.282847171369255,16.29204904211537,16.066802461833923,False,True,False,False,True,True,False,False,False,False,False,False,False,False,False,False,False,False,False
3,3,200.0,30.0669117,31.3375553,14,1,1,0,0,1,1,0,0,0,42670.145,9,66.66666666666667,7.0,4,15.82707481102028,15.687312888712007,16.066802461833923,False,True,False,True,False,False,False,False,True,False,False,False,False,False,False,False,False,False,False
4,3,470.0,30.06805,31.406379,8,0,0,0,1,1,1,0,0,1,39099.57234042553,12,117.5,1.702127659574468,4,16.282847171369255,16.489659276356317,16.066802461833923,False,False,True,True,False,False,False,False,False,False,False,False,False,False,False,False,False,True,False
2,2,103.0,30.07814,31.5941829,19,1,1,1,1,1,0,0,0,1,72815.53398058252,4,51.5,18.446601941747574,6,16.282847171369255,16.29204904211537,16.066802461833923,False,True,False,False,True,True,False,False,False,False,False,False,False,False,False,False,False,False,False
2,2,132.0,29.989265,31.0075456,26,1,1,1,1,1,0,1,1,1,34393.93939393939,4,66.0,19.696969696969695,8,16.10616420501588,15.984548045826063,16.01134442508541,False,True,False,True,False,True,False,False,False,False,False,False,False,False,False,False,False,False,False
4,4,434.0,30.166137,31.6680496,29,1,1,1,1,1,0,1,0,1,87557.60368663595,16,108.5,6.682027649769585,7,16.300417291085605,16.486367704879513,16.066802461833923,False,True,False,False,True,False,False,False,False,False,False,False,False,False,False,False,False,True,False
4,3,270.0,29.902223761579,31.058329493253,19,0,0,1,1,0,1,0,0,0,10185.185185185184,12,67.5,7.037037037037036,3,16.10616420501588,14.827111833279051,16.01134442508541,False,True,False,True,False,False,False,False,True,False,False,False,False,False,False,False,False,False,False
3,3,233.0,30.0556215,31.0263428,5,1,1,0,1,1,1,0,0,0,223865.8025751073,9,77.66666666666667,2.1459227467811157,5,16.02378508137718,16.503358119776173,16.01134442508541,False,True,False,False,True,False,False,False,False,False,False,False,False,False,False,False,False,True,False
2,2,130.0,30.07349031,31.60085522,11,0,1,1,0,0,0,0,0,0,55000.0,4,65.0,8.461538461538462,2,16.282847171369255,16.29204904211537,16.066802461833923,False,True,False,True,False,True,False,False,False,False,False,False,False,False,False,False,False,False,False
3,3,145.0,30.0050838,30.9290455,10,1,0,0,0,1,0,0,0,1,36551.724137931036,9,48.333333333333336,6.8965517241379315,3,16.10616420501588,15.930560647738732,16.01134442508541,False,True,False,True,False,True,False,False,False,False,False,False,False,False,False,False,False,False,False
3,2,149.0,30.203621600201,31.646063680947,4,0,0,0,0,0,0,0,0,0,25515.0,6,49.666666666666664,2.684563758389262,0,15.219188824173482,15.150968362481294,16.066802461833923,False,True,False,False,True,True,False,False,False,False,False,False,False,False,False,False,False,False,False
3,3,268.0,30.0648376,30.94684,19,1,1,1,1,0,0,1,1,0,30783.582089552237,9,89.33333333333333,7.08955223880597,6,16.02378508137718,15.803385043104912,16.01134442508541,False,True,False,True,False,False,False,False,False,False,False,False,False,False,False,True,False,False,False
2,1,92.0,30.09177585,31.6426486,13,0,1,0,0,1,1,0,0,0,45652.17391304348,2,46.0,14.130434782608695,3,15.93111255107345,15.88868261241667,16.066802461833923,False,True,False,True,False,True,False,False,False,False,False,False,False,False,False,False,False,False,False
4,4,210.0,28.715620708338,30.978711069679,3,0,0,0,1,1,0,0,0,0,84285.71428571429,16,52.5,1.4285714285714286,2,16.345788916607955,15.795822271763136,16.345788916607955,False,True,False,False,True,False,False,False,False,False,False,False,False,False,False,False,False,True,False
3,3,171.0,30.0445728,31.0243959,47,1,1,1,1,1,1,1,1,1,47953.216374269,9,57.0,27.485380116959064,9,16.02378508137718,16.115740211329367,16.01134442508541,False,False,True,False,True,True,False,False,False,False,False,False,False,False,False,False,False,False,False
3,4,155.0,30.07349031,31.60085522,17,1,1,1,1,0,0,1,1,0,54838.709677419356,12,51.666666666666664,10.96774193548387,6,16.282847171369255,16.29204904211537,16.066802461833923,False,True,False,False,True,True,False,False,False,False,False,False,False,False,False,False,False,False,False
3,3,185.0,29.99352595,31.5196573,0,0,0,0,0,0,0,0,0,0,27027.027027027027,9,61.666666666666664,0.0,0,16.282847171369255,16.29204904211537,16.066802461833923,False,True,False,True,False,True,False,False,False,False,False,False,False,False,False,False,False,False,False
2,3,113.0,29.987953280273,31.449432145062,0,0,0,0,0,0,0,0,0,0,78761.06194690266,6,56.5,0.0,0,16.282847171369255,16.29204904211537,16.066802461833923,False,True,False,True,False,True,False,False,False,False,False,False,False,False,False,False,False,False,False
3,3,175.0,29.980463,31.3854644,7,1,0,0,1,0,1,0,0,0,34285.71428571428,9,58.333333333333336,4.0,3,16.087842710858826,16.185754392890075,16.066802461833923,False,True,False,True,False,True,False,False,False,False,False,False,False,False,False,False,False,False,False
3,3,365.0,29.99352595,31.5196573,12,0,0,1,0,1,0,0,0,1,15232.876712328767,9,121.66666666666667,3.2876712328767126,3,16.282847171369255,16.29204904211537,16.066802461833923,False,True,False,True,False,False,False,False,True,False,False,False,False,False,False,False,False,False,False
2,2,112.0,29.9747601205,31.565092165587,3,0,0,0,0,0,0,0,0,0,80357.14285714286,4,56.0,2.6785714285714284,0,16.282847171369255,16.65585283324605,16.066802461833923,False,True,False,False,True,True,False,False,False,False,False,False,False,False,False,False,False,False,False
3,3,242.0,30.090647810305,31.377698496569,40,1,1,1,1,1,1,1,1,1,72314.04958677686,9,80.66666666666667,16.528925619834713,9,15.803385043104912,15.803385043104912,16.066802461833923,False,True,False,True,False,False,False,False,True,False,False,False,False,False,False,False,False,False,False
8,7,617.0,30.0529708,31.4834647,0,0,0,0,0,0,0,0,0,0,18476.49918962723,56,77.125,0.0,0,16.282847171369255,16.489659276356317,16.066802461833923,False,True,False,True,False,False,False,False,False,False,False,False,False,False,False,False,False,True,False
2,2,89.0,30.09177585,31.6426486,0,0,0,0,0,0,0,0,0,0,48314.606741573036,4,44.5,0.0,0,15.93111255107345,15.88868261241667,16.066802461833923,False,True,False,True,False,True,False,False,False,False,False,False,False,False,False,False,False,False,False
3,3,155.0,30.07349031,31.60085522,12,0,1,1,0,0,1,0,0,0,43870.967741935485,9,51.666666666666664,7.741935483870967,3,16.282847171369255,16.29204904211537,16.066802461833923,False,True,False,True,False,True,False,False,False,False,False,False,False,False,False,False,False,False,False
2,1,80.0,29.9101179,31.0550093,0,0,0,0,0,0,0,0,0,0,22500.0,2,40.0,0.0,0,15.279199431073042,14.403297778421795,16.01134442508541,False,True,False,True,False,True,False,False,False,False,False,False,False,False,False,False,False,False,False
2,1,133.0,26.8608814,33.944639,20,1,0,1,0,1,1,0,0,1,67669.17293233082,2,66.5,15.037593984962406,5,16.3394119477972,16.189539487919134,16.233206958474412,False,True,False,True,False,False,False,True,False,False,False,False,False,False,False,False,False,False,False
4,4,212.0,30.0941611,31.7041108,16,1,1,1,1,0,0,1,1,0,46226.41509433962,16,53.0,7.547169811320754,6,15.82707481102028,15.793051943818522,16.066802461833923,False,True,False,False,True,False,False,False,False,False,False,False,False,False,False,False,False,True,False
3,3,125.0,30.163528044741,31.677762679717,22,1,1,1,1,1,1,1,1,1,76000.0,9,41.666666666666664,17.6,9,16.300417291085605,16.066802461833923,16.066802461833923,False,True,False,True,False,True,False,False,False,False,False,False,False,False,False,False,False,False,False
3,3,175.0,30.9628937,28.7565892,33,1,1,1,1,1,1,1,0,1,171428.57142857142,9,58.333333333333336,18.857142857142858,8,16.345788916607955,16.785925074816024,16.345788916607955,True,False,False,True,False,False,False,False,False,False,False,False,False,False,False,True,False,False,False
4,3,270.0,29.9615409,31.2921356,14,1,0,1,0,0,1,0,0,0,55555.555555555555,12,67.5,5.185185185185185,3,16.23365160270985,16.52356082573315,16.066802461833923,False,True,False,True,False,True,False,False,False,False,False,False,False,False,False,False,False,False,False
6,9,750.0,30.0744463,31.0145387,25,1,1,1,1,1,1,1,1,1,64000.0,54,125.0,3.3333333333333335,9,16.345788916607955,17.6867115897055,16.345788916607955,False,True,False,True,False,False,False,False,False,False,False,False,False,False,False,False,False,True,False
2,2,120.0,30.9628937,28.7565892,13,0,0,0,0,1,1,0,0,1,140000.0,4,60.0,10.833333333333334,3,16.345788916607955,16.785925074816024,16.345788916607955,True,False,False,True,False,False,False,True,False,False,False,False,False,False,False,False,False,False,False
3,2,139.0,29.9771006,31.5720476,2,0,0,0,0,1,1,0,0,0,78129.4964028777,6,46.333333333333336,1.4388489208633095,2,16.282847171369255,16.200596964551092,16.066802461833923,False,True,False,True,False,True,False,False,False,False,False,False,False,False,False,False,False,False,False
3,3,200.0,30.0098515,31.4113496,0,0,0,0,0,0,0,0,0,0,42500.0,9,66.66666666666667,0.0,0,16.282847171369255,16.29204904211537,16.066802461833923,False,True,False,True,False,False,False,False,True,False,False,False,False,False,False,False,False,False,False
4,4,319.0,30.0310276,31.5423707,12,0,0,1,1,1,0,0,0,1,67398.11912225705,16,79.75,3.761755485893417,4,16.282847171369255,16.29204904211537,16.066802461833923,False,True,False,True,False,False,False,False,False,False,False,False,False,False,False,False,True,False,False
2,2,138.0,30.9628937,28.7565892,50,1,1,1,1,1,1,1,1,1,137681.15942028986,4,69.0,36.231884057971016,9,16.345788916607955,16.785925074816024,16.345788916607955,False,True,False,True,False,False,False,True,False,False,False,False,False,False,False,False,False,False,False
3,3,175.0,30.0050838,30.9290455,10,0,1,0,0,1,0,0,0,1,42400.0,9,58.333333333333336,5.714285714285714,3,16.10616420501588,15.930560647738732,16.01134442508541,False,False,True,False,True,False,False,False,False,False,False,False,False,False,False,False,False,False,True
5,5,280.0,30.0050164,30.9062036,19,1,1,1,1,0,0,1,1,0,48214.28571428572,25,56.0,6.7857142857142865,6,16.10616420501588,16.733281344102608,16.01134442508541,False,False,True,False,True,False,False,False,False,False,False,False,False,False,False,True,False,False,False
2,2,110.0,30.0050838,30.9290455,30,0,0,1,1,1,1,1,1,1,64636.36363636364,4,55.0,27.27272727272727,7,16.10616420501588,15.930560647738732,16.01134442508541,False,True,False,False,True,True,False,False,False,False,False,False,False,False,False,False,False,False,False
4,3,248.0,31.217609907318,29.956761057671,5,0,0,0,0,0,1,0,0,0,57459.67741935484,12,62.0,2.0161290322580645,1,15.830413711839864,16.10196637065445,15.851522672265068,False,True,False,True,False,True,False,False,False,False,False,False,False,False,False,False,False,False,False
3,3,200.0,30.1233727,31.6306056,15,0,0,1,1,1,1,0,0,1,102800.0,9,66.66666666666667,7.5,5,16.088423555642784,16.83885804718937,16.066802461833923,False,False,True,True,False,False,False,False,False,False,False,False,False,False,False,False,False,True,False
5,3,508.0,30.0478192,31.5372842,29,1,1,1,1,1,0,1,1,1,31003.937007874014,15,101.6,5.708661417322834,8,16.282847171369255,16.29204904211537,16.066802461833923,False,True,False,True,False,False,False,False,False,False,False,False,False,False,False,False,False,True,False
2,2,112.0,30.0941611,31.7041108,11,0,1,1,0,1,1,0,0,1,41705.80357142857,4,56.0,9.821428571428571,5,15.82707481102028,15.793051943818522,16.066802461833923,False,True,False,True,False,True,False,False,False,False,False,False,False,False,False,False,False,False,False
3,2,110.0,28.3758068,31.0726657,12,0,0,0,1,1,1,0,0,0,72768.18181818182,6,36.666666666666664,10.909090909090908,3,16.345788916607955,16.264790116464905,16.345788916607955,False,True,False,False,True,False,False,True,False,False,False,False,False,False,False,False,False,False,False
3,3,125.0,31.082957585789,28.032116949628,9,1,0,0,0,1,0,0,0,1,73360.0,9,41.666666666666664,7.2,3,16.345788916607955,16.264790116464905,16.345788916607955,False,True,False,False,True,False,False,True,False,False,False,False,False,False,False,False,False,False,False
4,3,250.0,31.21536,29.94034,6,0,0,0,0,1,0,0,0,1,34000.0,12,62.5,2.4,2,15.830413711839864,15.754226482185867,15.851522672265068,False,True,False,True,False,False,False,False,True,False,False,False,False,False,False,False,False,False,False
2,2,97.0,29.464981,32.4610862,46,1,1,1,1,1,1,1,1,1,77319.58762886598,4,48.5,47.422680412371136,9,15.747032114495013,15.830413711839864,15.747032114495013,False,True,False,True,False,False,False,True,False,False,False,False,False,False,False,False,False,False,False
1,1,92.0,30.9628937,28.7565892,16,0,0,1,1,1,1,0,0,1,152173.91304347827,1,92.0,17.391304347826086,5,16.345788916607955,16.785925074816024,16.345788916607955,False,True,False,True,False,False,False,True,False,False,False,False,False,False,False,False,False,False,False
4,4,250.0,30.0753933,31.6265648,17,1,1,1,1,0,0,1,1,0,58800.0,16,62.5,6.8,6,15.82707481102028,16.221521518404195,16.066802461833923,False,False,True,False,True,False,False,False,False,False,False,False,False,False,False,False,False,False,True
3,2,275.0,30.095655324801,31.634948228684,16,0,1,1,1,1,1,0,0,1,44794.123636363634,6,91.66666666666667,5.818181818181818,6,15.82707481102028,15.704245637578751,16.066802461833923,False,True,False,False,True,True,False,False,False,False,False,False,False,False,False,False,False,False,False
3,1,150.0,31.22077,29.93721,8,0,0,0,0,1,0,0,0,1,34666.666666666664,3,50.0,5.333333333333333,2,15.46416937585933,15.46416937585933,15.851522672265068,False,True,False,True,False,True,False,False,False,False,False,False,False,False,False,False,False,False,False
3,2,109.0,30.09177585,31.6426486,0,0,0,0,0,0,0,0,0,0,63761.46788990826,6,36.333333333333336,0.0,0,15.93111255107345,15.88868261241667,16.066802461833923,False,True,False,False,True,True,False,False,False,False,False,False,False,False,False,False,False,False,False
2,2,550.0,31.00763549,29.75773621,25,1,0,0,1,1,1,0,0,1,3636.3636363636365,4,275.0,4.545454545454546,5,16.18295155698594,15.747032114495013,15.851522672265068,False,True,False,True,False,False,False,False,False,False,False,False,False,False,False,False,False,True,False
2,2,134.0,30.082528010338,31.348869380965,16,1,1,1,1,1,1,0,0,1,104477.6119402985,4,67.0,11.940298507462686,7,15.78142351648329,16.454567959008102,16.066802461833923,False,True,False,True,False,True,False,False,False,False,False,False,False,False,False,False,False,False,False
4,4,290.0,30.0212161,31.5472488,1,0,0,1,0,0,0,0,0,0,204872.41379310345,16,72.5,0.3448275862068966,1,16.282847171369255,16.29204904211537,16.066802461833923,False,True,False,True,False,False,False,False,True,False,False,False,False,False,False,False,False,False,False
4,3,194.0,29.9986558,31.426684,6,0,1,0,0,1,1,0,0,0,128865.97938144329,12,48.5,3.0927835051546393,3,16.282847171369255,16.489659276356317,16.066802461833923,False,True,False,True,False,False,False,False,False,False,False,False,False,False,False,False,True,False,False
2,2,92.0,31.082957585789,28.032116949628,0,0,0,0,0,0,0,0,0,0,83369.56521739131,4,46.0,0.0,0,16.345788916607955,16.264790116464905,16.345788916607955,False,True,False,False,True,False,False,True,False,False,False,False,False,False,False,False,False,False,False
5,6,380.0,30.9447479,28.7978345,7,1,0,0,1,1,0,0,0,0,59342.10526315789,30,76.0,1.842105263157895,3,16.345788916607955,16.785925074816024,16.345788916607955,True,False,False,True,False,False,False,False,False,False,False,False,False,False,False,True,False,False,False
4,4,280.0,30.166137,31.6680496,35,1,1,1,1,1,1,1,0,1,100000.0,16,70.0,12.5,8,16.300417291085605,16.486367704879513,16.066802461833923,False,True,False,True,False,False,False,False,False,False,False,False,False,False,False,False,False,True,False
3,3,158.0,30.09177585,31.6426486,4,0,0,0,0,0,0,0,0,0,55696.20253164557,9,52.666666666666664,2.531645569620253,0,15.93111255107345,15.88868261241667,16.066802461833923,False,True,False,True,False,True,False,False,False,False,False,False,False,False,False,False,False,False,False
2,2,87.0,29.91637,31.06103,16,0,0,0,0,1,0,0,0,1,33000.0,4,43.5,18.39080459770115,2,15.279199431073042,15.10749451433816,16.01134442508541,False,True,False,False,True,True,False,False,False,False,False,False,False,False,False,False,False,False,False
5,4,1000.0,30.01321,31.48737,4,0,1,1,1,0,1,0,0,0,64000.0,20,200.0,0.4,4,16.282847171369255,16.173530452453797,16.066802461833923,True,False,False,True,False,False,False,False,False,False,False,False,False,False,False,False,False,True,False
2,2,105.0,31.089549212598,28.160593150923,18,1,1,1,1,0,0,1,1,0,104761.90476190476,4,52.5,17.142857142857142,6,16.345788916607955,16.264790116464905,16.345788916607955,False,True,False,False,True,False,False,True,False,False,False,False,False,False,False,False,False,False,False
5,4,450.0,30.0321942,31.5414938,0,0,0,0,0,0,0,0,0,0,66666.66666666667,20,90.0,0.0,0,16.282847171369255,16.29204904211537,16.066802461833923,False,True,False,True,False,False,False,False,False,False,False,False,False,False,False,False,False,True,False
4,4,200.0,30.051694701504,31.679024895964,10,0,0,0,1,0,0,0,0,0,120000.0,16,50.0,5.0,1,15.82707481102028,16.300417291085605,16.066802461833923,False,True,False,False,True,False,False,False,False,False,False,False,False,False,False,True,False,False,False
5,5,400.0,29.2358744,32.6238155,38,1,1,1,1,1,1,1,1,1,62500.0,25,80.0,9.5,9,15.747032114495013,16.27732262742667,15.747032114495013,False,True,False,True,False,False,False,False,False,False,False,False,False,False,False,False,False,True,False
0,1,68.0,30.0346339,31.818525,20,1,1,0,1,1,1,1,1,1,68808.82352941176,0,60.0,29.41176470588235,8,15.616501940217244,15.495706423212354,16.066802461833923,False,True,False,False,True,True,False,False,False,False,False,False,False,False,False,False,False,False,False
2,3,120.0,29.9633661,31.0009178,25,1,1,1,1,1,1,1,0,1,62500.0,6,60.0,20.833333333333336,8,16.10616420501588,15.988839917212927,16.01134442508541,False,False,True,True,False,True,False,False,False,False,False,False,False,False,False,False,False,False,False
3,2,157.0,30.084176505472,31.553512358984,0,0,0,0,0,0,0,0,0,0,26000.0,6,52.333333333333336,0.0,0,16.282847171369255,16.29204904211537,16.066802461833923,False,True,False,False,True,True,False,False,False,False,False,False,False,False,False,False,False,False,False
3,3,220.0,30.0742797,31.5887794,12,0,0,0,1,1,1,0,0,0,65909.09090909091,9,73.33333333333333,5.454545454545454,3,16.282847171369255,16.29204904211537,16.066802461833923,False,True,False,True,False,False,False,False,False,False,False,False,False,False,False,True,False,False,False
3,2,175.0,29.980463,31.3854644,0,0,0,0,0,0,0,0,0,0,70354.28571428571,6,58.333333333333336,0.0,0,16.087842710858826,16.185754392890075,16.066802461833923,False,False,True,True,False,True,False,False,False,False,False,False,False,False,False,False,False,False,False
2,1,85.0,29.938126,30.91398,0,0,0,0,0,0,0,0,0,0,24705.882352941175,2,42.5,0.0,0,15.279199431073042,14.557448378884015,16.01134442508541,False,True,False,True,False,True,False,False,False,False,False,False,False,False,False,False,False,False,False
2,2,80.0,29.91637,31.06103,8,0,0,1,1,1,1,0,0,0,38500.0,4,40.0,10.0,4,15.279199431073042,15.10749451433816,16.01134442508541,False,False,True,True,False,True,False,False,False,False,False,False,False,False,False,False,False,False,False
4,4,600.0,30.0648376,30.94684,26,1,1,1,1,1,1,1,1,1,26666.666666666668,16,150.0,4.333333333333333,9,16.02378508137718,15.803385043104912,16.01134442508541,False,False,True,True,False,False,False,False,False,False,False,False,False,False,False,False,False,True,False
3,3,140.0,31.0788548,27.9963244,0,0,0,0,0,0,0,0,0,0,132857.14285714287,9,46.666666666666664,0.0,0,16.345788916607955,16.264790116464905,16.345788916607955,False,True,False,True,False,False,False,False,False,False,False,False,False,False,False,False,False,True,False
4,4,351.0,30.0920272,31.4838462,10,0,0,1,0,1,1,0,0,0,67834.75783475784,16,87.75,2.8490028490028494,3,16.282847171369255,16.489659276356317,16.066802461833923,False,True,False,True,False,False,False,False,False,False,False,False,False,False,False,False,False,True,False
3,2,113.0,31.082957585789,28.032116949628,16,1,1,0,0,1,0,0,0,1,92920.35398230089,6,37.666666666666664,14.15929203539823,4,16.345788916607955,16.264790116464905,16.345788916607955,True,False,False,True,False,False,False,True,False,False,False,False,False,False,False,False,False,False,False
3,3,135.0,31.0789366,28.1843221,49,1,1,1,1,1,1,1,1,1,50014.81481481482,9,45.0,36.29629629629629,9,16.345788916607955,16.264790116464905,16.345788916607955,False,True,False,True,False,False,False,True,False,False,False,False,False,False,False,False,False,False,False
2,2,128.0,30.025056,31.5948035,10,0,0,1,1,1,0,0,0,1,62500.0,4,64.0,7.8125,4,16.282847171369255,16.29204904211537,16.066802461833923,False,True,False,True,False,True,False,False,False,False,False,False,False,False,False,False,False,False,False
1,1,57.0,30.006447,31.0985889,30,1,1,1,0,1,1,1,1,1,55000.0,1,57.0,52.631578947368425,8,16.10616420501588,14.753009491737494,16.01134442508541,False,True,False,False,True,False,False,False,False,False,False,False,False,False,True,False,False,False,False
5,5,212.0,29.9842656,31.540594,48,1,1,1,1,1,1,1,1,1,90094.3396226415,25,42.4,22.641509433962263,9,16.282847171369255,16.29204904211537,16.066802461833923,False,True,False,True,False,False,False,False,False,False,False,False,False,False,False,False,False,True,False
2,1,116.0,29.976979,31.7797175,19,0,0,1,1,1,1,0,0,1,32758.620689655174,2,58.0,16.379310344827587,5,15.616501940217244,15.384361031701085,16.066802461833923,False,True,False,False,True,True,False,False,False,False,False,False,False,False,False,False,False,False,False
3,2,149.0,29.3875676,32.5544221,2,0,0,0,0,1,0,0,0,1,63758.38926174497,6,49.666666666666664,1.342281879194631,2,15.747032114495013,16.066802461833923,15.747032114495013,True,False,False,True,False,False,False,True,False,False,False,False,False,False,False,False,False,False,False
5,6,263.0,30.0533772,31.6365203,28,1,1,1,1,1,1,1,1,1,98136.88212927757,30,52.6,10.64638783269962,9,15.82707481102028,17.06627261043947,16.066802461833923,False,True,False,False,True,False,False,False,False,False,False,False,False,False,False,True,False,False,False
4,4,270.0,30.0466368,31.6336039,30,1,1,1,0,1,1,1,1,0,47407.40740740741,16,67.5,11.11111111111111,7,15.82707481102028,16.257857680289998,16.066802461833923,False,True,False,True,False,False,False,False,False,False,False,False,False,False,False,True,False,False,False
2,2,129.0,30.033246576666,31.514915831553,0,0,0,0,0,0,0,0,0,0,46511.62790697674,4,64.5,0.0,0,16.282847171369255,16.29204904211537,16.066802461833923,False,True,False,False,True,True,False,False,False,False,False,False,False,False,False,False,False,False,False
3,4,165.0,29.9633661,31.0009178,32,1,1,1,1,1,1,1,1,1,118181.81818181818,12,55.0,19.393939393939394,9,16.10616420501588,15.988839917212927,16.01134442508541,False,True,False,False,True,False,False,False,False,False,False,False,False,False,False,True,False,False,False
1,1,76.0,30.0468424,30.998248,12,1,1,1,1,1,0,1,1,1,69849.55263157895,1,76.0,15.789473684210526,8,16.02378508137718,15.862682968241984,16.01134442508541,False,True,False,False,True,True,False,False,False,False,False,False,False,False,False,False,False,False,False
3,3,145.0,30.0050838,30.9290455,24,1,1,0,1,0,1,0,0,0,58772.40689655172,9,48.333333333333336,16.551724137931036,4,16.10616420501588,15.930560647738732,16.01134442508541,False,True,False,False,True,True,False,False,False,False,False,False,False,False,False,False,False,False,False
4,4,246.0,30.163528044741,31.677762679717,15,1,1,1,1,0,0,1,0,0,130081.30081300813,16,61.5,6.097560975609756,5,16.300417291085605,16.066802461833923,16.066802461833923,False,True,False,False,True,False,False,False,False,False,False,False,False,False,False,False,False,True,False
3,2,189.0,30.0648376,30.94684,3,0,0,0,0,1,1,0,0,0,42857.142857142855,6,63.0,1.5873015873015874,2,16.02378508137718,15.803385043104912,16.01134442508541,False,True,False,True,False,True,False,False,False,False,False,False,False,False,False,False,False,False,False
1,1,81.0,30.9628937,28.7565892,11,1,1,0,0,1,1,0,0,0,222222.22222222222,1,81.0,13.580246913580247,4,16.345788916607955,16.785925074816024,16.345788916607955,True,False,False,True,False,False,False,True,False,False,False,False,False,False,False,False,False,False,False
2,3,125.0,30.068527462055,31.64004459621,26,0,1,1,1,1,0,1,1,1,76008.0,6,62.5,20.8,7,15.82707481102028,16.06690771944096,16.066802461833923,False,True,False,False,True,True,False,False,False,False,False,False,False,False,False,False,False,False,False
2,2,130.0,30.0202659,31.5409692,13,0,0,1,0,1,1,0,0,1,62461.53846153846,4,65.0,10.0,4,16.282847171369255,16.29204904211537,16.066802461833923,False,True,False,True,False,True,False,False,False,False,False,False,False,False,False,False,False,False,False
2,3,160.0,30.0574569,31.6018979,10,0,0,0,0,1,1,0,0,0,51250.0,6,80.0,6.25,2,16.282847171369255,16.29204904211537,16.066802461833923,False,True,False,True,False,True,False,False,False,False,False,False,False,False,False,False,False,False,False
5,4,235.0,29.9819025,31.3772485,0,0,0,0,0,0,0,0,0,0,74468.08510638298,20,47.0,0.0,0,16.087842710858826,16.034714150714915,16.066802461833923,False,True,False,True,False,False,False,False,False,False,False,False,False,False,False,False,False,True,False
3,2,153.0,29.9684182,31.5288907,18,1,1,0,1,1,0,1,1,1,45352.94117647059,6,51.0,11.76470588235294,7,16.282847171369255,16.29204904211537,16.066802461833923,False,True,False,True,False,True,False,False,False,False,False,False,False,False,False,False,False,False,False
0,1,27.0,30.006447,31.0985889,20,1,1,0,1,1,1,1,1,1,77037.03703703704,0,60.0,74.07407407407408,8,16.10616420501588,14.753009491737494,16.01134442508541,False,True,False,False,True,True,False,False,False,False,False,False,False,False,False,False,False,False,False
5,4,245.0,30.02201225,31.3100159,0,0,0,0,0,0,0,0,0,0,208163.26530612246,20,49.0,0.0,0,15.830413711839864,16.97569742890161,16.066802461833923,False,True,False,False,True,False,False,False,False,False,False,False,False,False,False,False,False,True,False
2,2,98.0,30.125082,31.8853002,3,0,0,0,0,0,0,0,0,0,80020.40816326531,4,49.0,3.061224489795918,0,15.616501940217244,16.012735246411598,16.066802461833923,False,True,False,False,True,True,False,False,False,False,False,False,False,False,False,False,False,False,False
3,3,200.0,30.0726483,30.9654218,45,1,1,1,1,1,1,1,1,1,40000.0,9,66.66666666666667,22.5,9,16.02378508137718,16.300417291085605,16.01134442508541,False,True,False,True,False,True,False,False,False,False,False,False,False,False,False,False,False,False,False
2,3,110.0,31.0930626,27.9293325,23,0,1,0,1,1,0,1,0,1,105367.82727272727,6,55.0,20.909090909090907,5,16.345788916607955,16.264790116464905,16.345788916607955,False,True,False,True,False,False,False,True,False,False,False,False,False,False,False,False,False,False,False
2,2,138.0,30.9977496,28.698056,5,0,0,1,0,1,1,0,0,0,65217.391304347824,4,69.0,3.6231884057971016,3,16.345788916607955,16.785925074816024,16.345788916607955,True,False,False,True,False,False,False,True,False,False,False,False,False,False,False,False,False,False,False
4,4,215.0,29.99792889,31.49372067,18,0,1,1,1,0,0,1,1,0,139534.88372093023,16,53.75,8.372093023255815,5,16.282847171369255,16.29204904211537,16.066802461833923,False,True,False,False,True,False,False,False,False,False,False,False,False,False,False,False,False,True,False
2,2,110.0,30.0701271,31.6670206,7,0,0,0,0,1,0,0,0,1,48554.545454545456,4,55.0,6.363636363636363,2,15.82707481102028,15.480135947781058,16.066802461833923,False,True,False,False,True,True,False,False,False,False,False,False,False,False,False,False,False,False,False
3,4,264.0,30.030146891835,31.529958797884,2,0,0,0,0,1,0,0,0,1,78219.69696969698,12,88.0,0.7575757575757576,2,16.282847171369255,16.29204904211537,16.066802461833923,False,True,False,False,True,False,False,False,False,False,False,False,False,False,False,False,True,False,False
3,3,288.0,30.09093,31.32778,17,0,0,1,0,1,1,0,0,1,59027.77777777778,9,96.0,5.902777777777778,4,15.78142351648329,15.955576839107596,16.066802461833923,True,False,False,True,False,True,False,False,False,False,False,False,False,False,False,False,False,False,False
3,3,165.0,30.07349031,31.60085522,22,1,1,1,1,0,0,1,1,0,44848.48484848485,9,55.0,13.333333333333334,6,16.282847171369255,16.29204904211537,16.066802461833923,False,True,False,True,False,False,False,False,False,False,False,False,True,False,False,False,False,False,False
4,4,310.0,30.0758544,31.4716547,51,1,1,1,1,1,1,1,1,1,115322.58064516129,16,77.5,16.451612903225804,9,16.282847171369255,16.489659276356317,16.066802461833923,False,True,False,True,False,False,False,False,False,False,False,False,False,False,False,False,True,False,False
5,5,320.0,30.96335489816,29.631725560365,3,0,0,0,0,0,0,0,0,0,62500.0,25,64.0,0.9375,0,16.18295155698594,16.811242881518265,15.851522672265068,False,True,False,True,False,False,False,False,False,False,False,False,False,False,False,False,True,False,False
3,3,154.0,30.0941611,31.7041108,15,0,0,1,1,1,0,0,0,0,36038.96103896104,9,51.333333333333336,9.74025974025974,3,15.82707481102028,15.793051943818522,16.066802461833923,False,True,False,False,True,True,False,False,False,False,False,False,False,False,False,False,False,False,False
4,4,300.0,30.1518202,31.6284528,13,0,0,0,1,1,1,0,0,0,71666.66666666667,16,75.0,4.333333333333333,3,16.088423555642784,16.9172841784906,16.066802461833923,False,True,False,True,False,False,False,False,False,False,False,False,False,False,False,False,True,False,False
2,2,102.0,30.9628937,28.7565892,15,0,0,1,1,1,1,0,0,1,147058.82352941178,4,51.0,14.705882352941176,5,16.345788916607955,16.785925074816024,16.345788916607955,False,False,True,True,False,False,False,True,False,False,False,False,False,False,False,False,False,False,False
4,3,260.0,30.04125845,31.2030406,10,0,0,0,0,1,0,0,0,1,38461.53846153846,12,65.0,3.846153846153846,2,15.830413711839864,15.830413711839864,16.01134442508541,False,True,False,True,False,True,False,False,False,False,False,False,False,False,False,False,False,False,False
3,3,165.0,30.07349031,31.60085522,0,0,0,0,0,0,0,0,0,0,47272.72727272727,9,55.0,0.0,0,16.282847171369255,16.29204904211537,16.066802461833923,False,True,False,False,True,True,False,False,False,False,False,False,False,False,False,False,False,False,False
3,3,175.0,29.980463,31.3854644,6,0,0,1,0,0,0,0,0,0,52765.71428571428,9,58.333333333333336,3.4285714285714284,1,16.087842710858826,16.185754392890075,16.066802461833923,False,False,True,True,False,True,False,False,False,False,False,False,False,False,False,False,False,False,False
3,2,140.0,31.0649126,28.3512918,0,0,0,0,0,0,0,0,0,0,122857.14285714286,6,46.666666666666664,0.0,0,16.345788916607955,16.454772000503617,16.345788916607955,False,True,False,True,False,False,False,True,False,False,False,False,False,False,False,False,False,False,False
3,3,185.0,30.10352719841,30.872270093253,49,1,1,1,1,1,1,1,1,1,39189.18918918919,9,61.666666666666664,26.486486486486484,9,16.02378508137718,15.764840252890174,16.01134442508541,False,True,False,False,True,False,False,False,False,False,False,False,False,False,False,True,False,False,False
2,2,150.0,30.0445728,31.0243959,11,0,0,0,0,0,0,0,0,0,66666.66666666667,4,75.0,7.333333333333333,0,16.02378508137718,16.115740211329367,16.01134442508541,False,True,False,True,False,True,False,False,False,False,False,False,False,False,False,False,False,False,False
3,3,178.0,30.096464,31.6670565,6,0,0,1,0,1,1,0,0,1,69101.12359550562,9,59.333333333333336,3.3707865168539324,4,15.93111255107345,16.118095750958314,16.066802461833923,False,True,False,True,False,True,False,False,False,False,False,False,False,False,False,False,False,False,False
3,2,90.0,30.8236496,28.9521368,25,1,1,1,1,1,1,1,1,1,87115.0,6,30.0,27.77777777777778,9,16.345788916607955,16.785925074816024,16.345788916607955,False,True,False,True,False,False,False,True,False,False,False,False,False,False,False,False,False,False,False
3,2,155.0,29.963261324748,31.771264172865,18,1,1,1,1,1,0,1,1,0,20133.754838709676,6,51.666666666666664,11.612903225806452,7,15.616501940217244,15.384361031701085,16.066802461833923,False,True,False,False,True,True,False,False,False,False,False,False,False,False,False,False,False,False,False
6,6,617.0,30.0529708,31.4834647,20,1,1,1,1,0,0,1,1,0,66126.41815235007,36,102.83333333333333,3.2414910858995136,6,16.282847171369255,16.489659276356317,16.066802461833923,False,True,False,True,False,False,False,False,False,False,False,False,False,False,False,False,False,True,False
11,11,1268.0,29.9842656,31.540594,0,0,0,0,0,0,0,0,0,0,30362.77602523659,121,115.27272727272727,0.0,0,16.282847171369255,16.29204904211537,16.066802461833923,False,True,False,True,False,False,False,False,False,False,False,False,False,False,False,False,False,True,False
4,4,239.0,30.0941611,31.7041108,50,1,1,1,1,1,1,1,1,1,42336.82008368201,16,59.75,20.920502092050206,9,15.82707481102028,15.793051943818522,16.066802461833923,False,True,False,False,True,False,False,False,False,False,False,False,False,False,False,False,False,True,False
4,4,560.0,30.06603,31.48561,56,0,1,1,1,1,1,1,0,1,57142.857142857145,16,140.0,10.0,7,16.282847171369255,15.86963441986494,16.066802461833923,False,False,True,True,False,False,False,False,False,False,False,False,False,False,False,False,False,True,False
3,3,300.0,30.0092002,31.0178278,32,1,1,1,1,1,0,1,1,1,32876.073333333334,9,100.0,10.666666666666666,8,16.10616420501588,16.074904029783603,16.01134442508541,False,True,False,True,False,False,False,False,False,False,False,False,False,False,False,False,True,False,False
2,2,130.0,29.951709071432,31.572522435582,0,0,0,0,0,0,0,0,0,0,65384.61538461538,4,65.0,0.0,0,16.282847171369255,16.200596964551092,16.066802461833923,False,False,True,True,False,True,False,False,False,False,False,False,False,False,False,False,False,False,False
4,3,212.0,30.0941611,31.7041108,7,0,0,1,0,0,0,0,0,0,56603.77358490566,12,53.0,3.30188679245283,1,15.82707481102028,15.793051943818522,16.066802461833923,False,False,True,True,False,False,False,False,False,False,False,False,False,False,False,False,False,True,False
3,3,190.0,26.8670857,33.9602308,38,1,1,1,1,0,1,1,1,0,94736.84210526316,9,63.333333333333336,20.0,7,16.3394119477972,16.705882371415992,16.233206958474412,False,True,False,False,True,False,False,False,True,False,False,False,False,False,False,False,False,False,False
4,3,210.0,29.985209678113,31.080067422088,16,1,1,1,1,0,0,1,1,0,121428.57142857143,12,52.5,7.619047619047619,6,16.10616420501588,17.044287736088407,16.01134442508541,False,True,False,True,False,False,False,False,False,False,False,False,False,False,False,False,False,True,False
3,2,166.0,30.06805,31.406379,19,0,1,1,1,1,0,0,0,1,55421.68674698795,6,55.333333333333336,11.44578313253012,5,16.282847171369255,16.489659276356317,16.066802461833923,False,True,False,False,True,True,False,False,False,False,False,False,False,False,False,False,False,False,False
5,4,250.0,31.082957585789,28.032116949628,18,0,0,0,1,1,1,0,0,0,120000.0,20,50.0,7.2,3,16.345788916607955,16.264790116464905,16.345788916607955,True,False,False,True,False,False,False,False,False,False,False,False,False,False,False,False,False,True,False
3,3,116.0,30.09177585,31.6426486,9,0,0,0,1,1,1,0,0,0,56034.48275862069,9,38.666666666666664,7.758620689655173,3,15.93111255107345,15.88868261241667,16.066802461833923,False,True,False,True,False,True,False,False,False,False,False,False,False,False,False,False,False,False,False
3,1,197.0,31.0874488,28.1566008,0,0,0,0,0,0,0,0,0,0,45685.27918781726,3,65.66666666666667,0.0,0,16.345788916607955,16.012735246411598,16.345788916607955,False,True,False,True,False,False,False,True,False,False,False,False,False,False,False,False,False,False,False
4,4,275.0,29.989265,31.0075456,0,0,0,0,0,0,0,0,0,0,58181.818181818184,16,68.75,0.0,0,16.10616420501588,15.984548045826063,16.01134442508541,False,True,False,True,False,False,False,False,False,False,False,False,True,False,False,False,False,False,False
5,6,284.0,29.7666672,31.0988357,3,0,0,0,0,0,0,0,0,0,99110.91549295775,30,56.8,1.0563380281690142,0,16.101268496405105,16.101268496405105,15.851522672265068,False,True,False,False,True,False,False,False,False,False,False,False,False,False,False,False,False,True,False
3,2,220.0,31.21536,29.94034,5,0,0,0,0,0,0,0,0,0,50000.0,6,73.33333333333333,2.2727272727272725,0,15.830413711839864,15.754226482185867,15.851522672265068,False,True,False,True,False,True,False,False,False,False,False,False,False,False,False,False,False,False,False
3,3,208.0,30.118908615659,31.652102804902,14,0,0,1,1,1,1,0,0,0,57692.307692307695,9,69.33333333333333,6.730769230769231,4,16.088423555642784,15.899927389451875,16.066802461833923,False,True,False,True,False,True,False,False,False,False,False,False,False,False,False,False,False,False,False
4,5,200.0,31.0803125,28.3935625,20,1,1,1,1,1,0,1,1,0,87708.305,20,50.0,10.0,7,16.345788916607955,16.251962190703544,16.345788916607955,False,True,False,True,False,False,False,False,False,False,False,False,False,False,False,False,True,False,False
2,1,165.0,30.0298889,31.41647,5,0,0,1,0,0,0,0,0,0,39393.93939393939,2,82.5,3.0303030303030303,1,16.282847171369255,16.29204904211537,16.066802461833923,False,True,False,True,False,True,False,False,False,False,False,False,False,False,False,False,False,False,False
3,2,129.0,31.0846702,27.9347746,6,0,0,1,0,0,0,0,0,0,93023.25581395348,6,43.0,4.651162790697675,1,16.345788916607955,16.548253436697504,16.345788916607955,False,True,False,True,False,False,False,True,False,False,False,False,False,False,False,False,False,False,False
4,4,261.0,30.1158572,31.6235277,48,1,1,1,1,1,1,1,1,1,86206.89655172414,16,65.25,18.390804597701152,9,16.088423555642784,16.716932206992077,16.066802461833923,False,True,False,True,False,False,False,False,False,False,False,False,False,False,False,False,False,True,False
3,3,170.0,30.0468424,30.998248,11,1,1,1,1,1,0,0,0,0,35294.117647058825,9,56.666666666666664,6.470588235294118,5,16.02378508137718,15.862682968241984,16.01134442508541,False,True,False,True,False,True,False,False,False,False,False,False,False,False,False,False,False,False,False
2,2,115.0,31.0952654,27.9249993,33,1,1,1,1,1,1,1,1,1,110330.43478260869,4,57.5,28.695652173913047,9,16.345788916607955,16.264790116464905,16.345788916607955,False,True,False,True,False,False,False,True,False,False,False,False,False,False,False,False,False,False,False
3,3,151.0,30.0678135,31.5215178,0,0,0,0,0,0,0,0,0,0,41788.079470198674,9,50.333333333333336,0.0,0,16.282847171369255,16.29204904211537,16.066802461833923,False,True,False,True,False,True,False,False,False,False,False,False,False,False,False,False,False,False,False
4,4,350.0,30.06603,31.48561,23,0,0,1,1,1,0,0,0,1,74285.71428571429,16,87.5,6.571428571428571,4,16.282847171369255,15.86963441986494,16.066802461833923,False,True,False,True,False,False,False,False,False,False,False,False,False,False,False,False,False,True,False
2,2,92.0,31.082957585789,28.032116949628,23,0,1,0,1,1,1,0,0,1,56869.565217391304,4,46.0,25.0,5,16.345788916607955,16.264790116464905,16.345788916607955,False,True,False,False,True,False,False,True,False,False,False,False,False,False,False,False,False,False,False
3,3,240.0,30.107832255957,31.596580211647,10,0,0,0,1,1,1,0,0,0,27916.666666666668,9,80.0,4.166666666666667,3,16.088423555642784,16.380459992348886,16.066802461833923,False,True,False,True,False,True,False,False,False,False,False,False,False,False,False,False,False,False,False
2,2,128.0,30.0870528,31.5124185,19,1,1,1,1,1,0,1,0,1,49218.75,4,64.0,14.84375,7,16.282847171369255,16.29204904211537,16.066802461833923,False,True,False,False,True,True,False,False,False,False,False,False,False,False,False,False,False,False,False
2,2,100.0,30.055832724421,30.902109822001,2,0,0,0,0,1,0,0,0,1,69000.0,4,50.0,2.0,2,16.02378508137718,15.820992169569557,16.01134442508541,False,True,False,True,False,True,False,False,False,False,False,False,False,False,False,False,False,False,False
3,2,170.0,29.1853853,32.6326142,35,1,1,1,1,1,1,1,1,1,88235.29411764706,6,56.666666666666664,20.58823529411765,9,15.747032114495013,16.012735246411598,15.747032114495013,True,False,False,True,False,False,False,False,False,False,False,False,False,False,False,True,False,False,False
2,2,120.0,30.118908615659,31.652102804902,7,0,0,1,1,1,0,0,0,0,59166.666666666664,4,60.0,5.833333333333334,3,16.088423555642784,15.899927389451875,16.066802461833923,False,False,True,True,False,True,False,False,False,False,False,False,False,False,False,False,False,False,False
2,1,85.0,30.084482192642,30.963006624909,19,0,0,0,1,1,1,0,0,1,90588.23529411765,2,42.5,22.35294117647059,4,16.02378508137718,16.759949589762293,16.01134442508541,False,True,False,True,False,True,False,False,False,False,False,False,False,False,False,False,False,False,False
4,3,440.0,30.0202659,31.5409692,20,1,1,1,1,1,1,0,0,1,31136.363636363636,12,110.0,4.545454545454545,7,16.282847171369255,16.29204904211537,16.066802461833923,False,True,False,True,False,False,False,False,False,False,False,False,True,False,False,False,False,False,False
4,3,205.0,30.0941611,31.7041108,0,0,0,0,0,0,0,0,0,0,35365.85365853659,12,51.25,0.0,0,15.82707481102028,15.793051943818522,16.066802461833923,False,False,True,True,False,False,False,False,True,False,False,False,False,False,False,False,False,False,False
4,4,325.0,30.01321,31.48737,0,0,0,0,0,0,0,0,0,0,61538.46153846154,16,81.25,0.0,0,16.282847171369255,16.173530452453797,16.066802461833923,False,True,False,True,False,False,False,False,False,False,False,False,False,False,False,False,False,True,False
4,3,240.0,30.09177585,31.6426486,0,0,0,0,0,0,0,0,0,0,70833.33333333333,12,60.0,0.0,0,15.93111255107345,15.88868261241667,16.066802461833923,False,False,True,True,False,True,False,False,False,False,False,False,False,False,False,False,False,False,False
2,2,126.0,30.0662855,31.4744728,26,1,1,1,1,1,1,1,1,1,103174.60317460318,4,63.0,20.634920634920636,9,16.282847171369255,16.29204904211537,16.066802461833923,False,True,False,False,True,True,False,False,False,False,False,False,False,False,False,False,False,False,False
2,2,112.0,26.8608814,33.944639,20,1,1,1,1,1,0,1,1,1,195535.7142857143,4,56.0,17.857142857142854,8,16.3394119477972,16.189539487919134,16.233206958474412,False,True,False,False,True,False,False,True,False,False,False,False,False,False,False,False,False,False,False
2,1,139.0,30.001080302311,30.97176176693,29,1,1,1,1,1,1,1,1,0,82014.38848920864,2,69.5,20.863309352517987,8,16.10616420501588,16.249124001084017,16.01134442508541,False,True,False,False,True,True,False,False,False,False,False,False,False,False,False,False,False,False,False
3,2,360.0,30.14005,31.74103,12,0,0,0,1,0,0,0,0,0,4583.333333333333,6,120.0,3.333333333333333,1,14.375126917328105,14.375126917328105,16.066802461833923,False,False,True,False,True,False,False,False,True,False,False,False,False,False,False,False,False,False,False
11,8,1100.0,30.02203,31.30139,20,0,1,1,1,1,0,0,0,1,72727.27272727272,88,100.0,1.8181818181818181,5,15.830413711839864,15.830413711839864,16.066802461833923,False,True,False,True,False,False,False,False,False,False,False,False,False,False,False,False,False,True,False
4,3,160.0,30.07349031,31.60085522,32,0,0,1,1,1,1,0,0,1,83125.0,12,40.0,20.0,5,16.282847171369255,16.29204904211537,16.066802461833923,False,True,False,True,False,True,False,False,False,False,False,False,False,False,False,False,False,False,False
3,3,170.0,30.07349031,31.60085522,49,1,1,1,1,1,1,1,1,1,39191.17647058824,9,56.666666666666664,28.823529411764707,9,16.282847171369255,16.29204904211537,16.066802461833923,False,True,False,True,False,True,False,False,False,False,False,False,False,False,False,False,False,False,False
0,1,57.0,30.006447,31.0985889,29,1,1,1,1,1,1,1,1,0,55000.0,0,60.0,50.877192982456144,8,16.10616420501588,14.753009491737494,16.01134442508541,False,True,False,False,True,True,False,False,False,False,False,False,False,False,False,False,False,False,False
3,3,278.0,30.0111753,31.5161206,6,0,0,0,0,1,1,0,0,0,79136.69064748201,9,92.66666666666667,2.1582733812949644,2,16.282847171369255,16.29204904211537,16.066802461833923,False,True,False,True,False,True,False,False,False,False,False,False,False,False,False,False,False,False,False
3,3,210.0,29.9924715,30.8920785,21,1,1,1,1,1,1,1,1,0,52380.95238095238,9,70.0,10.0,8,16.10616420501588,16.360729622918004,16.01134442508541,False,False,True,True,False,False,False,False,False,False,False,False,False,False,False,True,False,False,False
3,3,154.0,30.166137,31.6680496,6,0,1,1,1,0,0,0,0,0,66233.76623376623,9,51.333333333333336,3.896103896103896,3,16.300417291085605,16.486367704879513,16.066802461833923,False,True,False,False,True,True,False,False,False,False,False,False,False,False,False,False,False,False,False
3,3,230.0,30.0546803,31.5114161,6,0,0,0,0,0,1,0,0,0,29130.434782608696,9,76.66666666666667,2.608695652173913,1,16.282847171369255,16.489659276356317,16.066802461833923,False,True,False,True,False,True,False,False,False,False,False,False,False,False,False,False,False,False,False
2,3,116.0,29.7248626,32.3673853,11,1,0,0,1,1,1,0,0,0,90517.24137931035,6,58.0,9.482758620689657,4,15.747032114495013,17.034386422832473,15.747032114495013,False,True,False,True,False,False,False,True,False,False,False,False,False,False,False,False,False,False,False
3,3,150.0,30.0815405,31.3475658,28,1,1,1,1,1,1,1,1,0,30200.0,9,50.0,18.666666666666668,8,15.616501940217244,15.326232718209745,16.066802461833923,False,True,False,True,False,True,False,False,False,False,False,False,False,False,False,False,False,False,False
2,1,110.0,27.2579,33.81161,18,1,0,0,0,1,1,0,0,0,25454.545454545456,2,55.0,16.363636363636363,3,15.201805169084134,14.837935966150166,16.233206958474412,False,True,False,True,False,True,False,False,False,False,False,False,False,False,False,False,False,False,False
3,3,160.0,30.068527462055,31.64004459621,41,1,1,1,1,1,1,1,1,1,73668.75,9,53.333333333333336,25.625,9,15.82707481102028,16.06690771944096,16.066802461833923,False,True,False,False,True,True,False,False,False,False,False,False,False,False,False,False,False,False,False
3,3,226.0,29.9978985,31.63101061,30,1,1,0,1,1,1,1,0,1,107424.77876106194,9,75.33333333333333,13.274336283185843,7,15.616501940217244,15.607270193858982,16.066802461833923,False,True,False,True,False,True,False,False,False,False,False,False,False,False,False,False,False,False,False
2,1,126.0,30.0335743,31.0611941,6,1,1,1,0,1,1,0,0,0,18000.0,2,63.0,4.761904761904762,5,16.10616420501588,14.63440938474679,16.01134442508541,False,True,False,True,False,True,False,False,False,False,False,False,False,False,False,False,False,False,False
4,3,215.0,29.99792889,31.49372067,15,0,0,1,1,1,1,0,0,1,139534.88372093023,12,53.75,6.976744186046512,5,16.282847171369255,16.29204904211537,16.066802461833923,False,False,True,True,False,False,False,False,False,False,False,False,False,False,False,False,False,True,False
4,3,300.0,29.977172361554,31.775442811376,29,0,1,1,1,1,0,1,1,1,47166.666666666664,12,75.0,9.666666666666666,7,15.616501940217244,15.384361031701085,16.066802461833923,False,True,False,True,False,False,False,False,True,False,False,False,False,False,False,False,False,False,False
3,3,145.0,29.8561331,30.9018623,17,1,1,1,0,1,0,1,1,0,42758.620689655174,9,48.333333333333336,11.724137931034484,6,16.10616420501588,16.19413042991272,16.01134442508541,False,True,False,False,True,True,False,False,False,False,False,False,False,False,False,False,False,False,False
2,3,130.0,31.3543445,27.2373159,5,0,0,0,1,0,1,0,0,0,120961.60769230769,6,65.0,3.846153846153846,2,16.345788916607955,16.264790116464905,16.345788916607955,False,True,False,False,True,False,False,False,False,False,False,False,False,False,False,True,False,False,False
3,3,200.0,30.2013484,31.6804732,27,1,1,1,1,1,1,0,0,1,69000.0,9,66.66666666666667,13.5,7,16.088423555642784,16.15957650726579,16.066802461833923,False,True,False,True,False,False,False,False,False,False,False,False,False,False,False,True,False,False,False
4,4,240.0,30.09177585,31.6426486,52,1,1,1,1,1,1,1,1,1,87500.0,16,60.0,21.666666666666668,9,15.93111255107345,15.88868261241667,16.066802461833923,False,True,False,True,False,False,False,False,False,False,False,False,False,False,False,False,False,True,False
3,2,180.0,29.979887358979,31.314718290157,15,0,0,1,0,1,1,0,0,1,25555.555555555555,6,60.0,8.333333333333334,4,15.230349646082692,15.830413711839864,16.066802461833923,False,True,False,True,False,True,False,False,False,False,False,False,False,False,False,False,False,False,False
1,1,61.0,30.09177585,31.6426486,5,0,0,0,0,0,0,0,0,0,66393.44262295082,1,61.0,8.19672131147541,0,15.93111255107345,15.88868261241667,16.066802461833923,False,True,False,False,True,True,False,False,False,False,False,False,False,False,False,False,False,False,False
5,4,445.0,30.0454595,31.238497,7,0,0,0,1,0,1,0,0,0,15730.337078651686,20,89.0,1.5730337078651684,2,16.282847171369255,16.29204904211537,16.066802461833923,False,True,False,False,True,False,False,False,True,False,False,False,False,False,False,False,False,False,False
5,5,409.0,30.996363,28.6804318,3,0,0,0,0,0,0,0,0,0,92665.03667481663,25,81.8,0.7334963325183375,0,16.345788916607955,16.785925074816024,16.345788916607955,False,True,False,True,False,False,False,False,False,False,False,False,False,False,False,False,False,True,False
3,4,358.0,30.06805,31.406379,0,0,0,0,0,0,0,0,0,0,78212.2905027933,12,119.33333333333333,0.0,0,16.282847171369255,16.489659276356317,16.066802461833923,False,True,False,True,False,False,False,False,False,False,False,False,False,False,False,False,False,True,False
3,2,160.0,30.0556215,31.0263428,8,0,0,1,1,1,1,0,0,0,91875.0,6,53.333333333333336,5.0,4,16.02378508137718,16.503358119776173,16.01134442508541,False,False,True,True,False,True,False,False,False,False,False,False,False,False,False,False,False,False,False
3,4,341.0,31.069119,28.232045,0,0,0,0,0,0,0,0,0,0,167155.42521994136,12,113.66666666666667,0.0,0,16.345788916607955,17.6441519761925,16.345788916607955,False,True,False,False,True,False,False,False,False,False,False,False,False,False,False,False,False,True,False
2,1,126.0,30.06082621271,31.358477879799,6,0,0,0,0,0,1,0,0,0,19047.619047619046,2,63.0,4.761904761904762,1,15.501738199611221,15.444751293772967,16.066802461833923,False,True,False,True,False,True,False,False,False,False,False,False,False,False,False,False,False,False,False
3,3,175.0,30.0050838,30.9290455,37,1,1,0,1,1,1,1,1,1,51897.142857142855,9,58.333333333333336,21.142857142857142,8,16.10616420501588,15.930560647738732,16.01134442508541,False,False,True,False,True,False,False,False,False,False,False,False,False,False,False,False,False,False,True
4,4,185.0,29.62775,32.75589,45,1,1,1,1,1,1,1,1,1,64864.86486486487,16,46.25,24.324324324324323,9,16.300417291085605,16.300417291085605,16.300417291085605,False,True,False,False,True,False,False,False,False,False,False,False,False,False,False,False,False,True,False
3,3,185.0,29.99352595,31.5196573,0,0,0,0,0,0,0,0,0,0,27027.027027027027,9,61.666666666666664,0.0,0,16.282847171369255,16.29204904211537,16.066802461833923,False,True,False,True,False,True,False,False,False,False,False,False,False,False,False,False,False,False,False
1,1,65.0,31.09328418,27.94224436,24,1,1,1,1,1,1,1,1,1,98461.53846153847,1,65.0,36.92307692307692,9,16.345788916607955,16.264790116464905,16.345788916607955,False,True,False,False,True,False,False,True,False,False,False,False,False,False,False,False,False,False,False
2,2,110.0,29.39286,32.5399151,40,1,1,1,1,1,1,1,1,0,59090.90909090909,4,55.0,36.36363636363636,8,15.747032114495013,16.15731646026544,15.747032114495013,False,False,True,True,False,False,False,True,False,False,False,False,False,False,False,False,False,False,False
3,2,240.0,30.041682,30.9954651,4,0,0,0,0,0,0,0,0,0,27083.333333333332,6,80.0,1.6666666666666667,0,16.02378508137718,15.687312888712007,16.01134442508541,False,True,False,True,False,True,False,False,False,False,False,False,False,False,False,False,False,False,False
3,3,193.0,31.1956859,27.554789,14,1,0,1,1,0,0,0,0,0,73575.12953367876,9,64.33333333333333,7.253886010362694,3,16.345788916607955,17.361900302320812,16.345788916607955,False,True,False,False,True,False,False,True,False,False,False,False,False,False,False,False,False,False,False
3,2,370.0,31.0952654,27.9249993,6,0,0,0,0,0,1,0,0,0,39056.75675675676,6,123.33333333333333,1.6216216216216215,1,16.345788916607955,16.264790116464905,16.345788916607955,False,True,False,True,False,False,False,True,False,False,False,False,False,False,False,False,False,False,False
3,3,172.0,29.9842656,31.540594,2,0,0,0,0,1,0,0,0,1,107558.13953488372,9,57.333333333333336,1.1627906976744187,2,16.282847171369255,16.29204904211537,16.066802461833923,False,True,False,True,False,False,False,False,False,False,False,False,False,False,False,True,False,False,False
2,2,115.0,27.0369588,33.8522923,43,1,1,1,1,1,1,1,1,1,96521.73913043478,4,57.5,37.39130434782609,9,16.3394119477972,16.22245575637265,16.233206958474412,True,False,False,True,False,True,False,False,False,False,False,False,False,False,False,False,False,False,False
4,3,168.0,30.1218272,31.6481835,19,1,1,1,0,1,0,0,0,0,47422.619047619046,12,42.0,11.30952380952381,4,16.088423555642784,15.890818693880256,16.066802461833923,False,True,False,True,False,True,False,False,False,False,False,False,False,False,False,False,False,False,False
4,4,237.0,29.999066529633,31.002288720817,22,1,1,1,1,0,0,0,0,0,77215.18987341772,16,59.25,9.282700421940929,4,16.02378508137718,16.722411672456456,16.01134442508541,False,False,True,True,False,False,False,False,False,False,False,False,False,False,False,False,True,False,False
3,3,305.0,29.9875186,31.5555302,22,1,1,1,1,0,0,1,1,0,49180.32786885246,9,101.66666666666667,7.213114754098361,6,16.282847171369255,16.29204904211537,16.066802461833923,False,True,False,True,False,False,False,False,True,False,False,False,False,False,False,False,False,False,False
2,2,88.0,31.0724538,28.2011747,29,1,1,1,1,1,1,1,1,1,57954.545454545456,4,44.0,32.95454545454545,9,16.345788916607955,16.264790116464905,16.345788916607955,False,True,False,False,True,False,False,True,False,False,False,False,False,False,False,False,False,False,False
2,2,139.0,29.98517849,31.04999818,25,1,1,1,1,0,1,1,1,0,75539.56834532374,4,69.5,17.98561151079137,7,16.10616420501588,16.70097038315765,16.01134442508541,False,False,True,False,True,True,False,False,False,False,False,False,False,False,False,False,False,False,False
4,4,270.0,30.051488670818,30.932802884166,33,1,1,1,1,1,1,0,0,1,55555.555555555555,16,67.5,12.222222222222221,7,16.02378508137718,16.454567959008102,16.01134442508541,False,True,False,True,False,False,False,False,False,False,False,False,False,False,False,False,False,True,False
1,1,86.0,30.08435,31.5414973,0,0,0,0,0,0,0,0,0,0,32209.302325581397,1,86.0,0.0,0,16.282847171369255,16.29204904211537,16.066802461833923,False,True,False,False,True,True,False,False,False,False,False,False,False,False,False,False,False,False,False
11,9,3050.0,30.8627527,29.27810085,8,0,0,0,1,1,1,0,0,0,4590.163934426229,99,277.27272727272725,0.26229508196721313,3,16.345788916607955,16.016547844430676,16.345788916607955,False,True,False,True,False,False,False,False,False,False,False,False,False,False,False,False,False,True,False
3,4,267.0,29.9308114,31.0876497,33,1,1,1,1,1,1,1,1,1,56179.77528089887,12,89.0,12.359550561797754,9,15.279199431073042,15.701270103510215,16.01134442508541,False,True,False,True,False,False,False,False,False,False,False,False,False,False,False,False,False,True,False
4,4,260.0,30.09177585,31.6426486,4,0,0,1,1,0,0,0,0,0,80769.23076923077,16,65.0,1.5384615384615383,2,15.93111255107345,15.88868261241667,16.066802461833923,False,True,False,True,False,False,False,False,False,False,False,False,False,False,False,False,False,True,False
4,3,262.0,30.06603,31.48561,65,1,1,1,1,1,1,1,1,1,85414.5,12,65.5,24.80916030534351,9,16.282847171369255,15.86963441986494,16.066802461833923,False,True,False,True,False,True,False,False,False,False,False,False,False,False,False,False,False,False,False
3,3,145.0,30.0678135,31.5215178,0,0,0,0,0,0,0,0,0,0,93793.10344827586,9,48.333333333333336,0.0,0,16.282847171369255,16.29204904211537,16.066802461833923,False,True,False,True,False,True,False,False,False,False,False,False,False,False,False,False,False,False,False
1,1,89.0,30.192521556297,31.627962983268,0,0,0,0,0,0,0,0,0,0,36179.77528089887,1,89.0,0.0,0,15.616501940217244,14.984892228079548,16.066802461833923,False,True,False,False,True,True,False,False,False,False,False,False,False,False,False,False,False,False,False
3,3,200.0,30.09177585,31.6426486,9,1,1,0,0,1,1,0,0,0,55500.0,9,66.66666666666667,4.5,4,15.93111255107345,15.88868261241667,16.066802461833923,False,True,False,False,True,True,False,False,False,False,False,False,False,False,False,False,False,False,False
1,1,36.0,29.973206647261,31.235360355157,33,1,1,1,1,1,1,1,1,1,166666.66666666666,1,36.0,91.66666666666667,9,16.23365160270985,16.599428672091523,16.066802461833923,False,True,False,False,True,True,False,False,False,False,False,False,False,False,False,False,False,False,False
3,3,194.0,29.9723236,31.7154944,30,1,1,1,0,1,1,1,1,1,29896.907216494845,9,64.66666666666667,15.463917525773196,8,15.616501940217244,15.593931631657787,16.066802461833923,False,True,False,True,False,True,False,False,False,False,False,False,False,False,False,False,False,False,False
1,2,85.0,30.0600801,31.5985531,11,0,0,1,1,0,0,0,0,0,117647.05882352941,2,85.0,12.941176470588236,2,16.282847171369255,16.29204904211537,16.066802461833923,False,True,False,False,True,True,False,False,False,False,False,False,False,False,False,False,False,False,False
4,4,210.0,29.9842656,31.540594,16,0,0,1,1,1,1,0,0,1,68571.42857142857,16,52.5,7.619047619047619,5,16.282847171369255,16.29204904211537,16.066802461833923,False,False,True,True,False,False,False,False,False,False,False,False,False,False,False,False,False,True,False
4,3,235.0,30.000039694817,30.875039337366,14,1,1,1,1,1,0,1,1,1,31914.893617021276,12,58.75,5.957446808510638,8,16.02378508137718,15.830413711839864,16.01134442508541,False,True,False,False,True,False,False,False,False,False,False,False,False,False,False,False,False,True,False
5,5,625.0,29.7666672,31.0988357,3,0,0,0,0,0,0,0,0,0,77500.8,25,125.0,0.48,0,16.101268496405105,16.101268496405105,15.851522672265068,False,True,False,False,True,False,False,False,False,False,False,False,False,False,False,False,False,True,False
3,3,145.0,30.0364702,31.5525584,0,0,0,0,0,0,0,0,0,0,62172.41379310345,9,48.333333333333336,0.0,0,16.282847171369255,16.29204904211537,16.066802461833923,False,False,True,False,True,True,False,False,False,False,False,False,False,False,False,False,False,False,False
3,5,315.0,30.2013484,31.6804732,8,0,0,1,0,1,1,0,0,0,40241.269841269845,15,105.0,2.5396825396825395,3,16.088423555642784,16.15957650726579,16.066802461833923,False,True,False,False,True,False,False,False,False,False,False,False,False,False,False,False,True,False,False
2,1,99.0,30.078762187131,31.473255,21,0,1,0,1,1,1,0,0,1,85858.58585858585,2,49.5,21.21212121212121,5,16.282847171369255,16.29204904211537,16.066802461833923,False,True,False,False,True,True,False,False,False,False,False,False,False,False,False,False,False,False,False
0,1,49.0,30.86460964,28.93906663,0,0,0,0,0,0,0,0,0,0,70959.1836734694,0,60.0,0.0,0,16.345788916607955,15.76142084987672,16.345788916607955,False,True,False,False,True,False,False,True,False,False,False,False,False,False,False,False,False,False,False
2,3,127.0,31.3543445,27.2373159,6,0,0,1,0,0,0,0,0,0,61700.7874015748,6,63.5,4.724409448818897,1,16.345788916607955,16.264790116464905,16.345788916607955,False,True,False,True,False,False,False,True,False,False,False,False,False,False,False,False,False,False,False
2,2,100.0,31.21614,29.93875,5,0,0,0,0,0,0,0,0,0,28000.0,4,50.0,5.0,0,15.004357149146209,15.004357149146209,15.851522672265068,False,True,False,True,False,True,False,False,False,False,False,False,False,False,False,False,False,False,False
4,4,620.0,30.09177585,31.6426486,37,1,1,1,1,1,0,1,1,1,58064.51612903226,16,155.0,5.967741935483871,8,15.93111255107345,15.88868261241667,16.066802461833923,False,False,True,True,False,False,False,False,False,False,False,False,False,False,False,False,False,True,False
3,3,170.0,29.929398166931,31.488338906654,27,1,1,1,1,1,1,1,1,1,88235.29411764706,9,56.666666666666664,15.882352941176471,9,16.282847171369255,16.200596964551092,16.066802461833923,False,False,True,False,True,False,False,False,False,False,False,False,False,False,False,True,False,False,False
3,3,210.0,29.9924715,30.8920785,8,0,0,1,1,0,0,0,0,1,57271.42857142857,9,70.0,3.8095238095238093,3,16.10616420501588,16.360729622918004,16.01134442508541,False,False,True,False,True,False,False,False,False,False,False,False,False,False,False,True,False,False,False
3,2,107.0,30.09177585,31.6426486,50,1,1,1,1,1,1,1,1,1,61682.2429906542,6,35.666666666666664,46.72897196261682,9,15.93111255107345,15.88868261241667,16.066802461833923,False,True,False,False,True,True,False,False,False,False,False,False,False,False,False,False,False,False,False
2,2,135.0,29.976979,31.7797175,20,0,0,1,1,1,1,0,0,1,31851.85185185185,4,67.5,14.814814814814813,5,15.616501940217244,15.384361031701085,16.066802461833923,False,True,False,False,True,True,False,False,False,False,False,False,False,False,False,False,False,False,False
3,4,230.0,30.0029471,31.595582,0,0,0,0,0,0,0,0,0,0,65217.391304347824,12,76.66666666666667,0.0,0,15.616501940217244,16.956410275190038,16.066802461833923,True,False,False,True,False,False,False,False,False,False,False,False,False,False,False,False,False,True,False
3,3,170.0,29.989265,31.0075456,14,1,1,1,1,1,1,1,1,0,52941.17647058824,9,56.666666666666664,8.23529411764706,8,16.10616420501588,15.984548045826063,16.01134442508541,False,False,True,False,True,True,False,False,False,False,False,False,False,False,False,False,False,False,False
3,2,116.0,30.09177585,31.6426486,30,0,0,0,1,1,1,0,0,1,50000.0,6,38.666666666666664,25.862068965517242,4,15.93111255107345,15.88868261241667,16.066802461833923,False,True,False,True,False,True,False,False,False,False,False,False,False,False,False,False,False,False,False
3,2,145.0,29.9678307,30.9443824,23,0,1,0,0,1,1,0,0,1,26206.896551724138,6,48.333333333333336,15.862068965517242,4,16.10616420501588,14.748325642558019,16.01134442508541,True,False,False,True,False,True,False,False,False,False,False,False,False,False,False,False,False,False,False
3,3,130.0,31.0724538,28.2011747,23,1,1,1,1,1,1,1,1,0,141607.6923076923,9,43.333333333333336,17.692307692307693,8,16.345788916607955,16.264790116464905,16.345788916607955,False,False,True,True,False,False,False,True,False,False,False,False,False,False,False,False,False,False,False
3,3,128.0,30.163528044741,31.677762679717,14,1,1,1,1,1,0,1,0,0,85937.5,9,42.666666666666664,10.9375,6,16.300417291085605,16.066802461833923,16.066802461833923,False,True,False,False,True,True,False,False,False,False,False,False,False,False,False,False,False,False,False
3,3,135.0,31.075992693113,27.971111509728,2,0,0,1,0,0,0,0,0,0,137037.03703703705,9,45.0,1.4814814814814814,1,16.345788916607955,16.264790116464905,16.345788916607955,False,True,False,False,True,False,False,True,False,False,False,False,False,False,False,False,False,False,False
5,5,394.0,30.0671203,30.9748467,6,0,0,1,0,0,0,0,0,0,25380.710659898476,25,78.8,1.5228426395939088,1,16.02378508137718,16.118095750958314,16.01134442508541,False,True,False,True,False,False,False,False,False,False,False,False,False,False,False,False,True,False,False
0,0,648.0,30.14421,31.63972,0,0,0,0,0,0,0,0,0,0,29320.987654320987,0,60.0,0.0,0,16.088423555642784,15.35237799261728,16.066802461833923,False,True,False,True,False,False,False,False,False,False,True,False,False,False,False,False,False,False,False
4,2,205.0,30.08475012,30.890303,4,0,0,0,1,0,0,0,0,0,65560.9756097561,8,51.25,1.9512195121951221,1,16.02378508137718,16.265920859211178,16.01134442508541,False,True,False,True,False,False,False,False,False,False,False,False,False,False,False,True,False,False,False
3,3,190.0,30.0669117,31.3375553,12,0,0,1,1,0,0,0,0,0,34210.52631578947,9,63.333333333333336,6.315789473684211,2,15.82707481102028,15.687312888712007,16.066802461833923,False,True,False,True,False,True,False,False,False,False,False,False,False,False,False,False,False,False,False
4,3,243.0,30.09177585,31.6426486,29,0,0,0,0,1,0,0,0,0,65843.62139917696,12,60.75,11.934156378600822,1,15.93111255107345,15.88868261241667,16.066802461833923,False,True,False,True,False,True,False,False,False,False,False,False,False,False,False,False,False,False,False
3,4,270.0,30.0259103,31.5359166,11,0,0,0,0,1,1,0,0,0,98148.14814814815,12,90.0,4.0740740740740735,2,16.282847171369255,16.29204904211537,16.066802461833923,False,True,False,True,False,True,False,False,False,False,False,False,False,False,False,False,False,False,False
2,2,112.0,31.0724538,28.2011747,46,1,1,1,1,1,1,1,1,1,123017.85714285714,4,56.0,41.07142857142857,9,16.345788916607955,16.264790116464905,16.345788916607955,False,True,False,False,True,False,False,True,False,False,False,False,False,False,False,False,False,False,False
3,2,124.0,30.09177585,31.6426486,3,0,0,0,0,0,0,0,0,0,46774.1935483871,6,41.333333333333336,2.4193548387096775,0,15.93111255107345,15.88868261241667,16.066802461833923,True,False,False,True,False,True,False,False,False,False,False,False,False,False,False,False,False,False,False
6,5,466.0,30.9628937,28.7565892,0,0,0,0,0,0,0,0,0,0,133047.21030042917,30,77.66666666666667,0.0,0,16.345788916607955,16.785925074816024,16.345788916607955,False,True,False,True,False,False,False,False,False,False,False,False,False,False,False,False,False,True,False
2,2,190.0,31.03162569,28.58096116,7,0,0,0,0,1,1,0,0,0,84210.52631578948,4,95.0,3.68421052631579,2,16.345788916607955,16.785925074816024,16.345788916607955,False,True,False,False,True,True,False,False,False,False,False,False,False,False,False,False,False,False,False
3,2,130.0,29.9459176,31.0233937,51,1,1,0,1,1,1,1,1,1,30769.23076923077,6,43.333333333333336,39.230769230769226,8,16.10616420501588,15.13503949062901,16.01134442508541,False,True,False,True,False,True,False,False,False,False,False,False,False,False,False,False,False,False,False
3,2,150.0,29.98020137937,31.158119106747,4,0,0,0,0,0,1,0,0,0,16000.0,6,50.0,2.6666666666666665,1,14.547138745203274,14.690979711984754,16.01134442508541,False,True,False,True,False,True,False,False,False,False,False,False,False,False,False,False,False,False,False
3,3,191.0,29.9842656,31.540594,9,0,0,0,0,0,1,0,0,0,56439.79057591623,9,63.666666666666664,4.712041884816754,1,16.282847171369255,16.29204904211537,16.066802461833923,False,True,False,True,False,True,False,False,False,False,False,False,False,False,False,False,False,False,False
3,2,175.0,30.0124138,31.4396951,0,0,0,0,0,0,0,0,0,0,31428.571428571428,6,58.333333333333336,0.0,0,16.282847171369255,16.29204904211537,16.066802461833923,False,True,False,True,False,True,False,False,False,False,False,False,False,False,False,False,False,False,False
3,4,255.0,29.97070459671,31.796091226155,33,1,1,1,1,1,0,1,1,1,27980.392156862745,12,85.0,12.941176470588236,8,15.616501940217244,15.375105071772207,16.066802461833923,False,True,False,False,True,False,False,False,True,False,False,False,False,False,False,False,False,False,False
3,2,300.0,29.9875186,31.5555302,22,1,1,1,1,0,0,1,1,0,47333.333333333336,6,100.0,7.333333333333333,6,16.282847171369255,16.29204904211537,16.066802461833923,False,True,False,True,False,False,False,False,True,False,False,False,False,False,False,False,False,False,False
2,2,110.0,30.068527462055,31.64004459621,24,0,1,0,1,1,0,1,1,1,65172.72727272727,4,55.0,21.818181818181817,6,15.82707481102028,16.06690771944096,16.066802461833923,False,True,False,False,True,True,False,False,False,False,False,False,False,False,False,False,False,False,False
3,2,205.0,31.23222,29.94942,2,0,0,0,0,0,0,0,0,0,39024.39024390244,6,68.33333333333333,0.9756097560975611,0,15.894952224644102,15.894952224644102,15.851522672265068,False,True,False,True,False,True,False,False,False,False,False,False,False,False,False,False,False,False,False
2,3,127.0,30.0758544,31.4716547,50,1,1,1,1,1,1,1,1,1,111102.36220472441,6,63.5,39.37007874015748,9,16.282847171369255,16.489659276356317,16.066802461833923,False,True,False,False,True,True,False,False,False,False,False,False,False,False,False,False,False,False,False
3,3,190.0,30.068527462055,31.64004459621,27,1,1,1,1,1,1,1,1,1,52960.0,9,63.333333333333336,14.210526315789474,9,15.82707481102028,16.06690771944096,16.066802461833923,False,True,False,False,True,True,False,False,False,False,False,False,False,False,False,False,False,False,False
2,1,120.0,30.0123585,31.4469381,4,0,0,1,0,0,0,0,0,0,21666.666666666668,2,60.0,3.3333333333333335,1,16.282847171369255,16.29204904211537,16.066802461833923,False,True,False,True,False,True,False,False,False,False,False,False,False,False,False,False,False,False,False
2,2,115.0,30.069725035909,31.660034846981,13,1,1,0,1,0,0,1,1,0,66956.52173913043,4,57.5,11.304347826086957,5,15.82707481102028,16.118095750958314,16.066802461833923,False,True,False,False,True,True,False,False,False,False,False,False,False,False,False,False,False,False,False
3,2,129.0,29.950042478806,30.956574923257,24,1,1,0,1,1,1,0,0,1,35000.0,6,43.0,18.6046511627907,6,16.10616420501588,15.32291596631714,16.01134442508541,False,True,False,False,True,True,False,False,False,False,False,False,False,False,False,False,False,False,False
3,2,153.0,30.0035761,31.4056766,10,0,0,1,1,0,1,0,0,0,24000.0,6,51.0,6.5359477124183005,3,16.282847171369255,16.29204904211537,16.066802461833923,False,True,False,False,True,True,False,False,False,False,False,False,False,False,False,False,False,False,False
2,2,110.0,29.728909,32.3815924,4,0,0,0,0,1,1,0,0,0,68181.81818181818,4,55.0,3.6363636363636362,2,15.747032114495013,15.830413711839864,15.747032114495013,False,True,False,True,False,False,False,True,False,False,False,False,False,False,False,False,False,False,False
5,4,342.0,29.98899914214,30.999439906718,35,1,1,1,1,1,1,0,0,1,43859.649122807015,20,68.4,10.23391812865497,7,16.02378508137718,16.26256138639753,16.01134442508541,False,True,False,True,False,False,False,False,False,False,False,False,False,False,False,False,False,True,False
3,3,150.0,30.0364702,31.5525584,0,0,0,0,0,0,0,0,0,0,74626.66666666667,9,50.0,0.0,0,16.282847171369255,16.29204904211537,16.066802461833923,False,False,True,False,True,True,False,False,False,False,False,False,False,False,False,False,False,False,False
3,2,140.0,30.06603,31.48561,17,0,0,0,0,1,0,0,0,1,60714.28571428572,6,46.666666666666664,12.142857142857144,2,16.282847171369255,15.86963441986494,16.066802461833923,False,True,False,True,False,True,False,False,False,False,False,False,False,False,False,False,False,False,False
2,2,105.0,30.0389289,30.9870106,18,0,0,0,1,1,1,0,0,1,54285.71428571428,4,52.5,17.142857142857142,4,16.02378508137718,16.41820031748273,16.01134442508541,False,True,False,True,False,True,False,False,False,False,False,False,False,False,False,False,False,False,False
3,3,170.0,30.07349031,31.60085522,0,0,0,0,0,0,0,0,0,0,82352.94117647059,9,56.666666666666664,0.0,0,16.282847171369255,16.29204904211537,16.066802461833923,False,True,False,False,True,True,False,False,False,False,False,False,False,False,False,False,False,False,False
3,4,195.0,29.948210571523,30.942374950245,21,1,1,1,1,0,0,1,1,0,117435.89743589744,12,65.0,10.76923076923077,6,16.10616420501588,16.53566078892768,16.01134442508541,False,True,False,False,True,False,False,False,False,False,False,False,False,False,False,True,False,False,False
3,3,152.0,30.055153892816,31.014525035582,32,1,1,1,1,1,1,1,1,1,28289.473684210527,9,50.666666666666664,21.05263157894737,9,16.02378508137718,15.64416833410825,16.01134442508541,False,True,False,False,True,True,False,False,False,False,False,False,False,False,False,False,False,False,False
3,2,144.0,30.078762187131,31.473255,0,0,0,0,0,0,0,0,0,0,54166.666666666664,6,48.0,0.0,0,16.282847171369255,16.29204904211537,16.066802461833923,False,True,False,True,False,True,False,False,False,False,False,False,False,False,False,False,False,False,False
2,2,120.0,30.0019669,31.5087695,0,0,0,0,0,0,0,0,0,0,73333.33333333333,4,60.0,0.0,0,16.282847171369255,16.29204904211537,16.066802461833923,True,False,False,True,False,True,False,False,False,False,False,False,False,False,False,False,False,False,False
1,1,42.0,30.050517722649,31.015639541255,32,1,1,1,0,1,1,1,1,1,133333.33333333334,1,42.0,76.19047619047619,8,16.02378508137718,15.53827733427679,16.01134442508541,True,False,False,False,True,False,False,False,False,True,False,False,False,False,False,False,False,False,False
2,2,92.0,31.082957585789,28.032116949628,28,1,1,0,1,1,1,1,1,1,85597.82608695653,4,46.0,30.434782608695652,8,16.345788916607955,16.264790116464905,16.345788916607955,False,True,False,False,True,False,False,True,False,False,False,False,False,False,False,False,False,False,False
3,3,350.0,30.01321,31.48737,9,0,1,1,1,1,1,0,0,0,23571.428571428572,9,116.66666666666667,2.5714285714285716,5,16.282847171369255,16.173530452453797,16.066802461833923,False,False,True,True,False,False,False,False,True,False,False,False,False,False,False,False,False,False,False
2,2,102.0,30.090410251555,31.373097792585,0,0,0,0,0,0,0,0,0,0,40196.07843137255,4,51.0,0.0,0,15.803385043104912,15.226497775576945,16.066802461833923,False,True,False,False,True,True,False,False,False,False,False,False,False,False,False,False,False,False,False
4,4,245.0,29.9633661,31.0009178,13,0,1,0,1,0,0,0,0,0,66389.5306122449,16,61.25,5.3061224489795915,2,16.10616420501588,15.988839917212927,16.01134442508541,False,True,False,True,False,False,False,False,False,False,False,False,False,False,False,True,False,False,False
4,4,280.0,30.06805,31.406379,7,0,0,1,0,0,0,0,0,0,63571.42857142857,16,70.0,2.5,1,16.282847171369255,16.489659276356317,16.066802461833923,False,False,True,True,False,False,False,False,False,False,False,False,False,False,False,False,False,True,False
2,2,120.0,31.2155235,29.9420061,0,0,0,0,0,0,0,0,0,0,54000.0,4,60.0,0.0,0,15.830413711839864,15.805301014415544,15.851522672265068,False,True,False,False,True,True,False,False,False,False,False,False,False,False,False,False,False,False,False
3,2,146.0,30.0941611,31.7041108,16,0,1,0,1,1,1,0,0,0,47945.20547945205,6,48.666666666666664,10.95890410958904,4,15.82707481102028,15.793051943818522,16.066802461833923,False,False,True,True,False,True,False,False,False,False,False,False,False,False,False,False,False,False,False
1,2,90.0,30.8224695,28.954309,44,1,1,1,1,1,1,1,1,1,111111.11111111111,2,90.0,48.888888888888886,9,16.345788916607955,15.76142084987672,16.345788916607955,True,False,False,True,False,False,False,True,False,False,False,False,False,False,False,False,False,False,False
3,4,189.0,29.8561331,30.9018623,2,0,0,1,0,0,1,0,0,0,50896.19047619047,12,63.0,1.0582010582010584,2,16.10616420501588,16.19413042991272,16.01134442508541,False,True,False,False,True,False,False,False,False,False,False,False,False,False,False,True,False,False,False
4,5,312.0,29.7248626,32.3673853,6,1,0,1,0,0,0,0,0,0,117483.97435897436,20,78.0,1.923076923076923,2,15.747032114495013,17.034386422832473,15.747032114495013,False,True,False,False,True,False,False,False,False,False,False,False,False,False,False,False,False,True,False
4,4,282.0,30.0111753,31.5161206,0,0,0,0,0,0,0,0,0,0,63829.78723404255,16,70.5,0.0,0,16.282847171369255,16.29204904211537,16.066802461833923,False,True,False,True,False,False,False,False,True,False,False,False,False,False,False,False,False,False,False
3,2,171.0,30.025056,31.5948035,22,1,1,1,1,0,0,1,1,0,58479.53216374269,6,57.0,12.865497076023392,6,16.282847171369255,16.29204904211537,16.066802461833923,False,True,False,True,False,True,False,False,False,False,False,False,False,False,False,False,False,False,False
1,1,108.0,29.9978985,31.63101061,17,1,1,1,1,0,0,1,0,0,33333.333333333336,1,108.0,15.74074074074074,5,15.616501940217244,15.607270193858982,16.066802461833923,False,True,False,True,False,True,False,False,False,False,False,False,False,False,False,False,False,False,False
2,2,90.0,29.217244049651,32.622406450847,46,1,1,1,1,1,1,1,1,1,65555.55555555556,4,45.0,51.11111111111111,9,15.747032114495013,15.59046307836746,15.747032114495013,False,True,False,False,True,False,False,True,False,False,False,False,False,False,False,False,False,False,False
2,1,185.0,30.996363,28.6804318,50,1,1,1,1,1,1,1,1,1,40540.54054054054,2,92.5,27.027027027027025,9,16.345788916607955,16.785925074816024,16.345788916607955,True,False,False,True,False,False,False,True,False,False,False,False,False,False,False,False,False,False,False
3,2,116.0,30.09177585,31.6426486,47,1,1,1,1,1,1,1,1,1,83620.68965517242,6,38.666666666666664,40.51724137931035,9,15.93111255107345,15.88868261241667,16.066802461833923,True,False,False,False,True,True,False,False,False,False,False,False,False,False,False,False,False,False,False
3,2,110.0,29.6727347,32.3374381,6,1,0,0,0,0,0,0,0,0,51818.181818181816,6,36.666666666666664,5.454545454545454,1,15.747032114495013,15.967921456359903,15.747032114495013,False,True,False,True,False,False,False,True,False,False,False,False,False,False,False,False,False,False,False
3,2,188.0,30.0246926,31.4940262,23,1,1,1,1,1,1,0,0,0,88829.78723404255,6,62.666666666666664,12.23404255319149,6,16.282847171369255,16.29204904211537,16.066802461833923,False,True,False,True,False,True,False,False,False,False,False,False,False,False,False,False,False,False,False
5,4,300.0,29.9842656,31.540594,13,0,0,1,1,1,1,0,0,1,106666.66666666667,20,60.0,4.333333333333333,5,16.282847171369255,16.29204904211537,16.066802461833923,False,True,False,True,False,False,False,False,False,False,False,False,False,False,False,False,False,True,False
4,3,290.0,30.0268356,31.493173,0,0,0,0,0,0,0,0,0,0,24137.931034482757,12,72.5,0.0,0,16.282847171369255,16.29204904211537,16.066802461833923,False,True,False,True,False,True,False,False,False,False,False,False,False,False,False,False,False,False,False
2,2,108.0,29.9308114,31.0876497,0,0,0,0,0,0,0,0,0,0,35185.18518518518,4,54.0,0.0,0,15.279199431073042,15.701270103510215,16.01134442508541,False,True,False,True,False,True,False,False,False,False,False,False,False,False,False,False,False,False,False
1,1,63.0,30.0859375,31.3680496,29,1,1,1,1,1,1,1,1,0,104761.90476190476,1,63.0,46.03174603174603,8,15.803385043104912,16.213405921671733,16.066802461833923,False,False,True,True,False,True,False,False,False,False,False,False,False,False,False,False,False,False,False
3,2,153.0,30.0457543,31.0093731,6,0,0,1,0,1,1,0,0,0,67973.85620915033,6,51.0,3.9215686274509802,3,16.02378508137718,16.15731646026544,16.01134442508541,False,False,True,False,True,True,False,False,False,False,False,False,False,False,False,False,False,False,False
3,3,170.0,29.99833989,30.94280035,2,0,0,0,0,0,0,0,0,0,35294.117647058825,9,56.666666666666664,1.1764705882352942,0,16.10616420501588,15.463429185410863,16.01134442508541,False,True,False,True,False,True,False,False,False,False,False,False,False,False,False,False,False,False,False
4,4,331.0,30.0534049,31.513709,23,1,1,1,1,0,0,1,1,0,67673.7160120846,16,82.75,6.948640483383686,6,16.282847171369255,16.489659276356317,16.066802461833923,True,False,False,True,False,False,False,False,False,False,False,False,False,False,False,True,False,False,False
3,3,225.0,31.082141,28.0201651,15,0,0,1,0,1,1,0,0,1,174297.77777777778,9,75.0,6.666666666666667,4,16.345788916607955,16.264790116464905,16.345788916607955,False,False,True,True,False,False,False,False,False,False,False,False,False,False,False,False,False,True,False
2,1,75.0,30.8626008,28.8890196,0,0,0,0,0,0,0,0,0,0,37200.0,2,37.5,0.0,0,16.345788916607955,15.76142084987672,16.345788916607955,False,True,False,True,False,True,False,False,False,False,False,False,False,False,False,False,False,False,False
3,3,140.0,30.0550268,31.3366903,8,0,0,0,0,1,1,0,0,1,178571.42857142858,9,46.666666666666664,5.714285714285714,3,16.345788916607955,16.264790116464905,16.345788916607955,False,True,False,False,True,False,False,True,False,False,False,False,False,False,False,False,False,False,False
1,1,63.0,27.2579,33.81161,21,1,1,0,1,0,1,0,0,0,25500.0,1,63.0,33.333333333333336,4,15.201805169084134,14.837935966150166,16.233206958474412,False,True,False,True,False,True,False,False,False,False,False,False,False,False,False,False,False,False,False
4,4,385.0,30.0074176,31.4887433,14,0,0,1,1,1,1,0,0,1,86584.41558441559,16,96.25,3.6363636363636362,5,16.282847171369255,16.29204904211537,16.066802461833923,False,False,True,True,False,False,False,False,False,False,False,False,False,False,False,False,False,True,False
4,3,441.0,30.02201225,31.3100159,9,0,0,0,1,1,0,0,0,1,80998.63945578231,12,110.25,2.0408163265306123,3,15.830413711839864,16.97569742890161,16.066802461833923,False,False,True,True,False,False,False,False,False,False,False,False,False,False,False,False,False,True,False
5,5,385.0,30.0600801,31.5985531,0,0,0,0,0,0,0,0,0,0,58441.55844155844,25,77.0,0.0,0,16.282847171369255,16.29204904211537,16.066802461833923,True,False,False,True,False,False,False,False,False,False,False,False,False,False,False,False,False,True,False
3,2,131.0,30.01321,31.48737,8,0,1,1,0,1,1,0,0,0,90221.37404580152,6,43.666666666666664,6.106870229007633,4,16.282847171369255,16.173530452453797,16.066802461833923,False,True,False,True,False,True,False,False,False,False,False,False,False,False,False,False,False,False,False
3,2,150.0,30.0859375,31.3680496,21,1,1,1,1,1,1,0,0,1,73333.33333333333,6,50.0,14.0,7,15.803385043104912,16.213405921671733,16.066802461833923,False,False,True,True,False,True,False,False,False,False,False,False,False,False,False,False,False,False,False
7,8,422.0,30.025056,31.5948035,0,0,0,0,0,0,0,0,0,0,82938.38862559242,56,60.285714285714285,0.0,0,16.282847171369255,16.29204904211537,16.066802461833923,True,False,False,True,False,False,False,False,False,False,False,False,False,False,False,False,False,True,False
3,3,175.0,30.09177585,31.6426486,41,1,1,0,1,1,1,1,1,1,64000.0,9,58.333333333333336,23.428571428571427,8,15.93111255107345,15.88868261241667,16.066802461833923,False,True,False,True,False,True,False,False,False,False,False,False,False,False,False,False,False,False,False
3,2,104.0,31.0724538,28.2011747,16,1,1,1,1,1,1,1,1,1,38461.53846153846,6,34.666666666666664,15.384615384615383,9,16.345788916607955,16.264790116464905,16.345788916607955,False,False,True,False,True,False,False,True,False,False,False,False,False,False,False,False,False,False,False
3,1,144.0,30.09177585,31.6426486,9,0,0,0,0,1,1,0,0,0,46527.77777777778,3,48.0,6.25,2,15.93111255107345,15.88868261241667,16.066802461833923,False,True,False,True,False,True,False,False,False,False,False,False,False,False,False,False,False,False,False
3,3,162.0,30.0139101,31.5062339,0,0,0,0,0,0,0,0,0,0,161000.0,9,54.0,0.0,0,16.282847171369255,16.29204904211537,16.066802461833923,False,True,False,True,False,True,False,False,False,False,False,False,False,False,False,False,False,False,False
1,1,65.0,29.8561331,30.9018623,37,1,1,1,1,1,0,1,1,1,60000.0,1,65.0,56.92307692307692,8,16.10616420501588,16.19413042991272,16.01134442508541,True,False,False,False,True,True,False,False,False,False,False,False,False,False,False,False,False,False,False
2,3,120.0,31.0724538,28.2011747,19,0,0,1,0,0,0,0,0,0,83333.33333333333,6,60.0,15.833333333333334,1,16.345788916607955,16.264790116464905,16.345788916607955,True,False,False,True,False,False,False,True,False,False,False,False,False,False,False,False,False,False,False
2,2,149.0,31.158448,29.95946,23,1,1,1,1,1,1,1,1,1,40268.45637583893,4,74.5,15.436241610738255,9,16.303695641087522,16.303695641087522,15.851522672265068,False,True,False,True,False,True,False,False,False,False,False,False,False,False,False,False,False,False,False
3,2,145.0,30.0678135,31.5215178,6,0,0,1,0,0,0,0,0,0,44827.58620689655,6,48.333333333333336,4.137931034482759,1,16.282847171369255,16.29204904211537,16.066802461833923,False,True,False,True,False,True,False,False,False,False,False,False,False,False,False,False,False,False,False
1,1,77.0,30.9628937,28.7565892,12,1,1,1,1,1,1,0,0,0,164935.06493506493,1,77.0,15.584415584415584,6,16.345788916607955,16.785925074816024,16.345788916607955,True,False,False,True,False,False,False,True,False,False,False,False,False,False,False,False,False,False,False
3,3,216.0,30.025056,31.5948035,12,0,0,1,1,0,0,0,0,0,106481.48148148147,9,72.0,5.555555555555555,2,16.282847171369255,16.29204904211537,16.066802461833923,False,True,False,True,False,True,False,False,False,False,False,False,False,False,False,False,False,False,False
3,3,290.0,30.0212024,31.4938471,12,0,0,1,1,1,1,0,0,1,58620.68965517241,9,96.66666666666667,4.137931034482759,5,16.282847171369255,16.29204904211537,16.066802461833923,False,False,True,True,False,False,False,False,False,False,False,False,True,False,False,False,False,False,False
5,4,265.0,30.06805,31.406379,38,1,1,1,1,1,1,1,1,1,177358.49056603774,20,53.0,14.339622641509434,9,16.282847171369255,16.489659276356317,16.066802461833923,False,True,False,True,False,False,False,False,False,False,False,False,False,False,False,False,False,True,False
3,4,174.0,29.95953486,31.55604809,0,0,0,0,0,0,0,0,0,0,95977.01149425287,12,58.0,0.0,0,16.282847171369255,16.200596964551092,16.066802461833923,False,True,False,True,False,False,False,False,False,False,False,False,False,False,False,True,False,False,False
4,4,295.0,30.0288434,31.4075884,22,0,1,1,0,0,0,1,0,1,97966.10169491525,16,73.75,7.4576271186440675,4,16.282847171369255,16.29204904211537,16.066802461833923,False,True,False,True,False,False,False,False,False,False,False,False,False,False,False,False,False,True,False
6,7,800.0,29.9842656,31.540594,8,1,0,0,1,1,1,0,0,1,87500.0,42,133.33333333333334,1.0,5,16.282847171369255,16.29204904211537,16.066802461833923,False,False,True,True,False,False,False,False,False,False,False,False,False,False,False,False,False,True,False
2,2,130.0,30.0478192,31.5372842,6,0,0,1,0,0,0,0,0,0,73076.92307692308,4,65.0,4.615384615384615,1,16.282847171369255,16.29204904211537,16.066802461833923,False,True,False,False,True,True,False,False,False,False,False,False,False,False,False,False,False,False,False
3,3,220.0,29.976979,31.7797175,0,0,0,0,0,0,0,0,0,0,45454.545454545456,9,73.33333333333333,0.0,0,15.616501940217244,15.384361031701085,16.066802461833923,False,True,False,False,True,False,False,False,False,False,False,False,False,False,False,True,False,False,False
2,2,128.0,30.0600801,31.5985531,5,0,0,1,0,0,1,0,0,0,96640.625,4,64.0,3.90625,2,16.282847171369255,16.29204904211537,16.066802461833923,False,True,False,False,True,True,False,False,False,False,False,False,False,False,False,False,False,False,False
3,3,173.0,30.018718307987,30.970226822088,26,0,1,1,1,1,1,1,0,1,32549.13294797688,9,57.666666666666664,15.028901734104046,7,16.02378508137718,15.54379778182509,16.01134442508541,False,True,False,False,True,True,False,False,False,False,False,False,False,False,False,False,False,False,False
4,5,300.0,30.0436023,31.5405209,2,0,0,0,0,1,0,0,0,1,86666.66666666667,20,75.0,0.6666666666666666,2,16.282847171369255,16.29204904211537,16.066802461833923,False,True,False,True,False,False,False,False,False,False,False,False,False,False,False,False,True,False,False
3,3,239.0,29.9842656,31.540594,27,1,1,1,1,1,1,1,1,1,65690.37656903766,9,79.66666666666667,11.297071129707112,9,16.282847171369255,16.29204904211537,16.066802461833923,True,False,False,True,False,True,False,False,False,False,False,False,False,False,False,False,False,False,False
3,3,215.0,30.06805,31.406379,4,0,0,1,1,0,0,0,0,0,39770.232558139534,9,71.66666666666667,1.8604651162790697,2,16.282847171369255,16.489659276356317,16.066802461833923,False,False,True,True,False,False,False,False,False,False,False,False,False,False,False,False,False,False,True
3,2,145.0,30.0091323,31.4297898,1,0,0,0,1,0,0,0,0,0,26896.55172413793,6,48.333333333333336,0.6896551724137931,1,16.282847171369255,16.29204904211537,16.066802461833923,False,True,False,True,False,True,False,False,False,False,False,False,False,False,False,False,False,False,False
4,3,180.0,31.2155235,29.9420061,2,0,0,0,0,0,1,0,0,0,41666.666666666664,12,45.0,1.1111111111111112,1,15.830413711839864,15.805301014415544,15.851522672265068,False,True,False,False,True,True,False,False,False,False,False,False,False,False,False,False,False,False,False
4,4,234.0,30.166137,31.6680496,14,1,1,1,0,0,1,0,0,0,128205.1282051282,16,58.5,5.982905982905983,4,16.300417291085605,16.486367704879513,16.066802461833923,False,True,False,False,True,False,False,False,False,False,False,False,False,False,False,False,False,True,False
2,2,154.0,29.9711539,31.7296274,0,0,0,0,0,0,0,0,0,0,27922.077922077922,4,77.0,0.0,0,15.616501940217244,15.687312888712007,16.066802461833923,False,True,False,True,False,True,False,False,False,False,False,False,False,False,False,False,False,False,False
0,1,60.0,30.8224695,28.954309,0,0,0,0,0,0,0,0,0,0,50000.0,0,60.0,0.0,0,16.345788916607955,15.76142084987672,16.345788916607955,False,True,False,False,True,True,False,False,False,False,False,False,False,False,False,False,False,False,False
3,4,250.0,26.8641416,33.9648764,24,1,1,1,1,0,1,1,1,0,96000.0,12,83.33333333333333,9.6,7,16.3394119477972,16.57664092072968,16.233206958474412,False,True,False,False,True,False,False,False,False,False,False,False,False,False,False,False,False,True,False
3,2,125.0,29.2485091,32.6227698,17,0,0,1,1,1,1,0,0,0,28800.0,6,41.666666666666664,13.6,4,15.747032114495013,15.096444681204078,15.747032114495013,True,False,False,True,False,False,False,True,False,False,False,False,False,False,False,False,False,False,False
3,3,183.0,30.166137,31.6680496,23,1,1,1,1,1,1,0,0,1,153005.4644808743,9,61.0,12.56830601092896,7,16.300417291085605,16.486367704879513,16.066802461833923,False,True,False,False,True,True,False,False,False,False,False,False,False,False,False,False,False,False,False
3,2,155.0,29.99352595,31.5196573,0,0,0,0,0,0,0,0,0,0,24516.129032258064,6,51.666666666666664,0.0,0,16.282847171369255,16.29204904211537,16.066802461833923,False,False,True,True,False,True,False,False,False,False,False,False,False,False,False,False,False,False,False
2,2,125.0,31.25182,29.97645,2,0,0,0,0,0,0,0,0,0,26000.0,4,62.5,1.6,0,15.068273812173887,15.068273812173887,15.851522672265068,False,True,False,True,False,True,False,False,False,False,False,False,False,False,False,False,False,False,False
1,1,80.0,29.9633661,31.0009178,0,0,0,0,0,0,0,0,0,0,107250.0,1,80.0,0.0,0,16.10616420501588,15.988839917212927,16.01134442508541,False,True,False,False,True,True,False,False,False,False,False,False,False,False,False,False,False,False,False
3,3,200.0,30.2013484,31.6804732,29,0,1,1,1,1,1,0,0,0,47500.0,9,66.66666666666667,14.5,5,16.088423555642784,16.15957650726579,16.066802461833923,False,True,False,True,False,False,False,False,False,False,False,False,False,False,False,True,False,False,False
2,1,110.0,29.2358744,32.6238155,20,1,1,1,1,1,1,0,0,1,50000.0,2,55.0,18.18181818181818,7,15.747032114495013,16.27732262742667,15.747032114495013,True,False,False,True,False,False,False,True,False,False,False,False,False,False,False,False,False,False,False
2,3,147.0,31.2,29.919,6,0,0,0,0,1,1,0,0,1,69945.57823129251,6,73.5,4.081632653061225,3,16.792878483231114,16.263182720601904,15.851522672265068,False,True,False,True,False,True,False,False,False,False,False,False,False,False,False,False,False,False,False
3,3,160.0,26.8608814,33.944639,15,0,0,1,1,1,1,0,0,1,86937.5,9,53.333333333333336,9.375,5,16.3394119477972,16.189539487919134,16.233206958474412,False,False,True,True,False,False,False,False,False,False,False,False,False,False,False,False,False,True,False
3,2,171.0,30.0713212,31.5772612,41,1,1,1,1,1,1,1,1,1,40935.67251461988,6,57.0,23.976608187134502,9,16.282847171369255,16.29204904211537,16.066802461833923,False,True,False,True,False,True,False,False,False,False,False,False,False,False,False,False,False,False,False
3,2,135.0,30.09177585,31.6426486,17,0,0,0,0,1,1,0,0,1,51851.851851851854,6,45.0,12.592592592592592,3,15.93111255107345,15.88868261241667,16.066802461833923,False,True,False,True,False,True,False,False,False,False,False,False,False,False,False,False,False,False,False
4,3,126.0,31.1903125,27.5931875,12,1,1,1,0,1,1,0,0,1,173317.46031746033,12,31.5,9.523809523809524,6,16.345788916607955,16.87484358496413,16.345788916607955,False,False,True,False,True,False,False,True,False,False,False,False,False,False,False,False,False,False,False
2,2,120.0,31.0814176,28.0817098,21,1,1,1,1,1,1,1,1,0,62500.0,4,60.0,17.5,8,16.345788916607955,16.264790116464905,16.345788916607955,False,True,False,True,False,False,False,True,False,False,False,False,False,False,False,False,False,False,False
3,3,157.0,29.9819025,31.3772485,19,1,1,1,1,1,0,1,1,1,54140.12738853503,9,52.333333333333336,12.101910828025478,8,16.087842710858826,16.034714150714915,16.066802461833923,False,True,False,False,True,True,False,False,False,False,False,False,False,False,False,False,False,False,False
3,2,136.0,30.09177585,31.6426486,3,0,0,0,0,1,0,0,0,0,104352.14705882352,6,45.333333333333336,2.205882352941176,1,15.93111255107345,15.88868261241667,16.066802461833923,False,True,False,False,True,True,False,False,False,False,False,False,False,False,False,False,False,False,False
3,3,200.0,30.005083,30.9699516,12,1,1,1,1,1,0,0,0,0,55000.0,9,66.66666666666667,6.0,5,16.10616420501588,16.29693295701031,16.01134442508541,False,True,False,True,False,True,False,False,False,False,False,False,False,False,False,False,False,False,False
4,3,185.0,29.9842656,31.540594,13,0,1,1,0,0,1,0,0,0,51891.89189189189,12,46.25,7.027027027027026,3,16.282847171369255,16.29204904211537,16.066802461833923,False,True,False,True,False,True,False,False,False,False,False,False,False,False,False,False,False,False,False
5,5,500.0,30.9628937,28.7565892,10,1,0,1,1,0,0,0,0,0,170000.0,25,100.0,2.0,3,16.345788916607955,16.785925074816024,16.345788916607955,True,False,False,True,False,False,False,False,False,False,False,False,False,False,False,False,False,True,False
2,2,140.0,30.057,31.20041,0,0,0,0,0,0,0,0,0,0,28571.428571428572,4,70.0,0.0,0,16.01118965047076,16.01118965047076,16.01134442508541,False,True,False,True,False,True,False,False,False,False,False,False,False,False,False,False,False,False,False
3,2,150.0,31.26527,30.00177,6,0,0,0,0,1,1,0,0,0,44000.0,6,50.0,4.0,2,15.08156496579434,15.08156496579434,15.851522672265068,False,True,False,True,False,True,False,False,False,False,False,False,False,False,False,False,False,False,False
3,3,168.0,30.0478192,31.5372842,0,0,0,0,0,0,0,0,0,0,77380.95238095238,9,56.0,0.0,0,16.282847171369255,16.29204904211537,16.066802461833923,False,True,False,True,False,True,False,False,False,False,False,False,False,False,False,False,False,False,False
3,4,254.0,30.07349031,31.60085522,15,1,1,0,1,1,0,1,1,0,52476.37795275591,12,84.66666666666667,5.905511811023622,6,16.282847171369255,16.29204904211537,16.066802461833923,False,False,True,True,False,False,False,False,False,False,False,False,False,False,False,False,False,False,True
2,2,138.0,30.090647810305,31.377698496569,14,1,1,0,1,1,0,0,0,1,52173.913043478264,4,69.0,10.144927536231885,5,15.803385043104912,15.803385043104912,16.066802461833923,False,True,False,True,False,True,False,False,False,False,False,False,False,False,False,False,False,False,False
2,2,120.0,30.118908615659,31.652102804902,17,1,1,1,1,1,0,1,0,1,50000.0,4,60.0,14.166666666666668,7,16.088423555642784,15.899927389451875,16.066802461833923,False,True,False,False,True,True,False,False,False,False,False,False,False,False,False,False,False,False,False
3,2,145.0,30.1451087,31.6704713,0,0,0,0,0,0,0,0,0,0,17931.03448275862,6,48.333333333333336,0.0,0,16.300417291085605,14.77102238760702,16.066802461833923,False,True,False,True,False,True,False,False,False,False,False,False,False,False,False,False,False,False,False
5,6,180.0,29.39286,32.5399151,0,0,0,0,0,0,0,0,0,0,72222.22222222222,30,36.0,0.0,0,15.747032114495013,16.15731646026544,15.747032114495013,True,False,False,True,False,False,False,False,False,False,False,False,False,False,False,False,False,True,False
2,2,150.0,30.0109885,31.4966928,8,0,0,1,0,1,0,0,0,1,53333.333333333336,4,75.0,5.333333333333333,3,16.282847171369255,16.29204904211537,16.066802461833923,True,False,False,True,False,True,False,False,False,False,False,False,False,False,False,False,False,False,False
3,3,240.0,29.9996989,31.4315722,9,0,0,0,0,1,1,0,0,1,26041.666666666668,9,80.0,3.75,3,16.282847171369255,16.29204904211537,16.066802461833923,False,True,False,True,False,True,False,False,False,False,False,False,False,False,False,False,False,False,False
2,3,126.0,30.0941611,31.7041108,8,0,1,0,1,0,0,0,0,0,34920.63492063492,6,63.0,6.349206349206349,2,15.82707481102028,15.793051943818522,16.066802461833923,False,True,False,True,False,True,False,False,False,False,False,False,False,False,False,False,False,False,False
3,3,140.0,30.0050838,30.9290455,0,0,0,0,0,0,0,0,0,0,39285.71428571428,9,46.666666666666664,0.0,0,16.10616420501588,15.930560647738732,16.01134442508541,False,True,False,True,False,True,False,False,False,False,False,False,False,False,False,False,False,False,False
3,3,160.0,30.2013484,31.6804732,20,0,0,1,0,1,0,1,1,0,81250.0,9,53.333333333333336,12.5,4,16.088423555642784,16.15957650726579,16.066802461833923,False,True,False,True,False,True,False,False,False,False,False,False,False,False,False,False,False,False,False
3,3,149.0,29.9633661,31.0009178,33,1,1,1,1,1,1,1,1,1,33557.04697986577,9,49.666666666666664,22.14765100671141,9,16.10616420501588,15.988839917212927,16.01134442508541,False,True,False,True,False,True,False,False,False,False,False,False,False,False,False,False,False,False,False
2,2,130.0,30.0753933,31.6265648,10,1,1,1,0,0,0,0,1,0,86000.0,4,65.0,7.692307692307692,4,15.82707481102028,16.221521518404195,16.066802461833923,False,True,False,False,True,True,False,False,False,False,False,False,False,False,False,False,False,False,False
3,3,134.0,30.0395901,31.6985965,23,0,1,1,1,1,1,1,0,1,38574.62686567164,9,44.666666666666664,17.16417910447761,7,15.616501940217244,15.458189997639176,16.066802461833923,False,True,False,True,False,True,False,False,False,False,False,False,False,False,False,False,False,False,False
3,2,125.0,30.09177585,31.6426486,0,0,0,0,0,0,0,0,0,0,47200.0,6,41.666666666666664,0.0,0,15.93111255107345,15.88868261241667,16.066802461833923,True,False,False,True,False,True,False,False,False,False,False,False,False,False,False,False,False,False,False
4,4,248.0,31.082141,28.0201651,50,1,1,1,1,1,1,1,1,1,161290.32258064515,16,62.0,20.161290322580644,9,16.345788916607955,16.264790116464905,16.345788916607955,True,False,False,True,False,False,False,False,False,False,False,False,False,False,False,False,True,False,False
3,3,222.0,30.09177585,31.6426486,37,1,1,1,1,1,0,1,1,1,83333.33333333333,9,74.0,16.666666666666664,8,15.93111255107345,15.88868261241667,16.066802461833923,False,True,False,True,False,False,False,False,False,False,False,False,False,False,False,False,False,True,False
3,3,133.0,29.965514923308,31.571382566528,0,0,0,0,0,0,0,0,0,0,43910.52631578947,9,44.333333333333336,0.0,0,16.282847171369255,16.200596964551092,16.066802461833923,False,True,False,False,True,True,False,False,False,False,False,False,False,False,False,False,False,False,False
3,3,135.0,30.099722797012,30.874499742543,15,0,0,0,0,1,0,0,0,1,66666.66666666667,9,45.0,11.11111111111111,2,16.02378508137718,16.01826016389439,16.01134442508541,False,False,True,False,True,True,False,False,False,False,False,False,False,False,False,False,False,False,False
4,4,310.0,29.99352595,31.5196573,0,0,0,0,0,0,0,0,0,0,22419.354838709678,16,77.5,0.0,0,16.282847171369255,16.29204904211537,16.066802461833923,False,True,False,True,False,False,False,False,True,False,False,False,False,False,False,False,False,False,False
3,2,196.0,30.0111753,31.5161206,14,0,0,1,1,1,1,0,0,1,107142.85714285714,6,65.33333333333333,7.142857142857143,5,16.282847171369255,16.29204904211537,16.066802461833923,False,False,True,True,False,True,False,False,False,False,False,False,False,False,False,False,False,False,False
4,4,520.0,27.631819579758,31.179296956131,19,1,1,1,1,0,0,1,1,0,100000.0,16,130.0,3.6538461538461537,6,16.345788916607955,16.910315723477588,16.345788916607955,False,False,True,True,False,False,False,False,False,False,False,False,False,False,False,False,False,True,False
3,3,270.0,30.0533743,30.93049955,2,0,0,0,0,1,0,0,0,1,56481.48148148148,9,90.0,0.7407407407407407,2,16.02378508137718,16.540090126591462,16.01134442508541,False,True,False,True,False,False,False,False,False,False,False,False,False,False,False,False,True,False,False
5,4,282.0,31.0846702,27.9347746,23,1,1,1,1,0,0,1,1,0,75177.30496453901,20,56.4,8.156028368794328,6,16.345788916607955,16.548253436697504,16.345788916607955,False,True,False,True,False,False,False,False,False,False,False,False,False,False,False,False,False,True,False
2,2,111.0,29.9932585,31.3072295,12,0,0,0,0,1,0,0,0,1,28000.0,4,55.5,10.81081081081081,2,15.830413711839864,14.792024745808913,16.066802461833923,False,True,False,False,True,True,False,False,False,False,False,False,False,False,False,False,False,False,False
3,2,145.0,30.0713212,31.5772612,25,1,1,1,1,1,1,0,0,1,55172.41379310345,6,48.333333333333336,17.24137931034483,7,16.282847171369255,16.29204904211537,16.066802461833923,False,True,False,True,False,True,False,False,False,False,False,False,False,False,False,False,False,False,False
2,2,113.0,29.9308114,31.0876497,9,0,1,1,1,0,0,0,0,0,47973.45132743363,4,56.5,7.964601769911505,3,15.279199431073042,15.701270103510215,16.01134442508541,False,True,False,True,False,True,False,False,False,False,False,False,False,False,False,False,False,False,False
2,2,136.0,30.2013484,31.6804732,9,1,1,1,1,1,1,0,0,0,36764.705882352944,4,68.0,6.617647058823529,6,16.088423555642784,16.15957650726579,16.066802461833923,False,False,True,True,False,True,False,False,False,False,False,False,False,False,False,False,False,False,False
5,4,285.0,30.0050838,30.9290455,22,1,1,0,1,1,0,0,0,1,45614.0350877193,20,57.0,7.719298245614035,5,16.10616420501588,15.930560647738732,16.01134442508541,False,True,False,True,False,False,False,False,False,False,False,False,False,False,False,False,False,True,False
3,2,150.0,29.9227922,31.0820389,24,0,1,0,0,1,1,0,0,1,27333.333333333332,6,50.0,16.0,4,16.10616420501588,15.226497775576945,16.01134442508541,False,True,False,True,False,True,False,False,False,False,False,False,False,False,False,False,False,False,False
3,2,175.0,29.98644,31.16651,0,0,0,0,0,0,0,0,0,0,16857.14285714286,6,58.333333333333336,0.0,0,14.88022163978423,14.751604309291395,16.01134442508541,False,True,False,True,False,True,False,False,False,False,False,False,False,False,False,False,False,False,False
4,4,341.0,30.0102788,31.5379067,3,0,0,0,0,1,0,0,0,1,184750.7331378299,16,85.25,0.8797653958944281,2,16.282847171369255,16.29204904211537,16.066802461833923,False,True,False,True,False,False,False,False,False,False,False,False,False,False,False,False,False,True,False
4,3,250.0,31.0846702,27.9347746,11,1,1,0,0,1,1,1,0,0,105000.0,12,62.5,4.4,5,16.345788916607955,16.548253436697504,16.345788916607955,True,False,False,True,False,False,False,False,True,False,False,False,False,False,False,False,False,False,False
4,5,287.0,29.9885982,31.0445272,45,1,1,1,1,1,1,1,1,1,60069.68641114983,20,71.75,15.679442508710801,9,16.10616420501588,16.39933015491581,16.01134442508541,False,True,False,True,False,False,False,False,False,False,False,False,False,False,False,False,False,True,False
3,2,220.0,29.970745778017,30.862376349077,38,1,1,1,1,1,1,0,0,1,44068.181818181816,6,73.33333333333333,17.27272727272727,7,16.10616420501588,16.747326199740595,16.01134442508541,False,False,True,False,True,False,False,False,False,False,False,False,False,False,False,False,False,False,True
2,2,104.0,30.86460964,28.93906663,33,1,1,1,1,1,1,0,0,1,85000.0,4,52.0,31.73076923076923,7,16.345788916607955,15.76142084987672,16.345788916607955,False,False,True,False,True,False,False,False,False,True,False,False,False,False,False,False,False,False,False
3,3,227.0,30.0550268,31.3366903,5,1,1,0,0,0,0,1,1,0,42681.32158590308,9,75.66666666666667,2.202643171806167,4,15.616501940217244,16.086466790624172,16.066802461833923,False,True,False,True,False,True,False,False,False,False,False,False,False,False,False,False,False,False,False
3,3,155.0,29.9903602,31.5105811,18,1,1,1,1,0,0,1,1,0,61290.32258064516,9,51.666666666666664,11.612903225806452,6,16.282847171369255,16.29204904211537,16.066802461833923,False,True,False,False,True,True,False,False,False,False,False,False,False,False,False,False,False,False,False
3,3,170.0,30.9628937,28.7565892,33,1,1,1,1,1,1,1,1,1,164705.88235294117,9,56.666666666666664,19.411764705882355,9,16.345788916607955,16.785925074816024,16.345788916607955,True,False,False,True,False,False,False,True,False,False,False,False,False,False,False,False,False,False,False
2,2,92.0,31.082957585789,28.032116949628,0,0,0,0,0,0,0,0,0,0,73478.26086956522,4,46.0,0.0,0,16.345788916607955,16.264790116464905,16.345788916607955,False,True,False,False,True,False,False,True,False,False,False,False,False,False,False,False,False,False,False
4,3,185.0,27.631819579758,31.179296956131,16,0,0,1,1,1,1,0,0,1,194940.54054054053,12,46.25,8.648648648648647,5,16.345788916607955,16.910315723477588,16.345788916607955,False,True,False,True,False,False,False,True,False,False,False,False,False,False,False,False,False,False,False
4,3,175.0,30.055711985811,30.832810731553,15,0,0,1,1,1,1,0,0,1,137142.85714285713,12,43.75,8.571428571428571,5,16.02378508137718,16.62486831228115,16.01134442508541,False,False,True,True,False,False,False,False,False,False,False,False,False,False,False,False,False,True,False
3,3,180.0,31.069445,28.121653,29,1,1,1,1,1,0,1,1,1,110250.55555555556,9,60.0,16.11111111111111,8,16.345788916607955,16.803467733629535,16.345788916607955,False,True,False,False,True,False,False,False,False,False,False,False,True,False,False,False,False,False,False
3,3,580.0,30.09177585,31.6426486,8,0,0,0,1,1,1,0,0,0,60344.8275862069,9,193.33333333333334,1.3793103448275863,3,15.93111255107345,15.88868261241667,16.066802461833923,False,True,False,True,False,False,False,False,False,False,False,False,False,False,False,False,False,True,False
1,1,103.0,30.09177585,31.6426486,0,0,0,0,0,0,0,0,0,0,32524.271844660194,1,103.0,0.0,0,15.93111255107345,15.88868261241667,16.066802461833923,False,True,False,True,False,True,False,False,False,False,False,False,False,False,False,False,False,False,False
3,3,165.0,30.06805,31.406379,11,0,0,1,1,0,0,0,0,0,47325.15151515151,9,55.0,6.666666666666667,2,16.282847171369255,16.489659276356317,16.066802461833923,False,True,False,False,True,True,False,False,False,False,False,False,False,False,False,False,False,False,False
2,2,100.0,30.0035761,31.4056766,0,0,0,0,0,0,0,0,0,0,85000.0,4,50.0,0.0,0,16.282847171369255,16.29204904211537,16.066802461833923,False,True,False,False,True,True,False,False,False,False,False,False,False,False,False,False,False,False,False
4,4,265.0,30.0105262,31.0024232,20,1,1,1,1,1,0,1,1,1,47094.339622641506,16,66.25,7.547169811320755,8,16.02378508137718,16.431599413383452,16.01134442508541,False,True,False,True,False,False,False,False,False,False,False,False,False,False,False,False,True,False,False
0,1,68.0,30.03338474,31.49465777,12,0,0,1,0,1,1,0,0,1,80500.0,0,60.0,17.64705882352941,4,16.282847171369255,16.29204904211537,16.066802461833923,False,True,False,False,True,True,False,False,False,False,False,False,False,False,False,False,False,False,False
4,4,250.0,30.0000227,31.0342844,33,1,1,1,1,0,0,1,1,0,72000.0,16,62.5,13.2,6,16.10616420501588,17.216707972959764,16.01134442508541,False,True,False,True,False,False,False,False,False,False,False,False,False,False,False,False,False,True,False
3,3,168.0,31.0724538,28.2011747,23,1,1,1,1,1,1,1,1,1,111904.76190476191,9,56.0,13.690476190476192,9,16.345788916607955,16.264790116464905,16.345788916607955,False,True,False,False,True,False,False,False,False,False,False,False,False,False,False,True,False,False,False
3,2,125.0,29.6727347,32.3374381,28,1,1,1,1,1,1,1,1,1,74056.0,6,41.666666666666664,22.4,9,15.747032114495013,15.967921456359903,15.747032114495013,False,True,False,False,True,False,False,True,False,False,False,False,False,False,False,False,False,False,False
2,2,120.0,30.86460964,28.93906663,50,1,1,1,1,1,1,1,1,1,33750.0,4,60.0,41.66666666666667,9,16.345788916607955,15.76142084987672,16.345788916607955,False,True,False,True,False,False,False,True,False,False,False,False,False,False,False,False,False,False,False
4,4,255.0,30.0074176,31.4887433,9,0,0,1,0,1,1,0,0,0,70588.23529411765,16,63.75,3.5294117647058827,3,16.282847171369255,16.29204904211537,16.066802461833923,False,True,False,True,False,False,False,False,False,False,False,False,False,False,False,False,False,True,False
3,4,210.0,30.0074176,31.4887433,9,0,1,1,1,0,1,0,0,0,66380.95238095238,12,70.0,4.285714285714286,4,16.282847171369255,16.29204904211537,16.066802461833923,False,True,False,False,True,True,False,False,False,False,False,False,False,False,False,False,False,False,False
4,3,240.0,27.631819579758,31.179296956131,19,1,1,1,1,0,0,1,1,0,65833.33333333333,12,60.0,7.916666666666667,6,16.345788916607955,16.910315723477588,16.345788916607955,False,False,True,False,True,False,False,False,False,False,False,False,False,False,False,False,True,False,False
2,2,122.0,30.0478192,31.5372842,0,0,0,0,0,0,0,0,0,0,75409.83606557376,4,61.0,0.0,0,16.282847171369255,16.29204904211537,16.066802461833923,False,True,False,True,False,True,False,False,False,False,False,False,False,False,False,False,False,False,False
3,2,131.0,31.0814176,28.0817098,32,1,1,1,0,1,1,1,1,0,70152.6717557252,6,43.666666666666664,24.427480916030532,7,16.345788916607955,16.264790116464905,16.345788916607955,False,True,False,False,True,False,False,True,False,False,False,False,False,False,False,False,False,False,False
3,4,235.0,29.99792889,31.49372067,24,1,1,1,0,1,0,1,1,1,136170.21276595743,12,78.33333333333333,10.212765957446807,7,16.282847171369255,16.29204904211537,16.066802461833923,False,True,False,False,True,False,False,False,False,False,False,False,False,False,False,True,False,False,False
3,3,150.0,31.0728268,28.3669755,50,1,1,1,1,1,1,1,1,1,33333.333333333336,9,50.0,33.333333333333336,9,16.345788916607955,15.540504510245132,16.345788916607955,True,False,False,False,True,False,False,True,False,False,False,False,False,False,False,False,False,False,False
3,2,145.0,30.0395901,31.6985965,25,1,1,1,1,1,1,0,0,1,40000.0,6,48.333333333333336,17.24137931034483,7,15.616501940217244,15.458189997639176,16.066802461833923,False,True,False,True,False,True,False,False,False,False,False,False,False,False,False,False,False,False,False
2,2,101.0,31.0789366,28.1843221,25,1,1,1,1,1,1,0,0,1,100990.099009901,4,50.5,24.752475247524753,7,16.345788916607955,16.264790116464905,16.345788916607955,False,True,False,True,False,False,False,True,False,False,False,False,False,False,False,False,False,False,False
3,2,140.0,30.09177585,31.6426486,31,1,1,1,1,1,1,0,0,0,62857.142857142855,6,46.666666666666664,22.142857142857146,6,15.93111255107345,15.88868261241667,16.066802461833923,False,True,False,False,True,True,False,False,False,False,False,False,False,False,False,False,False,False,False
3,3,190.0,30.0920272,31.4838462,4,0,0,0,0,0,0,0,0,0,157894.73684210525,9,63.333333333333336,2.1052631578947367,0,16.282847171369255,16.489659276356317,16.066802461833923,False,False,True,True,False,False,False,False,False,False,False,False,False,False,False,True,False,False,False
6,6,402.0,29.550836851327,30.867589850082,26,1,1,1,1,1,1,1,1,1,34557.21393034826,36,67.0,6.467661691542289,9,16.552148280706213,16.552148280706213,15.851522672265068,False,True,False,False,True,False,False,False,False,False,False,False,False,False,False,False,True,False,False
2,2,115.0,29.290958,32.6008991,6,0,0,0,1,1,1,0,0,0,43478.260869565216,4,57.5,5.217391304347826,3,15.747032114495013,15.41484731878041,15.747032114495013,False,True,False,True,False,False,False,True,False,False,False,False,False,False,False,False,False,False,False
2,2,123.0,30.9628937,28.7565892,0,0,0,0,0,0,0,0,0,0,178861.78861788617,4,61.5,0.0,0,16.345788916607955,16.785925074816024,16.345788916607955,True,False,False,True,False,False,False,True,False,False,False,False,False,False,False,False,False,False,False
4,4,240.0,30.171762745248,31.556283861323,50,1,1,1,1,1,1,1,1,1,102083.33333333333,16,60.0,20.833333333333336,9,15.82707481102028,17.043895425389287,16.066802461833923,False,True,False,False,True,False,False,False,False,False,False,False,False,False,False,False,True,False,False
5,4,210.0,30.084482192642,30.963006624909,22,1,1,1,1,1,0,1,1,1,142857.14285714287,20,42.0,10.476190476190476,8,16.02378508137718,16.759949589762293,16.01134442508541,False,True,False,False,True,False,False,False,False,False,False,False,False,False,False,False,False,True,False
3,2,139.0,30.0550268,31.3366903,19,1,0,0,1,1,1,1,1,1,86330.93525179857,6,46.333333333333336,13.66906474820144,7,16.345788916607955,16.264790116464905,16.345788916607955,False,True,False,True,False,False,False,True,False,False,False,False,False,False,False,False,False,False,False
3,2,147.0,30.02834,31.83725,41,1,1,0,1,1,1,0,0,1,64625.85034013606,6,49.0,27.891156462585034,6,15.616501940217244,16.033383700986175,16.066802461833923,False,True,False,True,False,True,False,False,False,False,False,False,False,False,False,False,False,False,False
3,3,170.0,31.0821705,28.0283681,46,1,1,1,1,1,1,1,1,1,158823.5294117647,9,56.666666666666664,27.058823529411764,9,16.345788916607955,15.853869784785122,16.345788916607955,True,False,False,True,False,False,False,False,False,False,False,False,False,False,False,False,False,True,False
0,1,81.0,30.0941611,31.7041108,0,0,0,0,0,0,0,0,0,0,33413.81481481482,0,60.0,0.0,0,15.82707481102028,15.793051943818522,16.066802461833923,False,False,True,False,True,True,False,False,False,False,False,False,False,False,False,False,False,False,False
4,4,308.0,31.1956859,27.554789,10,0,0,0,1,0,0,0,0,0,136363.63636363635,16,77.0,3.2467532467532467,1,16.345788916607955,17.361900302320812,16.345788916607955,False,True,False,False,True,False,False,False,False,False,False,False,False,False,False,False,False,True,False
6,5,314.0,30.076691,30.8767599,15,1,1,1,1,1,1,1,1,1,38216.56050955414,30,52.333333333333336,4.777070063694267,9,16.02378508137718,16.300417291085605,16.01134442508541,False,False,True,True,False,False,False,False,False,False,False,False,False,False,False,False,False,True,False
4,4,221.0,30.0102788,31.5379067,22,1,1,1,1,0,0,1,1,0,153846.15384615384,16,55.25,9.95475113122172,6,16.282847171369255,16.29204904211537,16.066802461833923,True,False,False,True,False,False,False,False,False,False,False,False,False,False,False,True,False,False,False
4,5,560.0,30.166137,31.6680496,5,0,0,0,1,1,0,0,0,1,53571.42857142857,20,140.0,0.8928571428571429,3,16.300417291085605,16.486367704879513,16.066802461833923,False,False,True,True,False,False,False,False,False,False,False,False,False,False,False,False,False,True,False
2,2,120.0,31.3543445,27.2373159,46,1,1,1,1,1,1,1,1,0,122500.0,4,60.0,38.333333333333336,8,16.345788916607955,16.264790116464905,16.345788916607955,False,False,True,True,False,False,False,True,False,False,False,False,False,False,False,False,False,False,False
2,2,130.0,29.39286,32.5399151,44,1,1,1,1,1,1,1,1,1,86538.46153846153,4,65.0,33.84615384615385,9,15.747032114495013,16.15731646026544,15.747032114495013,False,True,False,False,True,False,False,True,False,False,False,False,False,False,False,False,False,False,False
2,1,40.0,30.0035761,31.4056766,0,0,0,0,0,0,0,0,0,0,61250.0,2,20.0,0.0,0,16.282847171369255,16.29204904211537,16.066802461833923,True,False,False,True,False,False,False,False,False,False,False,True,False,False,False,False,False,False,False
3,2,145.0,30.0050838,30.9290455,0,0,0,0,0,0,0,0,0,0,40689.65517241379,6,48.333333333333336,0.0,0,16.10616420501588,15.930560647738732,16.01134442508541,False,True,False,False,True,True,False,False,False,False,False,False,False,False,False,False,False,False,False
1,1,63.0,28.932180281869,30.845714475462,6,0,0,0,0,0,1,0,0,0,55555.555555555555,1,63.0,9.523809523809524,1,16.345788916607955,15.76142084987672,16.345788916607955,False,True,False,False,True,False,False,True,False,False,False,False,False,False,False,False,False,False,False
3,3,160.0,30.0478192,31.5372842,34,1,1,1,1,1,1,1,1,1,62500.0,9,53.333333333333336,21.25,9,16.282847171369255,16.29204904211537,16.066802461833923,False,True,False,True,False,True,False,False,False,False,False,False,False,False,False,False,False,False,False
3,3,214.0,30.06603,31.48561,58,1,1,1,1,1,1,0,0,1,63551.40186915888,9,71.33333333333333,27.102803738317757,7,16.282847171369255,15.86963441986494,16.066802461833923,False,True,False,True,False,True,False,False,False,False,False,False,False,False,False,False,False,False,False
3,3,250.0,30.04019814144,31.539969035582,7,0,1,1,0,1,1,0,0,0,86196.0,9,83.33333333333333,2.8,4,16.282847171369255,16.29204904211537,16.066802461833923,False,True,False,True,False,False,False,False,False,False,False,False,True,False,False,False,False,False,False
2,2,96.0,30.09177585,31.6426486,9,0,0,0,1,1,1,0,0,0,57812.5,4,48.0,9.375,3,15.93111255107345,15.88868261241667,16.066802461833923,False,True,False,True,False,True,False,False,False,False,False,False,False,False,False,False,False,False,False
2,2,130.0,31.0846702,27.9347746,3,0,0,0,0,0,0,0,0,0,101538.46153846153,4,65.0,2.3076923076923075,0,16.345788916607955,16.548253436697504,16.345788916607955,False,True,False,True,False,False,False,True,False,False,False,False,False,False,False,False,False,False,False
4,5,373.0,30.2013484,31.6804732,5,0,1,1,1,1,1,0,0,0,120643.43163538874,20,93.25,1.3404825737265416,5,16.088423555642784,16.15957650726579,16.066802461833923,False,True,False,True,False,False,False,False,False,False,False,False,False,False,False,False,True,False,False
4,4,319.0,30.09177585,31.6426486,20,1,1,0,1,1,1,1,1,1,121630.09404388715,16,79.75,6.269592476489028,8,15.93111255107345,15.88868261241667,16.066802461833923,False,True,False,False,True,False,False,False,False,False,False,False,False,False,False,False,False,True,False
3,2,167.0,30.0919966,31.3722117,33,1,1,1,1,1,1,1,0,1,40419.161676646705,6,55.666666666666664,19.76047904191617,8,15.616501940217244,15.511084268579019,16.066802461833923,False,True,False,False,True,True,False,False,False,False,False,False,False,False,False,False,False,False,False
0,1,51.0,27.197552722822,33.83889140745,12,0,0,0,1,1,1,0,0,1,66447.0,0,60.0,23.52941176470588,4,15.201805169084134,15.035985844209636,16.233206958474412,False,True,False,False,True,True,False,False,False,False,False,False,False,False,False,False,False,False,False
5,6,570.0,30.0716958,31.4354433,22,1,1,0,1,1,1,0,0,0,114035.08771929824,30,114.0,3.8596491228070176,5,16.282847171369255,16.489659276356317,16.066802461833923,True,False,False,True,False,False,False,False,False,False,False,False,False,False,False,False,False,True,False
3,3,193.0,29.9651603,31.5327758,44,1,1,1,1,1,1,1,1,1,51813.47150259068,9,64.33333333333333,22.797927461139896,9,16.282847171369255,16.29204904211537,16.066802461833923,False,True,False,True,False,True,False,False,False,False,False,False,False,False,False,False,False,False,False
3,4,184.0,30.0662855,31.4744728,48,1,1,1,1,1,1,1,1,1,84239.13043478261,12,61.333333333333336,26.08695652173913,9,16.282847171369255,16.29204904211537,16.066802461833923,False,True,False,True,False,False,False,False,False,False,False,False,True,False,False,False,False,False,False
4,4,400.0,30.0298889,31.41647,11,0,0,1,0,0,1,0,0,0,35000.0,16,100.0,2.75,2,16.282847171369255,16.29204904211537,16.066802461833923,False,True,False,True,False,True,False,False,False,False,False,False,False,False,False,False,False,False,False
4,4,280.0,30.0102788,31.5379067,0,0,0,0,0,0,0,0,0,0,119642.85714285714,16,70.0,0.0,0,16.282847171369255,16.29204904211537,16.066802461833923,False,True,False,True,False,False,False,False,False,False,False,False,False,False,False,True,False,False,False
4,4,282.0,31.0846702,27.9347746,0,0,0,0,0,0,0,0,0,0,84219.85815602836,16,70.5,0.0,0,16.345788916607955,16.548253436697504,16.345788916607955,True,False,False,True,False,False,False,False,False,False,False,False,False,False,False,False,False,True,False
4,3,365.0,29.96359,31.27522,13,0,0,0,0,0,1,0,0,0,23287.671232876713,12,91.25,3.5616438356164384,1,16.23365160270985,16.205072399057848,16.066802461833923,False,True,False,True,False,False,False,False,True,False,False,False,False,False,False,False,False,False,False
4,3,270.0,30.09177585,31.6426486,4,0,0,0,1,1,1,0,0,0,62962.96296296296,12,67.5,1.4814814814814814,3,15.93111255107345,15.88868261241667,16.066802461833923,False,True,False,True,False,True,False,False,False,False,False,False,False,False,False,False,False,False,False
5,4,418.0,30.9447479,28.7978345,0,0,0,0,0,0,0,0,0,0,45334.92822966507,20,83.6,0.0,0,16.345788916607955,16.785925074816024,16.345788916607955,True,False,False,True,False,False,False,True,False,False,False,False,False,False,False,False,False,False,False
2,1,103.0,30.02834,31.83725,36,1,1,1,1,1,1,0,0,1,42718.446601941745,2,51.5,34.95145631067961,7,15.616501940217244,16.033383700986175,16.066802461833923,False,True,False,False,True,True,False,False,False,False,False,False,False,False,False,False,False,False,False
2,2,80.0,28.770563694574,30.94784721045,0,0,0,0,0,0,0,0,0,0,50000.0,4,40.0,0.0,0,16.345788916607955,16.785925074816024,16.345788916607955,False,True,False,False,True,False,False,True,False,False,False,False,False,False,False,False,False,False,False
9,7,1100.0,29.9986558,31.426684,0,0,0,0,0,0,0,0,0,0,34545.454545454544,63,122.22222222222223,0.0,0,16.282847171369255,16.489659276356317,16.066802461833923,False,True,False,True,False,False,False,False,False,False,False,False,False,False,False,False,False,True,False
1,1,70.0,29.4960634,32.4238179,0,0,0,0,0,0,0,0,0,0,105714.28571428571,1,70.0,0.0,0,15.747032114495013,15.816990693309524,15.747032114495013,False,False,True,False,True,False,False,True,False,False,False,False,False,False,False,False,False,False,False
2,2,92.0,31.0821705,28.0283681,12,1,0,0,0,1,1,0,0,0,80978.26086956522,4,46.0,13.043478260869565,3,16.345788916607955,15.853869784785122,16.345788916607955,False,True,False,True,False,False,False,True,False,False,False,False,False,False,False,False,False,False,False
3,3,180.0,30.06603,31.48561,6,0,0,1,0,0,0,0,0,0,58333.333333333336,9,60.0,3.333333333333333,1,16.282847171369255,15.86963441986494,16.066802461833923,False,True,False,True,False,True,False,False,False,False,False,False,False,False,False,False,False,False,False
3,5,250.0,30.057,31.20041,12,0,0,0,0,0,1,0,0,0,42000.0,15,83.33333333333333,4.8,1,16.01118965047076,16.01118965047076,16.01134442508541,True,False,False,True,False,True,False,False,False,False,False,False,False,False,False,False,False,False,False
3,3,190.0,30.166137,31.6680496,28,1,1,1,1,0,1,1,1,0,94736.84210526316,9,63.333333333333336,14.73684210526316,7,16.300417291085605,16.486367704879513,16.066802461833923,True,False,False,True,False,False,False,False,False,False,False,False,True,False,False,False,False,False,False
3,3,170.0,30.107832255957,31.596580211647,58,1,1,1,1,1,1,1,1,1,20361.470588235294,9,56.666666666666664,34.11764705882353,9,16.088423555642784,16.380459992348886,16.066802461833923,False,True,False,True,False,True,False,False,False,False,False,False,False,False,False,False,False,False,False
3,2,130.0,30.014037383067,30.988163564418,25,1,1,1,1,1,1,1,1,1,57692.307692307695,6,43.333333333333336,19.23076923076923,9,16.02378508137718,15.830413711839864,16.01134442508541,False,True,False,False,True,True,False,False,False,False,False,False,False,False,False,False,False,False,False
3,3,280.0,30.0029471,31.595582,50,1,1,1,1,1,1,1,1,1,66964.28571428571,9,93.33333333333333,17.857142857142858,9,15.616501940217244,16.956410275190038,16.066802461833923,False,True,False,True,False,False,False,False,False,False,False,False,False,False,False,False,True,False,False
2,2,100.0,29.9932585,31.3072295,2,0,0,0,0,1,0,0,0,1,22000.0,4,50.0,2.0,2,15.830413711839864,14.792024745808913,16.066802461833923,False,True,False,True,False,True,False,False,False,False,False,False,False,False,False,False,False,False,False
2,1,110.0,29.9780594,31.5043259,20,0,1,0,1,1,1,0,0,1,90909.09090909091,2,55.0,18.18181818181818,5,16.282847171369255,16.29204904211537,16.066802461833923,False,True,False,True,False,True,False,False,False,False,False,False,False,False,False,False,False,False,False
3,3,195.0,29.9842656,31.540594,15,0,0,1,1,1,1,0,0,1,105230.76923076923,9,65.0,7.6923076923076925,5,16.282847171369255,16.29204904211537,16.066802461833923,False,False,True,True,False,False,False,False,False,False,False,False,False,False,False,False,False,True,False
4,5,300.0,30.0029471,31.595582,22,1,1,1,1,0,0,1,1,0,91666.66666666667,20,75.0,7.333333333333333,6,15.616501940217244,16.956410275190038,16.066802461833923,False,True,False,True,False,False,False,False,False,False,False,False,False,False,False,False,False,True,False
3,4,360.0,30.09177585,31.6426486,13,1,1,1,1,0,1,0,1,0,100000.0,12,120.0,3.611111111111111,6,15.93111255107345,15.88868261241667,16.066802461833923,False,False,True,True,False,False,False,False,False,False,False,False,False,False,False,False,False,True,False
3,3,157.0,30.0091323,31.4297898,0,0,0,0,0,0,0,0,0,0,30445.859872611465,9,52.333333333333336,0.0,0,16.282847171369255,16.29204904211537,16.066802461833923,False,False,True,True,False,True,False,False,False,False,False,False,False,False,False,False,False,False,False
4,4,220.0,29.96511984,31.54484867,25,1,1,1,1,1,1,1,1,1,68181.81818181818,16,55.0,11.363636363636363,9,16.282847171369255,16.29204904211537,16.066802461833923,False,True,False,False,True,False,False,False,False,False,False,False,False,False,False,False,False,True,False
4,3,260.0,30.0941611,31.7041108,8,0,1,0,1,0,1,0,0,0,55769.230769230766,12,65.0,3.0769230769230766,3,15.82707481102028,15.793051943818522,16.066802461833923,False,True,False,True,False,False,False,False,False,False,False,False,False,False,False,False,False,True,False
2,2,94.0,31.3543445,27.2373159,49,1,1,1,1,1,1,1,1,1,61202.12765957447,4,47.0,52.12765957446809,9,16.345788916607955,16.264790116464905,16.345788916607955,False,True,False,True,False,False,False,True,False,False,False,False,False,False,False,False,False,False,False
3,2,155.0,30.032755,31.4620516,5,0,0,0,0,0,0,0,0,0,35483.87096774193,6,51.666666666666664,3.225806451612903,0,16.282847171369255,16.29204904211537,16.066802461833923,False,True,False,True,False,True,False,False,False,False,False,False,False,False,False,False,False,False,False
3,3,200.0,29.9875186,31.5555302,19,1,1,1,1,0,0,1,1,0,82000.0,9,66.66666666666667,9.5,6,16.282847171369255,16.29204904211537,16.066802461833923,False,False,True,True,False,True,False,False,False,False,False,False,False,False,False,False,False,False,False
3,2,150.0,29.9875186,31.5555302,17,1,1,1,1,0,0,0,1,0,66666.66666666667,6,50.0,11.333333333333334,5,16.282847171369255,16.29204904211537,16.066802461833923,False,True,False,False,True,True,False,False,False,False,False,False,False,False,False,False,False,False,False
3,4,235.0,30.07349031,31.60085522,5,0,0,1,1,0,0,0,0,0,51063.82978723404,12,78.33333333333333,2.127659574468085,2,16.282847171369255,16.29204904211537,16.066802461833923,False,False,True,True,False,False,False,False,False,False,False,False,False,False,False,False,False,False,True
1,1,93.0,30.9628937,28.7565892,11,0,0,0,0,1,1,0,0,0,166666.66666666666,1,93.0,11.827956989247312,2,16.345788916607955,16.785925074816024,16.345788916607955,False,True,False,True,False,False,False,True,False,False,False,False,False,False,False,False,False,False,False
4,3,217.0,29.7666672,31.0988357,6,0,0,1,0,1,0,0,0,1,49308.755760368666,12,54.25,2.7649769585253456,3,16.101268496405105,16.101268496405105,15.851522672265068,False,True,False,True,False,True,False,False,False,False,False,False,False,False,False,False,False,False,False
4,4,257.0,30.124566003758,30.854185072353,28,1,1,0,1,1,1,1,1,1,114007.78210116732,16,64.25,10.894941634241246,8,16.02378508137718,16.290821674263068,16.01134442508541,False,True,False,False,True,False,False,False,False,False,False,False,False,False,False,False,False,True,False
1,2,95.0,27.855874427197,31.246581787806,23,1,1,1,1,0,0,1,1,0,136842.1052631579,2,95.0,24.210526315789476,6,16.345788916607955,16.264790116464905,16.345788916607955,False,True,False,False,True,False,False,True,False,False,False,False,False,False,False,False,False,False,False
3,3,165.0,30.04842577295,31.501481164322,13,0,1,1,1,0,0,0,0,0,63636.36363636364,9,55.0,7.878787878787879,3,16.282847171369255,16.29204904211537,16.066802461833923,False,True,False,False,True,True,False,False,False,False,False,False,False,False,False,False,False,False,False
2,2,115.0,31.0952654,27.9249993,22,1,1,1,1,0,0,1,1,0,91304.34782608696,4,57.5,19.1304347826087,6,16.345788916607955,16.264790116464905,16.345788916607955,False,True,False,True,False,False,False,True,False,False,False,False,False,False,False,False,False,False,False
1,1,40.0,30.02203,31.30139,0,0,0,0,0,0,0,0,0,0,74000.0,1,40.0,0.0,0,15.830413711839864,15.830413711839864,16.066802461833923,True,False,False,True,False,False,False,False,False,False,False,True,False,False,False,False,False,False,False
0,1,59.0,30.09177585,31.6426486,7,0,0,0,0,1,0,0,0,1,61016.94915254237,0,60.0,11.864406779661017,2,15.93111255107345,15.88868261241667,16.066802461833923,False,True,False,True,False,True,False,False,False,False,False,False,False,False,False,False,False,False,False
3,2,175.0,30.0395901,31.6985965,14,0,1,1,1,0,1,0,0,0,32000.0,6,58.333333333333336,8.0,4,15.616501940217244,15.458189997639176,16.066802461833923,False,False,True,True,False,True,False,False,False,False,False,False,False,False,False,False,False,False,False
2,3,128.0,30.025056,31.5948035,8,0,1,1,0,1,1,0,0,0,74218.75,6,64.0,6.25,4,16.282847171369255,16.29204904211537,16.066802461833923,False,True,False,True,False,False,False,False,False,False,False,False,True,False,False,False,False,False,False
1,1,96.0,30.8583492,28.9042079,13,1,1,1,1,1,1,0,0,0,52656.25,1,96.0,13.541666666666668,6,16.345788916607955,15.76142084987672,16.345788916607955,False,True,False,True,False,False,False,True,False,False,False,False,False,False,False,False,False,False,False
4,3,250.0,30.0696585,31.5454876,6,0,0,0,0,1,0,0,0,1,16000.0,12,62.5,2.4,2,16.282847171369255,16.29204904211537,16.066802461833923,False,True,False,True,False,True,False,False,False,False,False,False,False,False,False,False,False,False,False
3,3,145.0,31.07192223,28.22889797,12,0,0,0,0,0,0,0,0,0,84482.75862068965,9,48.333333333333336,8.275862068965518,0,16.345788916607955,16.491037636231447,16.345788916607955,False,False,True,False,True,False,False,False,False,False,False,False,False,False,False,False,False,False,True
4,4,300.0,30.9447479,28.7978345,8,1,1,1,1,1,0,0,0,0,52000.0,16,75.0,2.6666666666666665,5,16.345788916607955,16.785925074816024,16.345788916607955,True,False,False,True,False,False,False,True,False,False,False,False,False,False,False,False,False,False,False
3,3,240.0,30.07349031,31.60085522,21,1,1,1,0,1,1,0,0,1,47500.0,9,80.0,8.75,6,16.282847171369255,16.29204904211537,16.066802461833923,False,False,True,False,True,False,False,False,False,False,False,False,False,False,False,False,False,False,True
2,1,78.0,30.09177585,31.6426486,19,0,1,0,0,1,0,0,0,1,60256.41025641026,2,39.0,24.358974358974358,3,15.93111255107345,15.88868261241667,16.066802461833923,False,True,False,True,False,True,False,False,False,False,False,False,False,False,False,False,False,False,False
3,4,320.0,26.8641416,33.9648764,13,0,0,0,1,0,0,0,0,0,56250.0,12,106.66666666666667,4.0625,1,16.3394119477972,16.57664092072968,16.233206958474412,False,True,False,False,True,False,False,False,False,False,False,False,False,False,False,False,False,True,False
4,4,196.0,30.0648376,30.94684,15,1,1,1,1,1,1,1,1,1,30612.244897959183,16,49.0,7.653061224489796,9,16.02378508137718,15.803385043104912,16.01134442508541,False,False,True,True,False,True,False,False,False,False,False,False,False,False,False,False,False,False,False
3,3,220.0,30.06603,31.48561,0,0,0,0,0,0,0,0,0,0,81818.18181818182,9,73.33333333333333,0.0,0,16.282847171369255,15.86963441986494,16.066802461833923,False,True,False,True,False,False,False,False,False,False,False,False,False,False,False,False,False,True,False
2,2,102.0,31.085864,28.047712,7,0,0,1,0,1,1,0,0,0,87254.90196078431,4,51.0,6.862745098039215,3,16.345788916607955,16.264790116464905,16.345788916607955,False,True,False,False,True,False,False,True,False,False,False,False,False,False,False,False,False,False,False
1,1,70.0,29.4960634,32.4238179,0,0,0,0,0,0,0,0,0,0,79382.14285714286,1,70.0,0.0,0,15.747032114495013,15.816990693309524,15.747032114495013,False,True,False,False,True,False,False,True,False,False,False,False,False,False,False,False,False,False,False
4,3,340.0,30.09177585,31.6426486,7,0,0,1,1,1,0,0,0,0,117647.05882352941,12,85.0,2.058823529411765,3,15.93111255107345,15.88868261241667,16.066802461833923,False,True,False,True,False,False,False,False,False,False,False,False,False,False,False,False,False,True,False
3,3,167.0,30.0919966,31.3722117,44,1,1,1,1,1,1,1,1,1,26347.305389221558,9,55.666666666666664,26.347305389221557,9,15.616501940217244,15.511084268579019,16.066802461833923,False,True,False,True,False,True,False,False,False,False,False,False,False,False,False,False,False,False,False
2,2,140.0,30.86460964,28.93906663,36,1,1,1,1,1,1,0,0,1,58500.0,4,70.0,25.714285714285715,7,16.345788916607955,15.76142084987672,16.345788916607955,False,False,True,False,True,False,False,False,False,True,False,False,False,False,False,False,False,False,False
3,2,160.0,31.43093,31.7656,3,0,0,0,0,0,0,0,0,0,35000.0,6,53.333333333333336,1.875,0,15.286724002151303,15.286724002151303,15.271797524004405,False,True,False,False,True,True,False,False,False,False,False,False,False,False,False,False,False,False,False
3,4,400.0,30.03145,31.34338,0,0,0,0,0,0,0,0,0,0,18125.0,12,133.33333333333334,0.0,0,15.501738199611221,15.519597237722468,16.066802461833923,False,True,False,True,False,True,False,False,False,False,False,False,False,False,False,False,False,False,False
3,3,180.0,30.07349031,31.60085522,22,1,1,1,1,0,0,1,1,0,36111.11111111111,9,60.0,12.222222222222221,6,16.282847171369255,16.29204904211537,16.066802461833923,False,True,False,True,False,True,False,False,False,False,False,False,False,False,False,False,False,False,False
2,2,91.0,31.0700323,28.1370696,24,1,1,1,1,1,1,0,0,1,74230.76923076923,4,45.5,26.373626373626372,7,16.345788916607955,16.264790116464905,16.345788916607955,False,True,False,False,True,False,False,True,False,False,False,False,False,False,False,False,False,False,False
3,3,200.0,30.0696585,31.5454876,0,0,0,0,0,0,0,0,0,0,27000.0,9,66.66666666666667,0.0,0,16.282847171369255,16.29204904211537,16.066802461833923,False,True,False,False,True,True,False,False,False,False,False,False,False,False,False,False,False,False,False
3,3,143.0,29.9779855,31.7467774,12,1,1,1,1,1,0,0,0,0,44755.244755244756,9,47.666666666666664,8.391608391608392,5,15.616501940217244,15.671808704579888,16.066802461833923,False,True,False,False,True,True,False,False,False,False,False,False,False,False,False,False,False,False,False
3,3,186.0,29.9842656,31.540594,8,1,0,1,0,1,1,0,0,0,53118.279569892475,9,62.0,4.301075268817204,4,16.282847171369255,16.29204904211537,16.066802461833923,False,True,False,True,False,True,False,False,False,False,False,False,False,False,False,False,False,False,False
3,1,140.0,30.06589,31.26862,1,0,0,0,0,0,0,0,0,0,32857.142857142855,3,46.666666666666664,0.7142857142857143,0,15.482683285964278,15.482683285964278,16.066802461833923,True,False,False,True,False,True,False,False,False,False,False,False,False,False,False,False,False,False,False
1,1,73.0,27.190257987561,33.832574160104,42,1,1,1,1,1,1,1,1,1,76712.32876712328,1,73.0,57.534246575342465,9,15.201805169084134,15.53827733427679,16.233206958474412,False,True,False,False,True,True,False,False,False,False,False,False,False,False,False,False,False,False,False
2,2,149.0,30.07582038,31.51507649,8,0,0,1,0,1,0,0,0,1,16510.06711409396,4,74.5,5.369127516778524,3,16.282847171369255,16.489659276356317,16.066802461833923,False,False,True,True,False,False,False,False,False,False,False,False,False,True,False,False,False,False,False
3,3,170.0,30.0050838,30.9290455,3,0,0,0,0,0,0,0,0,0,83296.14705882352,9,56.666666666666664,1.7647058823529411,0,16.10616420501588,15.930560647738732,16.01134442508541,False,True,False,True,False,True,False,False,False,False,False,False,False,False,False,False,False,False,False
2,3,135.0,30.0600801,31.5985531,23,0,0,0,0,1,1,0,0,1,87859.25925925926,6,67.5,17.037037037037035,3,16.282847171369255,16.29204904211537,16.066802461833923,False,True,False,False,True,True,False,False,False,False,False,False,False,False,False,False,False,False,False
4,3,333.0,30.06603,31.48561,20,1,0,0,1,1,1,0,0,0,165165.16516516518,12,83.25,6.006006006006006,4,16.282847171369255,15.86963441986494,16.066802461833923,True,False,False,True,False,False,False,False,False,False,False,False,False,False,False,False,False,True,False
3,2,150.0,30.01321,31.48737,22,1,1,1,1,0,1,0,0,0,125333.33333333333,6,50.0,14.666666666666666,5,16.282847171369255,16.173530452453797,16.066802461833923,False,False,True,True,False,True,False,False,False,False,False,False,False,False,False,False,False,False,False
2,2,127.0,31.1903125,27.5931875,22,1,1,1,1,0,0,1,1,0,137007.87401574804,4,63.5,17.322834645669293,6,16.345788916607955,16.87484358496413,16.345788916607955,False,True,False,False,True,False,False,True,False,False,False,False,False,False,False,False,False,False,False
5,4,401.0,29.8561331,30.9018623,11,0,1,1,0,1,1,0,0,1,52556.10972568578,20,80.2,2.743142144638404,5,16.10616420501588,16.19413042991272,16.01134442508541,False,False,True,False,True,False,False,False,False,False,False,False,False,False,False,False,False,True,False
3,3,134.0,30.0395901,31.6985965,23,0,1,1,1,1,1,1,0,1,53940.298507462685,9,44.666666666666664,17.16417910447761,7,15.616501940217244,15.458189997639176,16.066802461833923,False,True,False,True,False,True,False,False,False,False,False,False,False,False,False,False,False,False,False
3,3,210.0,30.0111753,31.5161206,38,1,1,1,1,1,0,1,1,0,80952.38095238095,9,70.0,18.095238095238095,7,16.282847171369255,16.29204904211537,16.066802461833923,False,True,False,True,False,True,False,False,False,False,False,False,False,False,False,False,False,False,False
2,2,120.0,29.9633661,31.0009178,46,1,1,1,1,1,1,1,1,1,90816.66666666667,4,60.0,38.333333333333336,9,16.10616420501588,15.988839917212927,16.01134442508541,False,True,False,False,True,True,False,False,False,False,False,False,False,False,False,False,False,False,False
1,1,80.0,29.9633661,31.0009178,0,0,0,0,0,0,0,0,0,0,99675.0,1,80.0,0.0,0,16.10616420501588,15.988839917212927,16.01134442508541,False,True,False,False,True,True,False,False,False,False,False,False,False,False,False,False,False,False,False
3,2,150.0,31.2155235,29.9420061,0,0,0,0,0,0,0,0,0,0,40666.666666666664,6,50.0,0.0,0,15.830413711839864,15.805301014415544,15.851522672265068,False,True,False,False,True,True,False,False,False,False,False,False,False,False,False,False,False,False,False
3,3,180.0,27.4148421,33.6754852,0,0,0,0,0,0,0,0,0,0,50000.0,9,60.0,0.0,0,16.807478748496784,16.86951178681205,16.233206958474412,False,True,False,True,False,False,False,False,False,False,False,False,True,False,False,False,False,False,False
3,3,150.0,31.0930626,27.9293325,30,1,1,1,1,1,0,1,1,1,93656.74666666667,9,50.0,20.0,8,16.345788916607955,16.264790116464905,16.345788916607955,False,True,False,False,True,False,False,True,False,False,False,False,False,False,False,False,False,False,False
3,3,180.0,31.0952654,27.9249993,32,1,1,1,1,1,0,1,1,1,150000.0,9,60.0,17.77777777777778,8,16.345788916607955,16.264790116464905,16.345788916607955,False,True,False,False,True,False,False,False,False,False,False,False,False,False,False,True,False,False,False
3,3,266.0,31.17310014,29.9287022,0,0,0,0,0,0,0,0,0,0,54135.338345864664,9,88.66666666666667,0.0,0,16.16000514993119,16.16000514993119,15.851522672265068,False,True,False,True,False,False,False,False,True,False,False,False,False,False,False,False,False,False,False
3,3,170.0,30.9447479,28.7978345,15,1,1,1,1,1,1,0,0,0,78382.35294117648,9,56.666666666666664,8.823529411764707,6,16.345788916607955,16.785925074816024,16.345788916607955,True,False,False,True,False,False,False,True,False,False,False,False,False,False,False,False,False,False,False
3,3,230.0,30.0546803,31.5114161,4,0,0,0,0,0,1,0,0,0,29565.217391304348,9,76.66666666666667,1.7391304347826089,1,16.282847171369255,16.489659276356317,16.066802461833923,False,True,False,True,False,True,False,False,False,False,False,False,False,False,False,False,False,False,False
1,1,75.0,29.9842656,31.540594,8,0,0,0,0,1,1,0,0,0,89978.66666666667,1,75.0,10.666666666666666,2,16.282847171369255,16.29204904211537,16.066802461833923,False,True,False,False,True,True,False,False,False,False,False,False,False,False,False,False,False,False,False
3,3,140.0,29.99352595,31.5196573,23,1,1,1,1,1,0,1,1,1,43571.42857142857,9,46.666666666666664,16.42857142857143,8,16.282847171369255,16.29204904211537,16.066802461833923,False,True,False,False,True,True,False,False,False,False,False,False,False,False,False,False,False,False,False
6,4,215.0,30.166137,31.6680496,0,0,0,0,0,0,0,0,0,0,55813.95348837209,24,35.833333333333336,0.0,0,16.300417291085605,16.486367704879513,16.066802461833923,False,True,False,True,False,False,False,False,False,False,False,False,False,False,False,False,False,True,False
3,2,150.0,31.0728268,28.3669755,8,0,0,0,0,1,1,0,0,0,42000.0,6,50.0,5.333333333333333,2,16.345788916607955,15.540504510245132,16.345788916607955,False,True,False,True,False,False,False,True,False,False,False,False,False,False,False,False,False,False,False
4,4,281.0,29.9885982,31.0445272,38,1,1,1,1,1,0,1,1,1,30249.110320284697,16,70.25,13.523131672597865,8,16.10616420501588,16.39933015491581,16.01134442508541,False,False,True,True,False,False,False,False,False,False,False,False,False,False,False,False,True,False,False
5,5,340.0,30.166137,31.6680496,32,1,1,1,1,1,1,1,1,1,79411.76470588235,25,68.0,9.411764705882353,9,16.300417291085605,16.486367704879513,16.066802461833923,True,False,False,True,False,False,False,False,False,False,False,False,False,False,False,False,False,True,False
2,2,100.0,29.4442029,32.4830398,17,1,1,1,0,1,1,0,0,1,16000.0,4,50.0,17.0,6,15.747032114495013,14.269640473133164,15.747032114495013,False,True,False,True,False,False,False,True,False,False,False,False,False,False,False,False,False,False,False
1,1,83.0,29.9842656,31.540594,27,1,1,1,1,1,1,1,1,1,78313.2530120482,1,83.0,32.53012048192771,9,16.282847171369255,16.29204904211537,16.066802461833923,False,True,False,True,False,False,False,False,False,False,False,False,False,False,True,False,False,False,False
5,5,420.0,30.0029471,31.595582,12,0,0,1,1,1,0,0,0,1,63095.23809523809,25,84.0,2.857142857142857,4,15.616501940217244,16.956410275190038,16.066802461833923,False,True,False,True,False,False,False,False,False,False,False,False,False,False,False,False,False,True,False
3,3,178.0,30.096464,31.6670565,14,0,0,1,0,1,1,0,0,1,67415.73033707865,9,59.333333333333336,7.865168539325842,4,15.93111255107345,16.118095750958314,16.066802461833923,False,True,False,True,False,True,False,False,False,False,False,False,False,False,False,False,False,False,False
2,2,88.0,31.0665111,28.344066,26,1,1,1,1,1,0,1,1,1,85227.27272727272,4,44.0,29.545454545454547,8,16.345788916607955,15.572773764067886,16.345788916607955,False,True,False,False,True,False,False,True,False,False,False,False,False,False,False,False,False,False,False
3,3,175.0,30.0268356,31.493173,0,0,0,0,0,0,0,0,0,0,40000.0,9,58.333333333333336,0.0,0,16.282847171369255,16.29204904211537,16.066802461833923,True,False,False,True,False,True,False,False,False,False,False,False,False,False,False,False,False,False,False
3,3,165.0,30.09177585,31.6426486,4,0,0,0,1,1,1,0,0,0,69696.9696969697,9,55.0,2.4242424242424243,3,15.93111255107345,15.88868261241667,16.066802461833923,False,True,False,True,False,True,False,False,False,False,False,False,False,False,False,False,False,False,False
4,3,203.0,29.9395256,31.0937452,8,0,0,1,1,1,0,0,0,1,23645.320197044333,12,50.75,3.9408866995073897,4,15.279199431073042,15.38412668421143,16.01134442508541,False,True,False,True,False,True,False,False,False,False,False,False,False,False,False,False,False,False,False
2,2,125.0,29.4960634,32.4238179,0,0,0,0,0,0,0,0,0,0,70875.0,4,62.5,0.0,0,15.747032114495013,15.816990693309524,15.747032114495013,False,True,False,False,True,False,False,True,False,False,False,False,False,False,False,False,False,False,False
8,6,850.0,29.9707309,31.0369528,19,1,1,1,1,1,0,1,0,0,29411.764705882353,48,106.25,2.235294117647059,6,16.10616420501588,15.76142084987672,16.01134442508541,True,False,False,True,False,False,False,False,False,False,False,False,False,False,False,False,False,True,False
3,2,153.0,31.1775597,27.618041,7,1,1,1,1,0,0,0,0,0,78431.37254901961,6,51.0,4.57516339869281,4,16.345788916607955,16.642021803226616,16.345788916607955,False,True,False,False,True,False,False,True,False,False,False,False,False,False,False,False,False,False,False
2,1,70.0,30.0281687,31.0010791,0,0,0,0,0,0,0,0,0,0,32857.142857142855,2,35.0,0.0,0,16.02378508137718,15.729831498600078,16.01134442508541,False,True,False,True,False,True,False,False,False,False,False,False,False,False,False,False,False,False,False
3,3,138.0,29.939662391024,31.564651421584,14,0,0,1,1,1,0,0,0,1,41304.34782608696,9,46.0,10.144927536231885,4,16.282847171369255,16.200596964551092,16.066802461833923,False,True,False,False,True,True,False,False,False,False,False,False,False,False,False,False,False,False,False
4,4,205.0,30.0941611,31.7041108,32,1,1,1,1,1,1,1,1,1,63414.634146341465,16,51.25,15.609756097560977,9,15.82707481102028,15.793051943818522,16.066802461833923,False,True,False,False,True,True,False,False,False,False,False,False,False,False,False,False,False,False,False
3,5,311.0,30.0526673,31.4886812,10,1,1,0,1,1,1,0,0,1,61093.247588424434,15,103.66666666666667,3.2154340836012865,6,16.282847171369255,16.489659276356317,16.066802461833923,False,True,False,True,False,False,False,False,False,False,False,False,False,False,False,False,False,True,False
4,3,228.0,30.0029471,31.595582,14,1,1,1,1,0,0,1,1,0,96491.22807017544,12,57.0,6.140350877192983,6,15.616501940217244,16.956410275190038,16.066802461833923,False,True,False,True,False,False,False,False,False,False,False,False,False,False,False,False,True,False,False
5,5,400.0,31.0842803,28.1066088,16,1,1,1,1,0,0,0,1,0,90000.0,25,80.0,4.0,5,16.345788916607955,16.264790116464905,16.345788916607955,False,True,False,False,True,False,False,False,False,False,False,False,False,False,False,False,False,True,False
3,2,200.0,29.976979,31.7797175,18,1,1,1,1,0,0,1,1,0,28000.0,6,66.66666666666667,9.0,6,15.616501940217244,15.384361031701085,16.066802461833923,False,True,False,False,True,True,False,False,False,False,False,False,False,False,False,False,False,False,False
3,3,135.0,29.96511984,31.54484867,8,1,1,0,1,1,1,1,0,0,46318.51851851852,9,45.0,5.925925925925926,6,16.282847171369255,16.29204904211537,16.066802461833923,False,True,False,True,False,True,False,False,False,False,False,False,False,False,False,False,False,False,False
5,4,287.0,30.0029471,31.595582,2,0,0,0,0,0,1,0,0,1,129916.37630662021,20,57.4,0.6968641114982578,2,15.616501940217244,16.956410275190038,16.066802461833923,False,True,False,True,False,False,False,False,False,False,False,False,False,False,False,False,False,True,False
2,1,111.0,30.0815405,31.3475658,10,0,0,1,0,1,1,0,0,1,31288.288288288288,2,55.5,9.009009009009008,4,15.616501940217244,15.326232718209745,16.066802461833923,False,False,True,True,False,True,False,False,False,False,False,False,False,False,False,False,False,False,False
3,3,231.0,30.8365625,28.9590625,18,0,0,1,0,0,0,0,0,0,42857.142857142855,9,77.0,7.792207792207792,1,16.345788916607955,15.76142084987672,16.345788916607955,False,False,True,True,False,False,False,True,False,False,False,False,False,False,False,False,False,False,False
4,5,206.0,30.0941611,31.7041108,5,0,0,1,0,0,0,0,0,0,70388.3495145631,20,51.5,2.4271844660194173,1,15.82707481102028,15.793051943818522,16.066802461833923,False,True,False,False,True,False,False,False,False,False,False,False,False,False,False,True,False,False,False
2,2,125.0,30.118908615659,31.652102804902,0,0,0,0,0,0,0,0,0,0,64000.0,4,62.5,0.0,0,16.088423555642784,15.899927389451875,16.066802461833923,False,False,True,True,False,True,False,False,False,False,False,False,False,False,False,False,False,False,False
2,1,116.0,30.078762187131,31.473255,19,1,1,1,1,1,1,0,0,1,50431.03448275862,2,58.0,16.379310344827587,7,16.282847171369255,16.29204904211537,16.066802461833923,False,True,False,True,False,True,False,False,False,False,False,False,False,False,False,False,False,False,False
3,3,140.0,30.0753933,31.6265648,12,1,0,1,0,1,1,0,0,1,60110.921428571426,9,46.666666666666664,8.571428571428571,5,15.82707481102028,16.221521518404195,16.066802461833923,False,True,False,False,True,True,False,False,False,False,False,False,False,False,False,False,False,False,False
2,3,125.0,30.068527462055,31.64004459621,17,1,1,0,0,0,0,1,1,0,76008.0,6,62.5,13.6,4,15.82707481102028,16.06690771944096,16.066802461833923,False,True,False,False,True,True,False,False,False,False,False,False,False,False,False,False,False,False,False
4,4,228.0,30.0029471,31.595582,25,1,1,0,1,1,1,1,1,1,101973.68421052632,16,57.0,10.964912280701755,8,15.616501940217244,16.956410275190038,16.066802461833923,False,True,False,True,False,False,False,False,False,False,False,False,False,False,False,True,False,False,False
4,3,216.0,31.212957902821,29.9531708968,3,0,0,1,0,1,0,0,0,1,31898.14814814815,12,54.0,1.3888888888888888,3,15.830413711839864,15.787997749983788,15.851522672265068,False,True,False,True,False,True,False,False,False,False,False,False,False,False,False,False,False,False,False
2,2,145.0,30.04019814144,31.539969035582,14,0,0,1,0,1,1,0,0,1,63358.620689655174,4,72.5,9.655172413793103,4,16.282847171369255,16.29204904211537,16.066802461833923,False,True,False,True,False,True,False,False,False,False,False,False,False,False,False,False,False,False,False
3,3,164.0,30.0445728,31.0243959,20,1,1,1,0,1,1,0,0,1,60689.0243902439,9,54.666666666666664,12.195121951219512,6,16.02378508137718,16.115740211329367,16.01134442508541,False,True,False,True,False,True,False,False,False,False,False,False,False,False,False,False,False,False,False
2,2,70.0,29.4442029,32.4830398,0,0,0,0,0,0,0,0,0,0,22142.85714285714,4,35.0,0.0,0,15.747032114495013,14.269640473133164,15.747032114495013,True,False,False,True,False,False,False,True,False,False,False,False,False,False,False,False,False,False,False
3,3,170.0,30.07349031,31.60085522,8,0,1,1,0,1,1,0,0,0,50000.0,9,56.666666666666664,4.705882352941177,4,16.282847171369255,16.29204904211537,16.066802461833923,False,True,False,True,False,True,False,False,False,False,False,False,False,False,False,False,False,False,False
7,5,350.0,31.17310014,29.9287022,1,0,0,0,0,0,0,0,0,0,82857.14285714286,35,50.0,0.2857142857142857,0,16.16000514993119,16.16000514993119,15.851522672265068,False,True,False,True,False,False,False,False,False,False,False,False,False,False,False,False,False,True,False
2,2,70.0,31.089549212598,28.160593150923,27,1,1,1,1,1,1,1,1,0,102857.14285714286,4,35.0,38.57142857142858,8,16.345788916607955,16.264790116464905,16.345788916607955,False,False,True,False,True,False,False,True,False,False,False,False,False,False,False,False,False,False,False
5,8,860.0,30.0205029,31.4713265,20,0,0,1,1,1,0,0,0,1,69767.44186046511,40,172.0,2.3255813953488373,4,16.282847171369255,16.29204904211537,16.066802461833923,False,True,False,True,False,False,False,False,False,False,False,False,False,False,False,False,False,True,False
2,2,134.0,30.02201225,31.3100159,10,0,0,1,1,0,0,0,1,0,100746.26865671642,4,67.0,7.462686567164178,3,15.830413711839864,16.97569742890161,16.066802461833923,True,False,False,True,False,True,False,False,False,False,False,False,False,False,False,False,False,False,False
3,4,239.0,30.0941611,31.7041108,36,1,1,1,1,1,1,1,1,1,62761.50627615063,12,79.66666666666667,15.06276150627615,9,15.82707481102028,15.793051943818522,16.066802461833923,False,True,False,False,True,False,False,False,False,False,False,False,False,False,False,False,False,True,False
3,3,160.0,30.068527462055,31.64004459621,27,1,1,1,1,1,0,1,1,1,73668.75,9,53.333333333333336,16.875,8,15.82707481102028,16.06690771944096,16.066802461833923,False,True,False,False,True,True,False,False,False,False,False,False,False,False,False,False,False,False,False
3,4,230.0,30.005083,30.9699516,7,0,1,1,0,1,0,0,0,1,104347.82608695653,12,76.66666666666667,3.0434782608695654,4,16.02378508137718,16.993564429978885,16.01134442508541,False,True,False,True,False,True,False,False,False,False,False,False,False,False,False,False,False,False,False
4,4,299.0,29.98517849,31.04999818,31,1,1,1,1,1,1,1,1,1,66889.63210702341,16,74.75,10.367892976588628,9,16.10616420501588,16.70097038315765,16.01134442508541,False,True,False,False,True,False,False,False,False,False,False,False,False,False,False,False,False,True,False
3,3,200.0,30.171762745248,31.556283861323,5,0,0,0,1,0,0,0,0,0,130000.0,9,66.66666666666667,2.5,1,15.82707481102028,17.043895425389287,16.066802461833923,False,False,True,True,False,False,False,False,False,False,False,False,False,False,False,False,False,True,False
3,3,223.0,31.202140243062,29.956226894568,6,0,0,0,0,0,1,0,0,0,44843.04932735426,9,74.33333333333333,2.690582959641256,1,15.830413711839864,16.118095750958314,15.851522672265068,False,True,False,True,False,True,False,False,False,False,False,False,False,False,False,False,False,False,False
3,2,108.0,30.09177585,31.6426486,15,0,0,0,0,1,0,0,0,1,64814.81481481482,6,36.0,13.888888888888888,2,15.93111255107345,15.88868261241667,16.066802461833923,False,True,False,True,False,True,False,False,False,False,False,False,False,False,False,False,False,False,False
0,1,88.0,30.0212024,31.4938471,0,0,0,0,0,0,0,0,0,0,68181.81818181818,0,60.0,0.0,0,16.282847171369255,16.29204904211537,16.066802461833923,True,False,False,True,False,True,False,False,False,False,False,False,False,False,False,False,False,False,False
3,3,151.0,30.113711177364,31.667492635582,21,1,1,1,1,1,0,0,1,1,36423.84105960265,9,50.333333333333336,13.90728476821192,7,16.088423555642784,15.71038754402484,16.066802461833923,False,True,False,True,False,True,False,False,False,False,False,False,False,False,False,False,False,False,False
4,4,237.0,30.166137,31.6680496,48,1,1,1,1,1,1,1,1,1,184261.60337552743,16,59.25,20.253164556962023,9,16.300417291085605,16.486367704879513,16.066802461833923,False,True,False,True,False,False,False,False,False,False,False,False,False,False,False,False,False,True,False
5,4,245.0,30.0504169,31.5077373,26,1,1,1,1,1,1,1,1,1,73469.38775510204,20,49.0,10.612244897959183,9,16.282847171369255,16.489659276356317,16.066802461833923,False,False,True,True,False,False,False,False,False,False,False,False,False,False,False,False,False,True,False
2,3,149.0,30.0648376,30.94684,39,1,1,1,1,1,0,1,1,1,50335.57046979866,6,74.5,26.174496644295303,8,16.02378508137718,15.803385043104912,16.01134442508541,False,False,True,True,False,True,False,False,False,False,False,False,False,False,False,False,False,False,False
2,2,100.0,30.046920951505,31.451878650252,14,0,0,0,1,1,0,0,0,1,78000.0,4,50.0,14.0,3,16.282847171369255,15.86963441986494,16.066802461833923,False,True,False,False,True,True,False,False,False,False,False,False,False,False,False,False,False,False,False
4,3,195.0,30.050361696246,31.012493651479,28,1,1,1,1,1,1,0,0,0,46025.64102564102,12,48.75,14.35897435897436,6,16.02378508137718,16.00995360375922,16.01134442508541,False,True,False,False,True,True,False,False,False,False,False,False,False,False,False,False,False,False,False
1,1,57.0,30.83361005,29.06649948,9,0,0,0,1,1,1,0,0,1,61578.94736842105,1,57.0,15.789473684210527,4,16.345788916607955,15.76142084987672,16.345788916607955,False,True,False,False,True,False,False,True,False,False,False,False,False,False,False,False,False,False,False
1,2,80.0,30.06805,31.406379,0,0,0,0,0,0,0,0,0,0,67500.0,2,80.0,0.0,0,16.282847171369255,16.489659276356317,16.066802461833923,False,False,True,False,True,False,False,False,True,False,False,False,False,False,False,False,False,False,False
3,2,145.0,30.14005,31.74103,14,0,0,1,0,0,1,0,0,0,12344.827586206897,6,48.333333333333336,9.655172413793103,2,14.375126917328105,14.375126917328105,16.066802461833923,False,False,True,True,False,True,False,False,False,False,False,False,False,False,False,False,False,False,False
7,7,776.0,30.0920272,31.4838462,5,0,0,0,1,0,0,0,0,0,27384.0206185567,49,110.85714285714286,0.6443298969072165,1,16.282847171369255,16.489659276356317,16.066802461833923,False,False,True,True,False,False,False,False,False,False,False,False,False,False,False,False,False,True,False
3,3,180.0,31.07192223,28.22889797,1,0,0,0,0,0,0,0,0,0,74394.44444444444,9,60.0,0.5555555555555556,0,16.345788916607955,16.491037636231447,16.345788916607955,False,True,False,False,True,False,False,False,False,False,False,False,False,False,False,True,False,False,False
2,2,103.0,29.6724876,32.3369649,21,1,1,1,1,1,0,1,0,1,52427.18446601942,4,51.5,20.388349514563107,7,15.747032114495013,15.537639172325049,15.747032114495013,False,True,False,False,True,False,False,True,False,False,False,False,False,False,False,False,False,False,False
3,3,140.0,30.0550268,31.3366903,49,1,1,1,1,1,1,1,1,1,117500.0,9,46.666666666666664,35.0,9,16.345788916607955,16.264790116464905,16.345788916607955,True,False,False,True,False,False,False,True,False,False,False,False,False,False,False,False,False,False,False
5,6,263.0,31.1903125,27.5931875,25,1,1,1,1,1,1,1,1,1,174904.94296577945,30,52.6,9.505703422053232,9,16.345788916607955,16.87484358496413,16.345788916607955,False,True,False,False,True,False,False,False,False,False,False,False,False,False,False,True,False,False,False
4,3,200.0,29.9543184,31.726229,23,1,1,1,1,1,1,0,0,1,35000.0,12,50.0,11.5,7,15.616501940217244,15.687312888712007,16.066802461833923,False,True,False,True,False,True,False,False,False,False,False,False,False,False,False,False,False,False,False
3,4,185.0,30.10352719841,30.872270093253,18,1,0,0,1,1,1,0,0,1,48648.64864864865,12,61.666666666666664,9.72972972972973,5,16.02378508137718,15.764840252890174,16.01134442508541,False,False,True,False,True,False,False,False,False,False,False,False,False,False,False,True,False,False,False
2,2,138.0,29.98517849,31.04999818,21,1,1,1,1,0,0,1,1,0,76086.95652173914,4,69.0,15.217391304347828,6,16.10616420501588,16.70097038315765,16.01134442508541,False,True,False,True,False,True,False,False,False,False,False,False,False,False,False,False,False,False,False
4,4,175.0,30.045667,31.6430115,14,1,1,1,1,1,0,0,0,1,60571.42857142857,16,43.75,8.0,6,15.82707481102028,16.176364653421913,16.066802461833923,False,True,False,False,True,False,False,False,False,False,False,False,False,False,False,True,False,False,False
4,4,176.0,30.030146891835,31.529958797884,0,0,0,0,0,0,0,0,0,0,75000.0,16,44.0,0.0,0,16.282847171369255,16.29204904211537,16.066802461833923,False,True,False,False,True,False,False,False,False,False,False,False,False,False,False,True,False,False,False
1,1,80.0,30.07814,31.5941829,20,1,1,1,1,1,0,0,0,1,73750.0,1,80.0,25.0,6,16.282847171369255,16.29204904211537,16.066802461833923,False,True,False,False,True,True,False,False,False,False,False,False,False,False,False,False,False,False,False
3,2,180.0,30.04125845,31.2030406,0,0,0,0,0,0,0,0,0,0,30555.555555555555,6,60.0,0.0,0,15.830413711839864,15.830413711839864,16.01134442508541,False,True,False,True,False,True,False,False,False,False,False,False,False,False,False,False,False,False,False
3,3,181.0,29.9308114,31.0876497,23,1,1,1,1,1,0,1,1,0,36928.17679558011,9,60.333333333333336,12.707182320441989,7,15.279199431073042,15.701270103510215,16.01134442508541,False,False,True,True,False,False,False,False,True,False,False,False,False,False,False,False,False,False,False
0,1,63.0,30.0941611,31.7041108,9,1,0,0,1,0,1,0,0,0,39682.53968253968,0,60.0,14.285714285714286,3,15.82707481102028,15.793051943818522,16.066802461833923,False,True,False,False,True,True,False,False,False,False,False,False,False,False,False,False,False,False,False
3,3,131.0,30.125082,31.8853002,0,0,0,0,0,0,0,0,0,0,53951.45038167939,9,43.666666666666664,0.0,0,15.616501940217244,16.012735246411598,16.066802461833923,False,True,False,False,True,True,False,False,False,False,False,False,False,False,False,False,False,False,False
2,2,126.0,29.9711539,31.7296274,25,1,1,1,1,1,0,1,1,0,61904.76190476191,4,63.0,19.841269841269842,7,15.616501940217244,15.687312888712007,16.066802461833923,False,True,False,True,False,True,False,False,False,False,False,False,False,False,False,False,False,False,False
3,3,169.0,30.0941611,31.7041108,0,0,0,0,0,0,0,0,0,0,43846.153846153844,9,56.333333333333336,0.0,0,15.82707481102028,15.793051943818522,16.066802461833923,False,True,False,True,False,True,False,False,False,False,False,False,False,False,False,False,False,False,False
1,1,80.0,29.9633661,31.0009178,0,0,0,0,0,0,0,0,0,0,98637.5,1,80.0,0.0,0,16.10616420501588,15.988839917212927,16.01134442508541,False,True,False,False,True,True,False,False,False,False,False,False,False,False,False,False,False,False,False
4,4,290.0,30.0050838,30.9290455,0,0,0,0,0,0,0,0,0,0,51724.137931034486,16,72.5,0.0,0,16.10616420501588,15.930560647738732,16.01134442508541,False,False,True,False,True,False,False,False,False,False,False,False,False,False,False,False,False,False,True
3,4,203.0,30.0669117,31.3375553,15,1,1,1,1,0,1,1,1,0,32019.704433497536,12,67.66666666666667,7.389162561576355,7,15.82707481102028,15.687312888712007,16.066802461833923,False,False,True,True,False,True,False,False,False,False,False,False,False,False,False,False,False,False,False
1,1,67.0,27.3956998,33.6509513,50,1,1,1,1,1,1,1,1,1,247761.19402985074,1,67.0,74.62686567164178,9,16.807478748496784,16.801192546169812,16.233206958474412,False,True,False,False,True,True,False,False,False,False,False,False,False,False,False,False,False,False,False
3,3,185.0,31.3543445,27.2373159,23,1,1,1,1,1,0,1,1,1,157291.8918918919,9,61.666666666666664,12.432432432432432,8,16.345788916607955,16.264790116464905,16.345788916607955,False,True,False,False,True,False,False,False,False,False,False,False,False,False,False,False,True,False,False
2,1,136.0,26.8608814,33.944639,20,1,0,1,0,1,1,0,0,1,73529.41176470589,2,68.0,14.705882352941176,5,16.3394119477972,16.189539487919134,16.233206958474412,False,True,False,True,False,False,False,True,False,False,False,False,False,False,False,False,False,False,False
3,2,165.0,31.22521,29.95421,5,0,0,0,0,0,0,0,0,0,33333.333333333336,6,55.0,3.0303030303030303,0,15.955576839107596,15.955576839107596,15.851522672265068,False,True,False,True,False,True,False,False,False,False,False,False,False,False,False,False,False,False,False
4,4,271.0,30.002466670503,31.617532735584,18,1,1,1,0,1,0,1,1,1,135055.35055350553,16,67.75,6.642066420664206,7,15.616501940217244,16.85046359274847,16.066802461833923,False,True,False,False,True,False,False,False,False,False,False,False,False,False,False,False,False,True,False
3,3,253.0,30.0288434,31.4075884,0,0,0,0,0,0,0,0,0,0,118577.07509881422,9,84.33333333333333,0.0,0,16.282847171369255,16.29204904211537,16.066802461833923,True,False,False,True,False,False,False,False,False,False,False,False,False,False,False,False,False,True,False
2,2,1120.0,29.9842656,31.540594,31,1,1,1,1,1,0,1,1,1,6250.0,4,560.0,2.7678571428571432,8,16.282847171369255,16.29204904211537,16.066802461833923,False,False,True,False,True,True,False,False,False,False,False,False,False,False,False,False,False,False,False
5,4,316.0,30.0406426,30.9943418,10,0,0,0,1,1,1,0,0,1,41772.15189873418,20,63.2,3.1645569620253164,4,16.02378508137718,15.953426906719912,16.01134442508541,False,True,False,True,False,False,False,False,True,False,False,False,False,False,False,False,False,False,False
3,3,210.0,30.0696585,31.5454876,4,0,0,0,0,1,1,0,0,0,30000.0,9,70.0,1.9047619047619047,2,16.282847171369255,16.29204904211537,16.066802461833923,False,True,False,True,False,True,False,False,False,False,False,False,False,False,False,False,False,False,False
1,1,70.0,30.9628937,28.7565892,12,1,1,1,0,1,1,1,0,0,164285.7142857143,1,70.0,17.142857142857142,6,16.345788916607955,16.785925074816024,16.345788916607955,True,False,False,True,False,False,False,True,False,False,False,False,False,False,False,False,False,False,False
3,3,184.0,29.7666672,31.0988357,9,0,0,0,0,1,1,0,0,1,38043.47826086957,9,61.333333333333336,4.891304347826087,3,16.101268496405105,16.101268496405105,15.851522672265068,False,True,False,False,True,True,False,False,False,False,False,False,False,False,False,False,False,False,False
3,3,140.0,29.9771006,31.5720476,17,0,1,0,1,1,1,0,0,0,114285.71428571429,9,46.666666666666664,12.142857142857144,4,16.282847171369255,16.200596964551092,16.066802461833923,False,False,True,False,True,True,False,False,False,False,False,False,False,False,False,False,False,False,False
3,2,185.0,30.9967183,28.6909805,9,1,0,0,1,0,0,0,0,0,113513.51351351352,6,61.666666666666664,4.864864864864865,2,16.345788916607955,16.785925074816024,16.345788916607955,True,False,False,True,False,False,False,True,False,False,False,False,False,False,False,False,False,False,False
5,5,433.0,30.0029471,31.595582,12,0,0,1,1,1,0,0,0,1,64665.12702078522,25,86.6,2.771362586605081,4,15.616501940217244,16.956410275190038,16.066802461833923,False,True,False,True,False,False,False,False,False,False,False,False,False,False,False,False,False,True,False
4,5,224.0,30.0526673,31.4886812,5,0,0,1,0,0,0,0,0,0,84821.42857142857,20,56.0,2.2321428571428568,1,16.282847171369255,16.489659276356317,16.066802461833923,False,False,True,True,False,False,False,False,False,False,False,False,False,False,False,False,True,False,False
4,4,1000.0,29.7666672,31.0988357,3,0,0,0,0,0,0,0,0,0,33000.0,16,250.0,0.3,0,16.101268496405105,16.101268496405105,15.851522672265068,False,True,False,True,False,False,False,False,False,False,False,False,False,False,False,False,False,True,False
1,1,80.0,29.9633661,31.0009178,0,0,0,0,0,0,0,0,0,0,99675.0,1,80.0,0.0,0,16.10616420501588,15.988839917212927,16.01134442508541,False,True,False,False,True,True,False,False,False,False,False,False,False,False,False,False,False,False,False
2,1,80.0,29.8849496,30.9159131,6,0,0,1,0,0,0,0,0,0,18750.0,2,40.0,7.5,1,16.10616420501588,14.266586814266963,16.01134442508541,False,True,False,True,False,True,False,False,False,False,False,False,False,False,False,False,False,False,False
0,0,590.0,30.07582038,31.51507649,59,1,1,1,1,1,1,0,1,1,30932.20338983051,0,60.0,10.0,8,16.282847171369255,16.489659276356317,16.066802461833923,False,True,False,True,False,False,False,False,False,False,True,False,False,False,False,False,False,False,False
6,7,809.0,30.0600801,31.5985531,37,0,1,1,1,1,1,1,1,0,21981.384425216318,42,134.83333333333334,4.573547589616811,7,16.282847171369255,16.29204904211537,16.066802461833923,False,True,False,True,False,False,False,False,False,False,False,False,False,False,False,False,False,True,False
2,2,130.0,30.06805,31.406379,29,1,1,1,1,1,1,1,1,1,90700.0,4,65.0,22.307692307692307,9,16.282847171369255,16.489659276356317,16.066802461833923,False,True,False,False,True,True,False,False,False,False,False,False,False,False,False,False,False,False,False
3,3,915.0,30.917731,30.0636166,6,0,0,0,1,1,1,0,0,1,52459.016393442624,9,305.0,0.6557377049180327,4,16.02378508137718,17.622173069956816,16.01134442508541,False,True,False,True,False,False,False,False,False,False,False,False,False,False,False,False,False,True,False
3,3,208.0,29.9723236,31.7154944,0,0,0,0,0,0,0,0,0,0,28463.94230769231,9,69.33333333333333,0.0,0,15.616501940217244,15.593931631657787,16.066802461833923,False,True,False,True,False,True,False,False,False,False,False,False,False,False,False,False,False,False,False
3,3,153.0,30.166137,31.6680496,4,0,0,0,0,1,0,0,0,0,75692.81045751635,9,51.0,2.6143790849673203,1,16.300417291085605,16.486367704879513,16.066802461833923,False,True,False,False,True,True,False,False,False,False,False,False,False,False,False,False,False,False,False
5,5,210.0,30.0050838,30.9290455,7,0,0,1,0,0,0,0,0,0,76190.47619047618,25,42.0,3.333333333333333,1,16.10616420501588,15.930560647738732,16.01134442508541,False,False,True,True,False,False,False,False,False,False,False,False,False,False,False,False,False,True,False
9,6,450.0,31.00763549,29.75773621,2,0,0,0,0,1,0,0,0,1,53333.333333333336,54,50.0,0.4444444444444444,2,16.18295155698594,15.747032114495013,15.851522672265068,False,True,False,True,False,False,False,False,False,False,False,False,False,False,False,False,False,True,False
2,2,116.0,29.9633661,31.0009178,10,0,1,1,0,1,1,0,0,1,62068.96551724138,4,58.0,8.620689655172415,5,16.10616420501588,15.988839917212927,16.01134442508541,False,False,True,False,True,True,False,False,False,False,False,False,False,False,False,False,False,False,False
3,3,150.0,30.0364702,31.5525584,28,1,0,1,1,1,1,0,0,1,55008.666666666664,9,50.0,18.666666666666668,6,16.282847171369255,16.29204904211537,16.066802461833923,False,True,False,False,True,True,False,False,False,False,False,False,False,False,False,False,False,False,False
3,3,161.0,30.0497434,31.6242538,16,1,1,1,1,1,1,0,0,0,31055.900621118013,9,53.666666666666664,9.937888198757763,6,15.82707481102028,15.424948670398354,16.066802461833923,False,False,True,False,True,True,False,False,False,False,False,False,False,False,False,False,False,False,False
4,4,250.0,29.63256,32.33002,17,1,1,1,1,0,0,1,1,0,60000.0,16,62.5,6.8,6,15.747032114495013,15.526421620030112,15.747032114495013,False,False,True,True,False,False,False,False,False,False,False,False,False,False,False,False,False,True,False
4,4,220.0,31.0788548,27.9963244,21,1,1,1,1,1,1,1,1,1,59090.90909090909,16,55.0,9.545454545454545,9,16.345788916607955,16.264790116464905,16.345788916607955,False,True,False,True,False,False,False,False,False,False,False,False,False,False,False,False,True,False,False
3,2,230.0,30.8224695,28.954309,14,1,1,1,1,0,1,1,1,0,10869.565217391304,6,76.66666666666667,6.086956521739131,7,16.345788916607955,15.76142084987672,16.345788916607955,False,True,False,True,False,False,False,True,False,False,False,False,False,False,False,False,False,False,False
4,4,245.0,30.8365625,28.9590625,5,0,0,1,0,0,1,0,0,0,114285.71428571429,16,61.25,2.0408163265306123,2,16.345788916607955,15.76142084987672,16.345788916607955,False,True,False,True,False,False,False,False,False,False,False,False,False,False,False,False,True,False,False
3,2,145.0,30.0395901,31.6985965,23,1,1,1,1,1,1,0,0,1,25517.241379310344,6,48.333333333333336,15.862068965517242,7,15.616501940217244,15.458189997639176,16.066802461833923,False,True,False,True,False,True,False,False,False,False,False,False,False,False,False,False,False,False,False
3,2,175.0,29.976979,31.7797175,20,0,0,1,1,1,1,0,0,1,29714.285714285714,6,58.333333333333336,11.428571428571429,5,15.616501940217244,15.384361031701085,16.066802461833923,False,True,False,False,True,True,False,False,False,False,False,False,False,False,False,False,False,False,False
3,3,191.0,30.09177585,31.6426486,40,1,1,1,1,1,1,1,1,0,89005.23560209424,9,63.666666666666664,20.942408376963353,8,15.93111255107345,15.88868261241667,16.066802461833923,False,True,False,True,False,False,False,False,False,False,False,False,False,False,False,False,False,True,False
4,4,267.0,29.9842656,31.540594,0,0,0,0,0,0,0,0,0,0,138576.77902621723,16,66.75,0.0,0,16.282847171369255,16.29204904211537,16.066802461833923,False,False,True,True,False,False,False,False,False,False,False,False,False,False,False,False,False,True,False
5,3,320.0,30.057,31.20041,0,0,0,0,0,0,0,0,0,0,37500.0,15,64.0,0.0,0,16.01118965047076,16.01118965047076,16.01134442508541,False,True,False,True,False,False,False,False,True,False,False,False,False,False,False,False,False,False,False
4,3,290.0,31.21536,29.94034,25,0,0,1,0,1,1,0,0,1,60000.0,12,72.5,8.620689655172415,4,15.830413711839864,15.754226482185867,15.851522672265068,False,True,False,True,False,True,False,False,False,False,False,False,False,False,False,False,False,False,False
3,2,124.0,30.09177585,31.6426486,46,1,1,1,1,1,1,1,1,1,48387.096774193546,6,41.333333333333336,37.096774193548384,9,15.93111255107345,15.88868261241667,16.066802461833923,False,True,False,True,False,True,False,False,False,False,False,False,False,False,False,False,False,False,False
4,4,260.0,30.002098563425,31.611498138279,12,0,0,1,1,0,0,0,0,0,107692.30769230769,16,65.0,4.615384615384615,2,16.282847171369255,16.200596964551092,16.066802461833923,False,False,True,False,True,False,False,False,False,False,False,False,False,False,False,False,False,True,False
6,7,2999.0,31.00763549,29.75773621,3,0,0,0,0,0,0,0,0,0,16005.335111703902,42,499.8333333333333,0.10003334444814939,0,16.18295155698594,15.747032114495013,15.851522672265068,False,True,False,True,False,False,False,False,False,False,False,False,False,False,False,False,False,True,False
3,3,200.0,29.9530003,30.9190691,13,0,0,0,0,0,0,0,0,0,19500.0,9,66.66666666666667,6.5,0,16.10616420501588,15.045305273737881,16.01134442508541,False,True,False,True,False,True,False,False,False,False,False,False,False,False,False,False,False,False,False
2,3,135.0,27.855874427197,31.246581787806,0,0,0,0,0,0,0,0,0,0,169866.66666666666,6,67.5,0.0,0,16.345788916607955,16.264790116464905,16.345788916607955,False,True,False,False,True,False,False,True,False,False,False,False,False,False,False,False,False,False,False
3,2,139.0,31.17310014,29.9287022,2,0,0,0,0,0,0,0,0,0,67500.0,6,46.333333333333336,1.4388489208633095,0,16.16000514993119,16.16000514993119,15.851522672265068,False,True,False,False,True,True,False,False,False,False,False,False,False,False,False,False,False,False,False
3,2,188.0,29.9842656,31.540594,19,1,1,1,1,1,1,0,0,1,74468.08510638298,6,62.666666666666664,10.106382978723405,7,16.282847171369255,16.29204904211537,16.066802461833923,False,True,False,True,False,True,False,False,False,False,False,False,False,False,False,False,False,False,False
3,3,220.0,30.0941611,31.7041108,0,0,0,0,0,0,0,0,0,0,67572.72727272728,9,73.33333333333333,0.0,0,15.82707481102028,15.793051943818522,16.066802461833923,False,True,False,True,False,False,False,False,False,False,False,False,True,False,False,False,False,False,False
3,3,210.0,29.985209678113,31.080067422088,20,1,1,1,1,0,0,1,1,0,79226.47142857143,9,70.0,9.523809523809524,6,16.10616420501588,17.044287736088407,16.01134442508541,False,True,False,True,False,False,False,False,False,False,False,False,False,False,False,True,False,False,False
4,3,290.0,31.21536,29.94034,24,0,0,0,0,1,1,0,0,1,55172.41379310345,12,72.5,8.275862068965518,3,15.830413711839864,15.754226482185867,15.851522672265068,False,True,False,True,False,True,False,False,False,False,False,False,False,False,False,False,False,False,False
5,5,550.0,30.0920272,31.4838462,48,1,1,1,1,1,1,1,1,1,127636.36363636363,25,110.0,8.727272727272727,9,16.282847171369255,16.489659276356317,16.066802461833923,False,True,False,True,False,False,False,False,False,False,False,False,False,False,False,False,False,True,False
1,1,38.0,30.996363,28.6804318,23,1,1,1,1,0,0,1,1,0,276315.7894736842,1,38.0,60.526315789473685,6,16.345788916607955,16.785925074816024,16.345788916607955,False,False,True,True,False,False,True,False,False,False,False,False,False,False,False,False,False,False,False
3,3,228.0,30.0029471,31.595582,4,0,0,1,1,0,0,0,0,0,125486.84210526316,9,76.0,1.7543859649122808,2,15.616501940217244,16.956410275190038,16.066802461833923,False,True,False,True,False,False,False,False,False,False,False,False,False,False,False,True,False,False,False
3,3,210.0,29.9924715,30.8920785,0,0,0,0,0,0,0,0,0,0,52419.04761904762,9,70.0,0.0,0,16.10616420501588,16.360729622918004,16.01134442508541,False,True,False,False,True,False,False,False,False,False,False,False,False,False,False,True,False,False,False
3,2,165.0,30.0468424,30.998248,43,1,1,1,1,1,1,1,1,1,42424.242424242424,6,55.0,26.060606060606062,9,16.02378508137718,15.862682968241984,16.01134442508541,False,True,False,True,False,True,False,False,False,False,False,False,False,False,False,False,False,False,False
5,5,300.0,30.9628937,28.7565892,10,0,0,1,1,1,1,0,0,0,156666.66666666666,25,60.0,3.3333333333333335,4,16.345788916607955,16.785925074816024,16.345788916607955,False,True,False,True,False,False,False,False,False,False,False,False,False,False,False,False,False,True,False
3,2,195.0,29.98644,31.16651,0,0,0,0,0,0,0,0,0,0,21282.05128205128,6,65.0,0.0,0,14.88022163978423,14.751604309291395,16.01134442508541,False,True,False,True,False,True,False,False,False,False,False,False,False,False,False,False,False,False,False
2,1,125.0,31.21614,29.93875,7,0,0,0,0,1,0,0,0,1,30800.0,2,62.5,5.6,2,15.004357149146209,15.004357149146209,15.851522672265068,False,True,False,True,False,True,False,False,False,False,False,False,False,False,False,False,False,False,False
3,3,160.0,30.06805,31.406379,33,1,1,1,1,1,1,1,0,1,59968.75,9,53.333333333333336,20.625,8,16.282847171369255,16.489659276356317,16.066802461833923,False,True,False,False,True,False,False,False,False,False,False,False,False,False,False,True,False,False,False
3,3,170.0,29.9391835,31.0267927,22,1,1,1,1,1,1,0,0,1,48235.294117647056,9,56.666666666666664,12.941176470588236,7,16.10616420501588,15.656740161647143,16.01134442508541,False,True,False,True,False,True,False,False,False,False,False,False,False,False,False,False,False,False,False
3,3,105.0,30.09093,31.32778,14,0,0,1,1,1,0,0,0,1,34285.71428571428,9,35.0,13.333333333333332,4,15.78142351648329,15.955576839107596,16.066802461833923,False,True,False,True,False,True,False,False,False,False,False,False,False,False,False,False,False,False,False
3,2,160.0,30.8670336,29.3237972,21,1,1,0,1,1,1,1,1,1,60781.25,6,53.333333333333336,13.125,8,15.747032114495013,16.28993491332643,15.747032114495013,False,True,False,False,True,False,False,True,False,False,False,False,False,False,False,False,False,False,False
0,1,50.0,30.0527286,31.6173381,40,1,1,1,1,1,1,1,1,1,70000.0,0,60.0,80.0,9,15.82707481102028,15.18922639004183,16.066802461833923,False,False,True,False,True,False,False,False,False,True,False,False,False,False,False,False,False,False,False
3,3,196.0,30.2013484,31.6804732,15,0,0,1,1,1,1,0,0,1,65585.71428571429,9,65.33333333333333,7.653061224489796,5,16.088423555642784,16.15957650726579,16.066802461833923,False,False,True,True,False,False,False,False,False,False,False,False,False,False,False,False,False,True,False
3,2,140.0,31.23222,29.94942,7,0,0,0,0,1,0,0,0,1,32142.85714285714,6,46.666666666666664,5.0,2,15.894952224644102,15.894952224644102,15.851522672265068,False,True,False,True,False,True,False,False,False,False,False,False,False,False,False,False,False,False,False
3,2,135.0,29.91637,31.06103,0,0,0,0,0,0,0,0,0,0,12962.962962962964,6,45.0,0.0,0,15.279199431073042,15.10749451433816,16.01134442508541,False,False,True,True,False,True,False,False,False,False,False,False,False,False,False,False,False,False,False
2,2,135.0,29.9978985,31.63101061,5,0,0,0,1,0,0,0,0,0,22222.222222222223,4,67.5,3.7037037037037033,1,15.616501940217244,15.607270193858982,16.066802461833923,False,False,True,True,False,True,False,False,False,False,False,False,False,False,False,False,False,False,False
5,6,415.0,30.0758544,31.4716547,23,1,1,1,1,1,1,1,1,0,114300.29397590361,30,83.0,5.542168674698795,8,16.282847171369255,16.489659276356317,16.066802461833923,False,False,True,True,False,False,False,False,False,False,False,False,False,False,False,False,False,True,False
3,3,475.0,30.126093103526,31.609308019506,19,0,1,0,1,1,1,1,0,0,43157.89473684211,9,158.33333333333334,4.0,5,16.088423555642784,16.835935492889124,16.066802461833923,False,True,False,True,False,False,False,False,False,False,False,False,False,False,False,False,False,True,False
4,3,184.0,29.9308114,31.0876497,22,1,1,1,1,0,1,1,1,0,38043.47826086957,12,46.0,11.956521739130434,7,15.279199431073042,15.701270103510215,16.01134442508541,False,True,False,True,False,True,False,False,False,False,False,False,False,False,False,False,False,False,False
4,3,235.0,30.166137,31.6680496,10,0,0,1,1,0,0,0,0,0,53191.48936170213,12,58.75,4.25531914893617,2,16.300417291085605,16.486367704879513,16.066802461833923,False,True,False,True,False,False,False,False,False,False,False,False,False,False,False,True,False,False,False
4,4,318.0,30.0212161,31.5472488,9,0,0,0,1,1,1,0,0,0,72641.50943396226,16,79.5,2.830188679245283,3,16.282847171369255,16.29204904211537,16.066802461833923,False,True,False,True,False,False,False,False,True,False,False,False,False,False,False,False,False,False,False
2,2,92.0,31.082957585789,28.032116949628,14,1,1,1,0,0,0,0,0,0,70108.69565217392,4,46.0,15.217391304347826,3,16.345788916607955,16.264790116464905,16.345788916607955,False,True,False,False,True,False,False,False,False,False,False,False,True,False,False,False,False,False,False
6,5,402.0,29.550836851327,30.867589850082,0,0,0,0,0,0,0,0,0,0,34555.97014925373,30,67.0,0.0,0,16.552148280706213,16.552148280706213,15.851522672265068,False,True,False,False,True,False,False,False,False,False,False,False,False,False,False,False,False,True,False
3,3,250.0,30.0050838,30.9290455,20,1,1,0,1,1,1,1,1,1,44336.0,9,83.33333333333333,8.0,8,16.10616420501588,15.930560647738732,16.01134442508541,False,False,True,False,True,False,False,False,False,False,False,False,False,False,False,False,False,False,True
3,2,185.0,29.98644,31.16651,14,0,0,1,0,1,1,0,0,1,16216.216216216217,6,61.666666666666664,7.5675675675675675,4,14.88022163978423,14.751604309291395,16.01134442508541,False,True,False,True,False,True,False,False,False,False,False,False,False,False,False,False,False,False,False
3,2,185.0,30.0085681,31.3191671,0,0,0,0,0,0,0,0,0,0,25135.135135135137,6,61.666666666666664,0.0,0,15.830413711839864,15.269463801202813,16.066802461833923,False,True,False,True,False,True,False,False,False,False,False,False,False,False,False,False,False,False,False
4,3,210.0,29.9294519,30.9148066,0,0,0,0,0,0,0,0,0,0,16000.0,12,52.5,0.0,0,16.10616420501588,15.027451829558391,16.01134442508541,False,True,False,True,False,True,False,False,False,False,False,False,False,False,False,False,False,False,False
3,4,240.0,30.14421,31.63972,34,0,0,1,1,1,1,0,0,1,15000.0,12,80.0,14.166666666666668,5,16.088423555642784,15.35237799261728,16.066802461833923,False,True,False,True,False,True,False,False,False,False,False,False,False,False,False,False,False,False,False
5,4,324.0,30.0303648,31.530564,12,1,1,0,1,0,0,1,1,0,56018.51851851852,20,64.8,3.7037037037037033,5,16.282847171369255,16.29204904211537,16.066802461833923,False,True,False,False,True,False,False,False,False,False,False,False,False,False,False,False,False,True,False
3,3,164.0,29.954044893872,31.567046406747,24,1,1,1,1,0,1,1,1,0,97560.9756097561,9,54.666666666666664,14.634146341463415,7,16.282847171369255,16.200596964551092,16.066802461833923,False,True,False,False,True,True,False,False,False,False,False,False,False,False,False,False,False,False,False
5,4,215.0,29.9885982,31.0445272,26,1,1,1,1,1,1,1,1,1,58255.813953488374,20,43.0,12.093023255813954,9,16.10616420501588,16.39933015491581,16.01134442508541,False,True,False,True,False,False,False,False,False,False,False,False,False,False,False,False,False,True,False
3,1,90.0,31.50846,31.82701,0,0,0,0,0,0,0,0,0,0,43333.333333333336,3,30.0,0.0,0,15.226497775576945,15.226497775576945,15.271797524004405,False,True,False,True,False,True,False,False,False,False,False,False,False,False,False,False,False,False,False
5,6,519.0,29.9819025,31.3772485,22,0,1,1,1,1,1,0,0,0,63583.815028901736,30,103.8,4.238921001926782,5,16.087842710858826,16.034714150714915,16.066802461833923,False,True,False,True,False,False,False,False,False,False,False,False,False,False,False,False,False,True,False
3,2,175.0,30.0035761,31.4056766,9,0,0,0,1,1,0,0,0,1,57142.857142857145,6,58.333333333333336,5.142857142857143,3,16.282847171369255,16.29204904211537,16.066802461833923,False,True,False,True,False,True,False,False,False,False,False,False,False,False,False,False,False,False,False
3,3,200.0,30.09177585,31.6426486,0,0,0,0,0,0,0,0,0,0,51000.0,9,66.66666666666667,0.0,0,15.93111255107345,15.88868261241667,16.066802461833923,False,True,False,True,False,True,False,False,False,False,False,False,False,False,False,False,False,False,False
3,3,242.0,30.09093,31.32778,22,1,1,1,1,1,1,1,1,1,47520.66115702479,9,80.66666666666667,9.090909090909092,9,15.78142351648329,15.955576839107596,16.066802461833923,False,True,False,True,False,False,False,False,True,False,False,False,False,False,False,False,False,False,False
4,4,277.0,29.9796998,31.3680378,44,1,1,1,1,1,1,1,1,1,50541.516245487364,16,69.25,15.884476534296029,9,16.087842710858826,16.454567959008102,16.066802461833923,False,True,False,False,True,False,False,False,False,False,False,False,True,False,False,False,False,False,False
4,3,500.0,30.0546803,31.5114161,0,0,0,0,0,0,0,0,0,0,10000.0,12,125.0,0.0,0,16.282847171369255,16.489659276356317,16.066802461833923,False,True,False,True,False,True,False,False,False,False,False,False,False,False,False,False,False,False,False
3,3,164.0,30.025056,31.5948035,19,1,1,1,1,0,0,1,1,0,128048.78048780488,9,54.666666666666664,11.585365853658537,6,16.282847171369255,16.29204904211537,16.066802461833923,False,True,False,True,False,False,False,False,False,False,False,False,True,False,False,False,False,False,False
3,3,186.0,30.002466670503,31.617532735584,18,1,1,1,0,1,0,1,1,1,111827.95698924731,9,62.0,9.67741935483871,7,15.616501940217244,16.85046359274847,16.066802461833923,False,True,False,False,True,False,False,False,False,False,False,False,False,False,False,True,False,False,False
3,2,156.0,30.0268356,31.493173,2,0,0,0,0,1,0,0,0,1,35256.41025641026,6,52.0,1.282051282051282,2,16.282847171369255,16.29204904211537,16.066802461833923,True,False,False,True,False,True,False,False,False,False,False,False,False,False,False,False,False,False,False
3,3,245.0,30.09177585,31.6426486,48,1,1,0,1,1,1,1,1,1,57142.857142857145,9,81.66666666666667,19.591836734693874,8,15.93111255107345,15.88868261241667,16.066802461833923,False,True,False,True,False,True,False,False,False,False,False,False,False,False,False,False,False,False,False
2,2,130.0,30.095655324801,31.634948228684,8,1,0,0,0,1,1,0,0,1,43646.153846153844,4,65.0,6.153846153846153,4,15.82707481102028,15.704245637578751,16.066802461833923,False,True,False,False,True,True,False,False,False,False,False,False,False,False,False,False,False,False,False
6,6,650.0,30.107832255957,31.596580211647,11,0,0,0,1,1,1,0,0,0,28769.23076923077,36,108.33333333333333,1.6923076923076923,3,16.088423555642784,16.380459992348886,16.066802461833923,False,True,False,True,False,False,False,False,False,False,False,False,False,False,False,False,False,True,False
3,3,240.0,30.013687,31.0706419,11,1,1,1,1,1,0,0,0,0,41666.666666666664,9,80.0,4.583333333333334,5,16.10616420501588,16.300417291085605,16.01134442508541,False,True,False,True,False,False,False,False,True,False,False,False,False,False,False,False,False,False,False
3,3,200.0,30.14421,31.63972,26,0,0,1,1,1,1,0,0,1,14500.0,9,66.66666666666667,13.0,5,16.088423555642784,15.35237799261728,16.066802461833923,False,True,False,True,False,True,False,False,False,False,False,False,False,False,False,False,False,False,False
7,7,615.0,30.09177585,31.6426486,27,0,0,1,1,1,0,0,0,1,126829.26829268293,49,87.85714285714286,4.390243902439024,4,15.93111255107345,15.88868261241667,16.066802461833923,False,True,False,True,False,False,False,False,False,False,False,False,False,False,False,False,False,True,False
3,3,281.0,30.013687,31.0706419,46,1,1,1,1,1,1,1,1,1,42704.62633451957,9,93.66666666666667,16.370106761565836,9,16.10616420501588,16.300417291085605,16.01134442508541,False,True,False,True,False,False,False,False,False,False,False,False,True,False,False,False,False,False,False
4,4,640.0,29.9842656,31.540594,31,1,0,1,1,1,1,1,1,1,73437.5,16,160.0,4.84375,8,16.282847171369255,16.29204904211537,16.066802461833923,False,True,False,True,False,False,False,False,False,False,False,False,False,False,False,False,False,True,False
8,9,565.0,30.0057578,31.036498,15,1,0,0,1,1,1,0,0,1,88495.57522123893,72,70.625,2.654867256637168,5,16.10616420501588,16.938854599626616,16.01134442508541,False,True,False,True,False,False,False,False,False,False,False,False,False,False,False,False,True,False,False
2,2,88.0,30.0123585,31.4469381,0,0,0,0,0,0,0,0,0,0,75284.09090909091,4,44.0,0.0,0,16.282847171369255,16.29204904211537,16.066802461833923,False,False,True,False,True,True,False,False,False,False,False,False,False,False,False,False,False,False,False
2,3,125.0,30.2013484,31.6804732,8,0,0,1,0,1,1,0,0,0,44040.0,6,62.5,6.4,3,16.088423555642784,16.15957650726579,16.066802461833923,False,True,False,False,True,True,False,False,False,False,False,False,False,False,False,False,False,False,False
3,3,226.0,30.09177585,31.6426486,13,0,0,0,1,1,1,0,0,0,75221.2389380531,9,75.33333333333333,5.7522123893805315,3,15.93111255107345,15.88868261241667,16.066802461833923,False,True,False,True,False,False,False,False,False,False,False,False,False,False,False,True,False,False,False
3,3,165.0,30.025056,31.5948035,45,1,1,1,0,1,1,1,1,1,107327.27272727272,9,55.0,27.272727272727273,8,16.282847171369255,16.29204904211537,16.066802461833923,False,True,False,True,False,True,False,False,False,False,False,False,False,False,False,False,False,False,False
3,3,154.0,30.090647810305,31.377698496569,15,1,1,1,1,1,0,1,0,1,45454.545454545456,9,51.333333333333336,9.74025974025974,7,15.803385043104912,15.803385043104912,16.066802461833923,False,True,False,True,False,True,False,False,False,False,False,False,False,False,False,False,False,False,False
3,2,110.0,30.8670336,29.3237972,0,0,0,0,0,0,0,0,0,0,131818.18181818182,6,36.666666666666664,0.0,0,15.747032114495013,16.28993491332643,15.747032114495013,False,True,False,True,False,False,False,True,False,False,False,False,False,False,False,False,False,False,False
2,2,151.0,30.0381444,31.0381771,39,1,1,0,1,1,1,1,1,1,27152.3178807947,4,75.5,25.827814569536425,8,16.02378508137718,15.974254731399089,16.01134442508541,False,False,True,True,False,True,False,False,False,False,False,False,False,False,False,False,False,False,False
5,4,250.0,30.067179461428,31.536452798136,0,0,0,0,0,0,0,0,0,0,68000.0,20,50.0,0.0,0,16.282847171369255,16.29204904211537,16.066802461833923,False,True,False,True,False,False,False,False,False,False,False,False,False,False,False,False,False,True,False
4,4,190.0,29.9867592,31.0759352,38,1,1,1,1,1,0,1,1,1,31578.947368421053,16,47.5,20.0,8,16.10616420501588,16.300417291085605,16.01134442508541,False,False,True,True,False,False,False,False,False,False,False,False,False,False,False,True,False,False,False
3,3,176.0,30.0669117,31.3375553,11,1,1,0,0,1,1,0,0,0,32542.613636363636,9,58.666666666666664,6.25,4,15.82707481102028,15.687312888712007,16.066802461833923,False,True,False,True,False,True,False,False,False,False,False,False,False,False,False,False,False,False,False
1,2,65.0,31.0665111,28.344066,25,1,1,1,1,1,0,1,1,1,86153.84615384616,2,65.0,38.46153846153846,8,16.345788916607955,15.572773764067886,16.345788916607955,False,True,False,False,True,False,False,True,False,False,False,False,False,False,False,False,False,False,False
2,2,89.0,30.06603,31.48561,0,0,0,0,0,0,0,0,0,0,69662.9213483146,4,44.5,0.0,0,16.282847171369255,15.86963441986494,16.066802461833923,False,True,False,True,False,True,False,False,False,False,False,False,False,False,False,False,False,False,False
3,3,136.0,30.153125250041,31.645421749033,45,1,1,1,1,1,1,1,1,1,25735.29411764706,9,45.333333333333336,33.088235294117645,9,16.088423555642784,15.068273812173887,16.066802461833923,False,True,False,False,True,True,False,False,False,False,False,False,False,False,False,False,False,False,False
3,4,245.0,30.04842577295,31.501481164322,16,1,1,0,1,1,1,0,0,0,67620.40816326531,12,81.66666666666667,6.530612244897958,5,16.282847171369255,16.29204904211537,16.066802461833923,False,False,True,False,True,False,False,False,False,False,False,False,False,False,False,False,False,False,True
2,1,105.0,30.0085681,31.3191671,3,0,0,0,0,0,0,0,0,0,22476.190476190477,2,52.5,2.857142857142857,0,15.830413711839864,15.269463801202813,16.066802461833923,False,True,False,True,False,True,False,False,False,False,False,False,False,False,False,False,False,False,False
4,4,315.0,30.9967183,28.6909805,11,0,0,1,0,1,1,0,0,0,82539.68253968254,16,78.75,3.492063492063492,3,16.345788916607955,16.785925074816024,16.345788916607955,True,False,False,True,False,False,False,True,False,False,False,False,False,False,False,False,False,False,False
2,2,125.0,29.9978985,31.63101061,7,0,0,1,0,1,1,0,0,0,49600.0,4,62.5,5.6,3,15.616501940217244,15.607270193858982,16.066802461833923,False,False,True,True,False,True,False,False,False,False,False,False,False,False,False,False,False,False,False
4,3,216.0,31.21536,29.94034,7,0,0,0,0,1,1,0,0,0,86111.11111111111,12,54.0,3.2407407407407405,2,15.830413711839864,15.754226482185867,15.851522672265068,False,True,False,True,False,True,False,False,False,False,False,False,False,False,False,False,False,False,False
3,3,170.0,29.989265,31.0075456,15,1,1,1,1,1,0,1,1,1,35294.117647058825,9,56.666666666666664,8.823529411764707,8,16.10616420501588,15.984548045826063,16.01134442508541,False,True,False,True,False,True,False,False,False,False,False,False,False,False,False,False,False,False,False
3,4,180.0,30.068527462055,31.64004459621,22,0,1,1,1,0,0,1,1,0,90888.88888888889,12,60.0,12.222222222222221,5,15.82707481102028,16.06690771944096,16.066802461833923,False,True,False,False,True,False,False,False,False,False,False,False,False,False,False,True,False,False,False
3,3,250.0,30.14421,31.63972,10,0,0,1,0,0,0,0,0,0,18600.0,9,83.33333333333333,4.0,1,16.088423555642784,15.35237799261728,16.066802461833923,False,True,False,True,False,True,False,False,False,False,False,False,False,False,False,False,False,False,False
3,3,134.0,30.0395901,31.6985965,23,0,1,1,1,1,1,1,0,1,24022.388059701494,9,44.666666666666664,17.16417910447761,7,15.616501940217244,15.458189997639176,16.066802461833923,False,True,False,True,False,True,False,False,False,False,False,False,False,False,False,False,False,False,False
3,2,125.0,29.438305795916,32.499294326125,33,1,1,0,1,1,0,1,1,1,54400.0,6,41.666666666666664,26.4,7,15.747032114495013,15.732433317205148,15.747032114495013,True,False,False,True,False,False,False,True,False,False,False,False,False,False,False,False,False,False,False
1,1,75.0,28.715620708338,30.978711069679,2,0,0,0,0,1,0,0,0,0,96600.0,1,75.0,2.6666666666666665,1,16.345788916607955,15.795822271763136,16.345788916607955,False,True,False,False,True,False,False,True,False,False,False,False,False,False,False,False,False,False,False
3,2,124.0,30.09177585,31.6426486,12,0,0,0,0,0,0,0,0,0,45161.290322580644,6,41.333333333333336,9.67741935483871,0,15.93111255107345,15.88868261241667,16.066802461833923,False,True,False,True,False,True,False,False,False,False,False,False,False,False,False,False,False,False,False
3,3,210.0,29.9924715,30.8920785,19,1,1,1,1,1,1,0,0,1,52857.142857142855,9,70.0,9.047619047619047,7,16.10616420501588,16.360729622918004,16.01134442508541,False,True,False,False,True,False,False,False,False,False,False,False,False,False,False,True,False,False,False
3,3,170.0,30.0941611,31.7041108,0,0,0,0,0,0,0,0,0,0,43588.23529411765,9,56.666666666666664,0.0,0,15.82707481102028,15.793051943818522,16.066802461833923,False,True,False,True,False,True,False,False,False,False,False,False,False,False,False,False,False,False,False
3,2,150.0,31.2433957604,29.970927466933,6,0,0,0,0,1,0,0,0,1,28000.0,6,50.0,4.0,2,15.250595321348806,15.250595321348806,15.851522672265068,False,True,False,True,False,True,False,False,False,False,False,False,False,False,False,False,False,False,False
2,3,150.0,31.075992693113,27.971111509728,24,1,1,1,1,1,1,1,1,1,113066.66666666667,6,75.0,16.0,9,16.345788916607955,16.264790116464905,16.345788916607955,False,True,False,False,True,False,False,True,False,False,False,False,False,False,False,False,False,False,False
3,3,170.0,30.082662679848,31.376713970852,21,1,1,1,1,1,1,0,0,1,45997.05882352941,9,56.666666666666664,12.352941176470589,7,15.803385043104912,15.7192417923152,16.066802461833923,False,True,False,True,False,True,False,False,False,False,False,False,False,False,False,False,False,False,False
2,2,158.0,30.051694701504,31.679024895964,11,0,0,1,1,0,0,0,0,0,75949.3670886076,4,79.0,6.962025316455696,2,15.82707481102028,16.300417291085605,16.066802461833923,False,True,False,False,True,True,False,False,False,False,False,False,False,False,False,False,False,False,False
1,2,55.0,31.089549212598,28.160593150923,35,1,1,1,1,0,1,1,1,0,200000.0,2,55.0,63.63636363636363,7,16.345788916607955,16.264790116464905,16.345788916607955,False,False,True,False,True,False,False,True,False,False,False,False,False,False,False,False,False,False,False
3,3,175.0,29.9099651,30.9262542,33,1,1,1,1,1,1,1,1,1,85714.28571428571,9,58.333333333333336,18.857142857142858,9,16.10616420501588,16.9543020541739,16.01134442508541,False,True,False,False,True,False,False,False,False,False,False,False,False,False,False,True,False,False,False
3,3,210.0,29.9462159,31.7122334,15,1,1,1,0,1,0,1,1,1,26517.042857142857,9,70.0,7.142857142857142,7,15.616501940217244,15.532650642238089,16.066802461833923,False,True,False,True,False,True,False,False,False,False,False,False,False,False,False,False,False,False,False
3,3,195.0,30.09177585,31.6426486,0,0,0,0,0,0,0,0,0,0,89743.58974358975,9,65.0,0.0,0,15.93111255107345,15.88868261241667,16.066802461833923,False,True,False,True,False,False,False,False,False,False,False,False,False,False,False,False,False,True,False
7,5,500.0,30.996363,28.6804318,8,0,0,1,1,0,0,0,0,0,102500.0,35,71.42857142857143,1.6,2,16.345788916607955,16.785925074816024,16.345788916607955,True,False,False,True,False,False,False,False,False,False,False,False,False,False,False,False,False,True,False
3,2,131.0,30.09177585,31.6426486,30,1,1,1,1,1,1,0,0,1,51526.71755725191,6,43.666666666666664,22.900763358778626,7,15.93111255107345,15.88868261241667,16.066802461833923,False,True,False,True,False,True,False,False,False,False,False,False,False,False,False,False,False,False,False
0,2,79.0,30.0941611,31.7041108,9,0,1,0,1,0,1,0,0,0,36428.74683544304,0,60.0,11.39240506329114,3,15.82707481102028,15.793051943818522,16.066802461833923,False,True,False,False,True,True,False,False,False,False,False,False,False,False,False,False,False,False,False
4,4,220.0,29.970745778017,30.862376349077,18,1,1,1,0,0,0,1,1,0,100000.0,16,55.0,8.181818181818182,5,16.10616420501588,16.747326199740595,16.01134442508541,False,True,False,False,True,False,False,False,False,False,False,False,False,False,False,False,False,True,False
4,3,335.0,30.06603,31.48561,47,1,1,1,1,1,1,1,1,1,164179.10447761195,12,83.75,14.029850746268655,9,16.282847171369255,15.86963441986494,16.066802461833923,True,False,False,True,False,False,False,False,False,False,False,False,False,False,False,False,False,True,False
4,4,365.0,29.8561331,30.9018623,12,1,1,1,1,1,0,0,0,0,24657.534246575342,16,91.25,3.2876712328767126,5,16.10616420501588,16.19413042991272,16.01134442508541,False,True,False,True,False,False,False,False,False,False,False,False,False,False,False,False,False,True,False
3,3,273.0,30.2013484,31.6804732,6,0,0,1,0,0,0,0,0,0,37545.78754578755,9,91.0,2.197802197802198,1,16.088423555642784,16.15957650726579,16.066802461833923,False,True,False,True,False,False,False,False,False,False,False,False,False,False,False,True,False,False,False
2,2,133.0,29.9875186,31.5555302,0,0,0,0,0,0,0,0,0,0,54135.338345864664,4,66.5,0.0,0,16.282847171369255,16.29204904211537,16.066802461833923,False,False,True,True,False,True,False,False,False,False,False,False,False,False,False,False,False,False,False
1,1,65.0,31.0952654,27.9249993,0,0,0,0,0,0,0,0,0,0,132307.6923076923,1,65.0,0.0,0,16.345788916607955,16.264790116464905,16.345788916607955,False,False,True,True,False,False,False,True,False,False,False,False,False,False,False,False,False,False,False
3,3,253.0,30.0102788,31.5379067,26,1,1,1,1,1,1,1,1,0,187747.03557312253,9,84.33333333333333,10.276679841897234,8,16.282847171369255,16.29204904211537,16.066802461833923,False,True,False,True,False,False,False,False,False,False,False,False,False,False,False,False,False,True,False
3,2,169.0,31.208442946995,29.939799250338,6,0,0,0,0,0,1,0,0,0,72715.97633136094,6,56.333333333333336,3.5502958579881656,1,15.830413711839864,16.300417291085605,15.851522672265068,False,True,False,False,True,True,False,False,False,False,False,False,False,False,False,False,False,False,False
3,3,150.0,30.0815405,31.3475658,27,1,1,1,1,1,1,1,1,0,30200.0,9,50.0,18.0,8,15.616501940217244,15.326232718209745,16.066802461833923,False,True,False,True,False,True,False,False,False,False,False,False,False,False,False,False,False,False,False
4,3,210.0,29.9294519,30.9148066,0,0,0,0,0,0,0,0,0,0,16000.0,12,52.5,0.0,0,16.10616420501588,15.027451829558391,16.01134442508541,False,True,False,True,False,True,False,False,False,False,False,False,False,False,False,False,False,False,False
3,3,196.0,29.9842656,31.540594,7,0,0,0,0,1,0,0,0,0,55867.34693877551,9,65.33333333333333,3.5714285714285716,1,16.282847171369255,16.29204904211537,16.066802461833923,False,True,False,True,False,True,False,False,False,False,False,False,False,False,False,False,False,False,False
3,4,250.0,30.04125845,31.2030406,12,0,0,0,0,0,1,0,0,0,42000.0,12,83.33333333333333,4.8,1,15.830413711839864,15.830413711839864,16.01134442508541,True,False,False,True,False,True,False,False,False,False,False,False,False,False,False,False,False,False,False
2,2,115.0,29.9932585,31.3072295,2,0,0,0,0,0,0,0,0,0,16521.739130434784,4,57.5,1.7391304347826089,0,15.830413711839864,14.792024745808913,16.066802461833923,False,True,False,True,False,True,False,False,False,False,False,False,False,False,False,False,False,False,False
2,2,192.0,29.9978985,31.63101061,15,1,1,1,1,0,0,1,0,0,31250.0,4,96.0,7.8125,5,15.616501940217244,15.607270193858982,16.066802461833923,False,True,False,True,False,True,False,False,False,False,False,False,False,False,False,False,False,False,False
3,3,217.0,29.9885982,31.0445272,22,1,1,1,1,1,0,1,1,0,32258.064516129034,9,72.33333333333333,10.138248847926267,7,16.10616420501588,16.39933015491581,16.01134442508541,False,True,False,True,False,True,False,False,False,False,False,False,False,False,False,False,False,False,False
2,3,160.0,30.0111753,31.5161206,27,1,1,1,1,1,1,1,1,1,75000.0,6,80.0,16.875,9,16.282847171369255,16.29204904211537,16.066802461833923,False,True,False,True,False,True,False,False,False,False,False,False,False,False,False,False,False,False,False
1,1,77.0,29.98517849,31.04999818,27,1,1,1,1,1,1,1,1,1,181818.18181818182,1,77.0,35.064935064935064,9,16.10616420501588,16.70097038315765,16.01134442508541,False,True,False,False,True,True,False,False,False,False,False,False,False,False,False,False,False,False,False
3,3,170.0,30.07349031,31.60085522,22,1,1,1,1,0,0,1,1,0,37058.82352941176,9,56.666666666666664,12.941176470588236,6,16.282847171369255,16.29204904211537,16.066802461833923,False,True,False,True,False,True,False,False,False,False,False,False,False,False,False,False,False,False,False
3,2,147.0,31.2155235,29.9420061,3,0,0,0,0,0,0,0,0,0,52000.0,6,49.0,2.0408163265306123,0,15.830413711839864,15.805301014415544,15.851522672265068,False,True,False,False,True,True,False,False,False,False,False,False,False,False,False,False,False,False,False
5,5,372.0,30.0057578,31.036498,44,1,1,1,1,1,1,1,1,1,44354.83870967742,25,74.4,11.827956989247312,9,16.10616420501588,16.938854599626616,16.01134442508541,False,True,False,True,False,False,False,False,False,False,False,False,False,False,False,False,True,False,False
4,4,280.0,30.0102788,31.5379067,0,0,0,0,0,0,0,0,0,0,117857.14285714286,16,70.0,0.0,0,16.282847171369255,16.29204904211537,16.066802461833923,True,False,False,True,False,False,False,False,False,False,False,False,False,False,False,False,False,True,False
3,3,170.0,30.0870528,31.5124185,0,0,0,0,0,0,0,0,0,0,51764.705882352944,9,56.666666666666664,0.0,0,16.282847171369255,16.29204904211537,16.066802461833923,False,True,False,False,True,True,False,False,False,False,False,False,False,False,False,False,False,False,False
6,7,500.0,31.00763549,29.75773621,26,0,0,1,1,1,0,0,0,1,33000.0,42,83.33333333333333,5.2,4,16.18295155698594,15.747032114495013,15.851522672265068,False,True,False,True,False,False,False,False,False,False,False,False,False,False,False,False,False,True,False
3,4,195.0,30.0455507,31.6578556,9,0,1,1,0,1,1,0,0,0,32820.51282051282,12,65.0,4.615384615384616,4,15.82707481102028,15.717618233614914,16.066802461833923,False,True,False,True,False,True,False,False,False,False,False,False,False,False,False,False,False,False,False
3,3,127.0,29.9391835,31.0267927,22,1,1,1,1,1,1,0,0,1,57952.75590551181,9,42.333333333333336,17.322834645669293,7,16.10616420501588,15.656740161647143,16.01134442508541,False,True,False,True,False,True,False,False,False,False,False,False,False,False,False,False,False,False,False
3,3,165.0,30.166137,31.6680496,12,0,0,1,1,0,1,1,0,0,88424.24242424243,9,55.0,7.272727272727273,4,16.300417291085605,16.486367704879513,16.066802461833923,False,True,False,False,True,True,False,False,False,False,False,False,False,False,False,False,False,False,False
3,4,233.0,30.04842577295,31.501481164322,0,0,0,0,0,0,0,0,0,0,84549.35622317597,12,77.66666666666667,0.0,0,16.282847171369255,16.29204904211537,16.066802461833923,False,False,True,False,True,False,False,False,False,False,False,False,False,False,False,False,False,False,True
1,1,35.0,29.217244049651,32.622406450847,24,0,1,1,1,1,1,0,0,1,64428.57142857143,1,35.0,68.57142857142857,6,15.747032114495013,15.59046307836746,15.747032114495013,False,True,False,False,True,False,False,True,False,False,False,False,False,False,False,False,False,False,False
11,10,705.0,30.22834,31.47989,13,1,1,1,1,0,0,0,0,0,42553.1914893617,110,64.0909090909091,1.8439716312056738,4,15.219188824173482,15.29452599349607,16.066802461833923,False,True,False,True,False,False,False,False,False,False,False,False,False,False,False,False,False,True,False
2,2,116.0,30.078762187131,31.473255,11,0,0,1,1,0,1,0,0,0,86000.0,4,58.0,9.482758620689657,3,16.282847171369255,16.29204904211537,16.066802461833923,False,True,False,False,True,True,False,False,False,False,False,False,False,False,False,False,False,False,False
1,1,72.0,30.06805,31.406379,0,0,0,0,0,0,0,0,0,0,53569.444444444445,1,72.0,0.0,0,16.282847171369255,16.489659276356317,16.066802461833923,False,False,True,True,False,True,False,False,False,False,False,False,False,False,False,False,False,False,False
3,2,124.0,30.09177585,31.6426486,26,0,0,0,0,1,1,0,0,1,47177.41935483871,6,41.333333333333336,20.967741935483872,3,15.93111255107345,15.88868261241667,16.066802461833923,False,True,False,True,False,True,False,False,False,False,False,False,False,False,False,False,False,False,False
5,5,375.0,29.9819025,31.3772485,25,1,1,1,1,1,1,1,1,1,72800.0,25,75.0,6.666666666666667,9,16.087842710858826,16.034714150714915,16.066802461833923,False,True,False,False,True,False,False,False,False,False,False,False,False,False,False,False,False,True,False
2,2,130.0,29.9842656,31.540594,0,0,0,0,0,0,0,0,0,0,61538.46153846154,4,65.0,0.0,0,16.282847171369255,16.29204904211537,16.066802461833923,False,True,False,False,True,True,False,False,False,False,False,False,False,False,False,False,False,False,False
1,1,67.0,31.0724538,28.2011747,13,0,0,1,1,0,0,0,0,0,95522.3880597015,1,67.0,19.402985074626866,2,16.345788916607955,16.264790116464905,16.345788916607955,False,False,True,False,True,False,False,True,False,False,False,False,False,False,False,False,False,False,False
4,4,400.0,30.0124138,31.4396951,10,0,0,1,1,0,0,0,0,0,32500.0,16,100.0,2.5,2,16.282847171369255,16.29204904211537,16.066802461833923,False,True,False,True,False,True,False,False,False,False,False,False,False,False,False,False,False,False,False
4,4,266.0,30.0310276,31.5423707,0,0,0,0,0,0,0,0,0,0,135338.34586466165,16,66.5,0.0,0,16.282847171369255,16.29204904211537,16.066802461833923,False,True,False,True,False,False,False,False,False,False,False,False,False,False,False,True,False,False,False
3,3,186.0,29.970745778017,30.862376349077,18,1,1,1,0,0,0,1,1,0,86021.50537634408,9,62.0,9.67741935483871,5,16.10616420501588,16.747326199740595,16.01134442508541,False,True,False,False,True,False,False,False,False,False,False,False,False,False,False,False,False,True,False
5,5,840.0,30.917731,30.0636166,10,1,0,0,0,1,1,0,0,1,59523.80952380953,25,168.0,1.1904761904761905,4,16.02378508137718,17.622173069956816,16.01134442508541,False,True,False,True,False,False,False,False,False,False,False,False,False,False,False,False,False,True,False
3,3,165.0,30.07349031,31.60085522,6,0,0,1,0,0,0,0,0,0,37272.72727272727,9,55.0,3.6363636363636367,1,16.282847171369255,16.29204904211537,16.066802461833923,False,True,False,True,False,True,False,False,False,False,False,False,False,False,False,False,False,False,False
3,3,150.0,31.0886599,27.9534117,8,0,0,1,1,0,0,0,0,0,86000.0,9,50.0,5.333333333333333,2,16.345788916607955,16.264790116464905,16.345788916607955,False,False,True,True,False,False,False,True,False,False,False,False,False,False,False,False,False,False,False
3,3,175.0,30.07349031,31.60085522,0,0,0,0,0,0,0,0,0,0,44571.42857142857,9,58.333333333333336,0.0,0,16.282847171369255,16.29204904211537,16.066802461833923,False,True,False,True,False,True,False,False,False,False,False,False,False,False,False,False,False,False,False
3,3,160.0,29.9842656,31.540594,41,1,1,1,1,1,1,1,1,1,43750.0,9,53.333333333333336,25.625,9,16.282847171369255,16.29204904211537,16.066802461833923,False,True,False,False,True,True,False,False,False,False,False,False,False,False,False,False,False,False,False
3,1,160.0,30.03145,31.34338,0,0,0,0,0,0,0,0,0,0,29375.0,3,53.333333333333336,0.0,0,15.501738199611221,15.519597237722468,16.066802461833923,False,True,False,True,False,True,False,False,False,False,False,False,False,False,False,False,False,False,False
3,3,178.0,29.95833430058,31.758356812362,0,0,0,0,0,0,0,0,0,0,27752.5,9,59.333333333333336,0.0,0,15.616501940217244,15.297238039382105,16.066802461833923,False,True,False,False,True,True,False,False,False,False,False,False,False,False,False,False,False,False,False
3,3,192.0,29.9978985,31.63101061,6,0,0,1,0,0,1,0,0,0,41666.666666666664,9,64.0,3.125,2,15.616501940217244,15.607270193858982,16.066802461833923,False,True,False,True,False,True,False,False,False,False,False,False,False,False,False,False,False,False,False
4,4,400.0,29.9924715,30.8920785,26,1,1,0,1,1,1,1,1,0,55000.0,16,100.0,6.5,7,16.10616420501588,16.360729622918004,16.01134442508541,False,True,False,True,False,False,False,False,False,False,False,False,False,False,False,False,False,True,False
3,2,136.0,30.06805,31.406379,29,1,1,1,1,1,1,1,1,1,98078.875,6,45.333333333333336,21.323529411764703,9,16.282847171369255,16.489659276356317,16.066802461833923,False,True,False,False,True,True,False,False,False,False,False,False,False,False,False,False,False,False,False
3,3,160.0,30.06805,31.406379,22,1,1,1,1,0,0,1,1,0,100843.75,9,53.333333333333336,13.75,6,16.282847171369255,16.489659276356317,16.066802461833923,False,True,False,True,False,False,False,False,False,False,False,False,False,False,False,False,False,True,False
3,2,115.0,29.91637,31.06103,0,0,0,0,0,0,0,0,0,0,16086.95652173913,6,38.333333333333336,0.0,0,15.279199431073042,14.430696737594902,16.01134442508541,False,True,False,True,False,True,False,False,False,False,False,False,False,False,False,False,False,False,False
1,1,72.0,27.2579,33.81161,7,1,0,0,0,1,1,0,0,1,55555.555555555555,1,72.0,9.722222222222223,4,15.201805169084134,15.201805169084134,16.233206958474412,False,True,False,True,False,True,False,False,False,False,False,False,False,False,False,False,False,False,False
3,3,160.0,30.118908615659,31.652102804902,20,1,1,1,1,1,0,1,1,1,45000.0,9,53.333333333333336,12.5,8,16.088423555642784,15.899927389451875,16.066802461833923,False,True,False,False,True,True,False,False,False,False,False,False,False,False,False,False,False,False,False
3,3,210.0,29.9462159,31.7122334,15,1,1,1,0,1,0,1,1,1,26517.042857142857,9,70.0,7.142857142857142,7,15.616501940217244,15.532650642238089,16.066802461833923,False,True,False,True,False,True,False,False,False,False,False,False,False,False,False,False,False,False,False
5,4,360.0,30.9447479,28.7978345,9,0,0,1,1,0,0,0,0,0,58333.333333333336,20,72.0,2.5,2,16.345788916607955,16.785925074816024,16.345788916607955,True,False,False,True,False,False,False,True,False,False,False,False,False,False,False,False,False,False,False
3,3,143.0,31.3543445,27.2373159,30,1,1,1,1,1,0,1,1,1,154139.86013986013,9,47.666666666666664,20.97902097902098,8,16.345788916607955,16.264790116464905,16.345788916607955,False,True,False,False,True,False,False,True,False,False,False,False,False,False,False,False,False,False,False
3,2,138.0,30.16528,31.68815,19,1,1,1,1,1,1,0,0,1,28985.507246376812,6,46.0,13.768115942028986,7,16.300417291085605,15.684231222649434,16.066802461833923,False,True,False,False,True,True,False,False,False,False,False,False,False,False,False,False,False,False,False
2,2,131.0,30.0941611,31.7041108,8,0,0,1,0,0,0,0,0,0,38244.274809160306,4,65.5,6.106870229007633,1,15.82707481102028,15.793051943818522,16.066802461833923,False,True,False,True,False,True,False,False,False,False,False,False,False,False,False,False,False,False,False
3,3,195.0,30.166137,31.6680496,8,0,0,0,0,1,1,0,0,0,54245.13333333333,9,65.0,4.102564102564103,2,16.300417291085605,16.486367704879513,16.066802461833923,False,True,False,True,False,False,False,False,False,False,False,False,True,False,False,False,False,False,False
2,2,115.0,28.715620708338,30.978711069679,2,0,0,0,0,1,0,0,0,0,76000.0,4,57.5,1.7391304347826089,1,16.345788916607955,15.795822271763136,16.345788916607955,False,True,False,False,True,False,False,True,False,False,False,False,False,False,False,False,False,False,False
3,3,200.0,29.9961875,30.9120067,0,0,0,0,0,0,0,0,0,0,16250.0,9,66.66666666666667,0.0,0,16.10616420501588,15.26242977619469,16.01134442508541,False,True,False,True,False,True,False,False,False,False,False,False,False,False,False,False,False,False,False
3,3,200.0,31.22521,29.95421,5,0,0,0,0,0,0,0,0,0,42500.0,9,66.66666666666667,2.5,0,15.955576839107596,15.955576839107596,15.851522672265068,False,True,False,True,False,True,False,False,False,False,False,False,False,False,False,False,False,False,False
3,4,176.0,31.03162569,28.58096116,10,0,0,0,0,1,1,0,0,0,122159.09090909091,12,58.666666666666664,5.681818181818182,2,16.345788916607955,16.785925074816024,16.345788916607955,False,True,False,False,True,False,False,True,False,False,False,False,False,False,False,False,False,False,False
1,2,42.0,30.058711,30.9977847,35,1,1,1,1,1,1,1,1,1,102380.95238095238,2,42.0,83.33333333333334,9,16.02378508137718,15.453044307803108,16.01134442508541,True,False,False,False,True,False,False,False,False,True,False,False,False,False,False,False,False,False,False
1,1,62.0,30.068527462055,31.64004459621,6,0,0,1,1,0,0,0,0,0,79241.93548387097,1,62.0,9.67741935483871,2,15.82707481102028,16.06690771944096,16.066802461833923,False,True,False,False,True,True,False,False,False,False,False,False,False,False,False,False,False,False,False
2,2,113.0,30.0941611,31.7041108,11,1,1,1,1,1,1,0,0,0,42920.35398230088,4,56.5,9.734513274336283,6,15.82707481102028,15.793051943818522,16.066802461833923,False,True,False,False,True,True,False,False,False,False,False,False,False,False,False,False,False,False,False
2,2,130.0,29.951709071432,31.572522435582,0,0,0,0,0,0,0,0,0,0,65384.61538461538,4,65.0,0.0,0,16.282847171369255,16.200596964551092,16.066802461833923,False,False,True,True,False,True,False,False,False,False,False,False,False,False,False,False,False,False,False
3,3,150.0,30.0364702,31.5525584,14,1,1,1,1,1,1,0,0,1,53333.333333333336,9,50.0,9.333333333333334,7,16.282847171369255,16.29204904211537,16.066802461833923,False,True,False,False,True,True,False,False,False,False,False,False,False,False,False,False,False,False,False
3,1,165.0,30.09093,31.32778,1,0,0,0,0,0,0,0,0,0,51515.15151515151,3,55.0,0.6060606060606061,0,15.78142351648329,15.955576839107596,16.066802461833923,False,True,False,True,False,True,False,False,False,False,False,False,False,False,False,False,False,False,False
3,3,159.0,30.0468424,30.998248,9,0,1,0,1,1,0,0,0,0,73616.35220125786,9,53.0,5.660377358490566,3,16.02378508137718,15.862682968241984,16.01134442508541,False,True,False,False,True,True,False,False,False,False,False,False,False,False,False,False,False,False,False
4,5,450.0,29.9842656,31.540594,0,0,0,0,0,0,0,0,0,0,66666.66666666667,20,112.5,0.0,0,16.282847171369255,16.29204904211537,16.066802461833923,False,True,False,True,False,False,False,False,False,False,False,False,False,False,False,False,False,True,False
0,0,4900.0,30.058711,30.9977847,0,0,0,0,0,0,0,0,0,0,5000.0,0,60.0,0.0,0,16.02378508137718,15.453044307803108,16.01134442508541,False,True,False,False,True,False,False,False,False,False,True,False,False,False,False,False,False,False,False
2,2,100.0,30.9628937,28.7565892,27,0,1,1,0,1,1,0,0,1,180000.0,4,50.0,27.0,5,16.345788916607955,16.785925074816024,16.345788916607955,False,True,False,True,False,False,False,True,False,False,False,False,False,False,False,False,False,False,False
3,3,175.0,30.07349031,31.60085522,15,1,1,1,1,0,0,0,0,0,60000.0,9,58.333333333333336,8.571428571428571,4,16.282847171369255,16.29204904211537,16.066802461833923,False,True,False,False,True,True,False,False,False,False,False,False,False,False,False,False,False,False,False
4,4,213.0,30.125082,31.8853002,0,0,0,0,0,0,0,0,0,0,42253.52112676056,16,53.25,0.0,0,15.616501940217244,16.012735246411598,16.066802461833923,False,True,False,False,True,False,False,False,False,False,False,False,False,False,False,False,False,True,False
4,4,351.0,30.0050164,30.9062036,13,0,0,1,1,1,0,0,0,1,52706.552706552706,16,87.75,3.7037037037037037,4,16.10616420501588,16.733281344102608,16.01134442508541,False,True,False,True,False,False,False,False,False,False,False,False,False,False,False,False,False,True,False
3,2,155.0,29.98644,31.16651,3,0,0,1,0,0,0,0,0,0,15000.0,6,51.666666666666664,1.9354838709677418,1,14.88022163978423,14.751604309291395,16.01134442508541,False,True,False,True,False,True,False,False,False,False,False,False,False,False,False,False,False,False,False
3,3,190.0,30.0050838,30.9290455,5,0,1,0,0,0,0,1,0,0,43684.21052631579,9,63.333333333333336,2.6315789473684212,2,16.10616420501588,15.930560647738732,16.01134442508541,False,False,True,True,False,False,False,False,False,False,False,False,False,False,False,False,False,False,True
1,1,48.0,29.980463,31.3854644,13,1,1,0,0,1,1,1,1,1,72916.66666666667,1,48.0,27.083333333333336,7,16.087842710858826,16.185754392890075,16.066802461833923,False,True,False,True,False,True,False,False,False,False,False,False,False,False,False,False,False,False,False
2,2,100.0,27.2579,33.81161,13,0,0,0,0,1,0,1,0,1,87000.0,4,50.0,13.0,3,15.201805169084134,15.917782357630685,16.233206958474412,False,False,True,False,True,False,False,False,False,False,False,False,False,False,False,False,False,False,True
5,5,489.0,30.0029471,31.595582,30,1,1,1,1,1,1,1,1,1,78732.1063394683,25,97.8,6.134969325153374,9,15.616501940217244,16.956410275190038,16.066802461833923,False,True,False,True,False,False,False,False,False,False,False,False,False,False,False,False,False,True,False
3,3,250.0,30.0753933,31.6265648,6,0,0,0,1,1,1,0,0,0,52300.0,9,83.33333333333333,2.4,3,15.82707481102028,16.221521518404195,16.066802461833923,False,False,True,False,True,False,False,False,False,False,False,False,False,False,False,False,False,False,True
4,3,324.0,30.09177585,31.6426486,10,0,0,0,0,1,1,0,0,0,58641.97530864197,12,81.0,3.0864197530864197,2,15.93111255107345,15.88868261241667,16.066802461833923,True,False,False,True,False,True,False,False,False,False,False,False,False,False,False,False,False,False,False
2,2,137.0,30.0941611,31.7041108,15,0,0,1,1,1,0,0,0,0,36131.38686131387,4,68.5,10.94890510948905,3,15.82707481102028,15.793051943818522,16.066802461833923,False,True,False,False,True,True,False,False,False,False,False,False,False,False,False,False,False,False,False
3,3,170.0,30.0455507,31.6578556,7,0,0,0,0,1,1,0,0,0,39411.76470588235,9,56.666666666666664,4.11764705882353,2,15.82707481102028,15.717618233614914,16.066802461833923,False,True,False,False,True,True,False,False,False,False,False,False,False,False,False,False,False,False,False
0,1,65.0,30.09177585,31.6426486,28,1,1,1,1,1,1,1,1,1,60000.0,0,60.0,43.07692307692307,9,15.93111255107345,15.88868261241667,16.066802461833923,False,True,False,True,False,True,False,False,False,False,False,False,False,False,False,False,False,False,False
3,3,160.0,30.07349031,31.60085522,13,0,1,0,0,1,1,1,1,0,43750.0,9,53.333333333333336,8.125,5,16.282847171369255,16.29204904211537,16.066802461833923,False,True,False,True,False,True,False,False,False,False,False,False,False,False,False,False,False,False,False
3,2,150.0,30.825496224786,29.011091879144,20,1,1,0,1,1,0,1,1,1,40000.0,6,50.0,13.333333333333334,7,16.345788916607955,15.76142084987672,16.345788916607955,False,True,False,True,False,False,False,True,False,False,False,False,False,False,False,False,False,False,False
3,3,185.0,30.0696585,31.5454876,0,0,0,0,0,0,0,0,0,0,26081.08108108108,9,61.666666666666664,0.0,0,16.282847171369255,16.29204904211537,16.066802461833923,False,True,False,False,True,True,False,False,False,False,False,False,False,False,False,False,False,False,False
5,4,266.0,30.002639,30.8352722,8,0,1,0,1,1,1,0,0,0,30075.187969924813,20,53.2,3.007518796992481,4,16.02378508137718,15.894952224644102,16.01134442508541,False,True,False,False,True,False,False,False,False,False,False,False,False,False,False,False,False,True,False
3,2,139.0,31.2155235,29.9420061,0,0,0,0,0,0,0,0,0,0,49748.20143884892,6,46.333333333333336,0.0,0,15.830413711839864,15.805301014415544,15.851522672265068,False,True,False,False,True,True,False,False,False,False,False,False,False,False,False,False,False,False,False
3,3,275.0,29.6727347,32.3374381,11,1,1,1,1,0,0,0,0,0,56636.36363636364,9,91.66666666666667,4.0,4,15.747032114495013,15.967921456359903,15.747032114495013,False,False,True,True,False,False,False,False,False,False,False,False,False,False,False,False,False,True,False
3,3,145.0,30.0364702,31.5525584,5,0,0,0,0,1,0,0,0,0,62172.41379310345,9,48.333333333333336,3.4482758620689657,1,16.282847171369255,16.29204904211537,16.066802461833923,False,True,False,False,True,True,False,False,False,False,False,False,False,False,False,False,False,False,False
4,4,220.0,29.8561331,30.9018623,18,1,1,1,1,0,0,1,1,0,56818.181818181816,16,55.0,8.181818181818182,6,16.10616420501588,16.19413042991272,16.01134442508541,False,True,False,False,True,False,False,False,False,False,False,False,False,False,False,False,False,True,False
3,3,200.0,30.0920272,31.4838462,0,0,0,0,0,0,0,0,0,0,107500.0,9,66.66666666666667,0.0,0,16.282847171369255,16.489659276356317,16.066802461833923,False,False,True,False,True,False,False,False,False,False,False,False,False,False,False,True,False,False,False
1,1,52.0,29.6724876,32.3369649,26,1,1,1,1,1,1,1,1,1,89942.30769230769,1,52.0,50.0,9,15.747032114495013,15.537639172325049,15.747032114495013,False,True,False,True,False,False,False,True,False,False,False,False,False,False,False,False,False,False,False
3,2,190.0,30.0050838,30.9290455,9,0,1,1,0,1,0,0,0,1,78947.36842105263,6,63.333333333333336,4.736842105263158,4,16.10616420501588,15.930560647738732,16.01134442508541,False,False,True,False,True,False,False,False,False,False,False,False,False,False,False,False,False,False,True
2,2,115.0,29.4705022,32.4537273,17,1,0,0,1,1,1,0,0,1,46956.52173913043,4,57.5,14.782608695652176,5,15.747032114495013,15.506518023422661,15.747032114495013,False,True,False,True,False,False,False,True,False,False,False,False,False,False,False,False,False,False,False
4,4,281.0,29.9885982,31.0445272,38,1,1,1,1,1,0,1,1,1,30249.110320284697,16,70.25,13.523131672597865,8,16.10616420501588,16.39933015491581,16.01134442508541,False,False,True,True,False,False,False,False,False,False,False,False,False,False,False,False,True,False,False
3,3,150.0,30.0364702,31.5525584,0,0,0,0,0,0,0,0,0,0,63293.333333333336,9,50.0,0.0,0,16.282847171369255,16.29204904211537,16.066802461833923,False,False,True,False,True,True,False,False,False,False,False,False,False,False,False,False,False,False,False
3,2,131.0,30.06603,31.48561,35,0,1,1,1,1,1,0,0,1,56106.87022900763,6,43.666666666666664,26.717557251908396,6,16.282847171369255,15.86963441986494,16.066802461833923,False,True,False,True,False,True,False,False,False,False,False,False,False,False,False,False,False,False,False
1,1,85.0,30.9628937,28.7565892,15,0,0,1,1,1,1,0,0,0,158823.5294117647,1,85.0,17.647058823529413,4,16.345788916607955,16.785925074816024,16.345788916607955,True,False,False,True,False,True,False,False,False,False,False,False,False,False,False,False,False,False,False
2,1,74.0,30.09177585,31.6426486,4,0,0,0,1,0,0,0,0,0,67567.56756756757,2,37.0,5.405405405405405,1,15.93111255107345,15.88868261241667,16.066802461833923,False,True,False,True,False,True,False,False,False,False,False,False,False,False,False,False,False,False,False
1,2,50.0,30.163528044741,31.677762679717,7,0,0,1,0,0,0,0,0,0,86000.0,2,50.0,14.0,1,16.300417291085605,16.066802461833923,16.066802461833923,False,True,False,True,False,True,False,False,False,False,False,False,False,False,False,False,False,False,False
0,1,90.0,29.9558341,31.7034714,7,0,0,1,0,1,1,0,0,0,33333.333333333336,0,60.0,7.777777777777778,3,15.616501940217244,14.914123179965662,16.066802461833923,False,True,False,True,False,True,False,False,False,False,False,False,False,False,False,False,False,False,False
2,1,67.0,30.09177585,31.6426486,0,0,0,0,0,0,0,0,0,0,56716.41791044776,2,33.5,0.0,0,15.93111255107345,15.88868261241667,16.066802461833923,True,False,False,True,False,True,False,False,False,False,False,False,False,False,False,False,False,False,False
3,2,186.0,31.23894,29.96411,3,0,0,0,0,1,0,0,0,1,36559.13978494624,6,62.0,1.6129032258064515,2,15.82603907569542,15.82603907569542,15.851522672265068,False,True,False,True,False,True,False,False,False,False,False,False,False,False,False,False,False,False,False
4,4,179.0,27.3956998,33.6509513,13,0,0,1,1,0,0,0,0,0,145251.3966480447,16,44.75,7.262569832402234,2,16.807478748496784,16.801192546169812,16.233206958474412,False,True,False,False,True,False,False,True,False,False,False,False,False,False,False,False,False,False,False
3,1,135.0,29.988206350003,31.476730158727,0,0,0,0,0,0,0,0,0,0,23333.333333333332,3,45.0,0.0,0,16.282847171369255,16.29204904211537,16.066802461833923,False,True,False,True,False,True,False,False,False,False,False,False,False,False,False,False,False,False,False
2,3,150.0,30.0662855,31.4744728,0,0,0,0,0,0,0,0,0,0,82000.0,6,75.0,0.0,0,16.282847171369255,16.29204904211537,16.066802461833923,True,False,False,True,False,True,False,False,False,False,False,False,False,False,False,False,False,False,False
3,3,220.0,29.9924715,30.8920785,21,1,1,1,1,1,1,1,1,1,34090.90909090909,9,73.33333333333333,9.545454545454545,9,16.10616420501588,16.360729622918004,16.01134442508541,False,False,True,True,False,False,False,False,False,False,False,False,False,False,False,True,False,False,False
3,3,160.0,30.0669117,31.3375553,11,1,1,1,1,1,0,0,0,1,41875.0,9,53.333333333333336,6.875,6,15.82707481102028,15.687312888712007,16.066802461833923,False,True,False,False,True,True,False,False,False,False,False,False,False,False,False,False,False,False,False
3,1,283.0,29.99352595,31.5196573,4,0,0,0,0,0,0,0,0,0,14134.275618374559,3,94.33333333333333,1.4134275618374559,0,16.282847171369255,16.29204904211537,16.066802461833923,False,False,True,True,False,False,False,False,False,False,False,False,False,True,False,False,False,False,False
1,1,89.0,30.0468424,30.998248,10,0,0,1,0,1,1,0,0,0,73033.70786516854,1,89.0,11.235955056179774,3,16.02378508137718,15.862682968241984,16.01134442508541,False,False,True,False,True,True,False,False,False,False,False,False,False,False,False,False,False,False,False
3,2,145.0,29.976979,31.7797175,0,0,0,0,0,0,0,0,0,0,26206.896551724138,6,48.333333333333336,0.0,0,15.616501940217244,15.384361031701085,16.066802461833923,False,True,False,False,True,True,False,False,False,False,False,False,False,False,False,False,False,False,False
3,3,162.0,29.95185,31.31256,15,0,0,1,0,1,0,0,0,1,29611.11111111111,9,54.0,9.25925925925926,3,15.230349646082692,15.133793976061913,16.066802461833923,False,True,False,True,False,True,False,False,False,False,False,False,False,False,False,False,False,False,False
3,3,150.0,30.04842577295,31.501481164322,13,0,1,1,1,0,0,0,0,0,60000.0,9,50.0,8.666666666666666,3,16.282847171369255,16.29204904211537,16.066802461833923,False,True,False,False,True,True,False,False,False,False,False,False,False,False,False,False,False,False,False
3,3,270.0,30.057,31.20041,6,0,0,0,0,1,0,0,0,1,35185.18518518518,9,90.0,2.222222222222222,2,16.01118965047076,16.01118965047076,16.01134442508541,False,True,False,True,False,True,False,False,False,False,False,False,False,False,False,False,False,False,False
2,2,125.0,30.166137,31.6680496,6,0,0,0,1,1,0,0,0,0,85248.0,4,62.5,4.8,2,16.300417291085605,16.486367704879513,16.066802461833923,False,True,False,False,True,True,False,False,False,False,False,False,False,False,False,False,False,False,False
6,5,430.0,29.9099651,30.9262542,2,0,0,1,0,0,0,0,0,0,82558.13953488372,30,71.66666666666667,0.46511627906976744,1,16.10616420501588,16.9543020541739,16.01134442508541,False,True,False,True,False,False,False,False,False,False,False,False,False,False,False,False,False,True,False
5,4,250.0,29.9633661,31.0009178,45,1,1,1,1,1,1,1,1,1,84000.0,20,50.0,18.0,9,16.10616420501588,15.988839917212927,16.01134442508541,False,True,False,True,False,False,False,False,False,False,False,False,False,False,False,False,True,False,False
6,7,373.0,30.0941611,31.7041108,47,1,1,0,1,1,1,1,1,1,52739.94638069705,42,62.166666666666664,12.600536193029491,8,15.82707481102028,15.793051943818522,16.066802461833923,False,True,False,True,False,False,False,False,False,False,False,False,False,False,False,False,False,True,False
2,2,125.0,30.0050838,30.9290455,15,0,0,0,0,1,0,1,1,1,37705.8,4,62.5,12.0,4,16.10616420501588,15.930560647738732,16.01134442508541,False,True,False,False,True,True,False,False,False,False,False,False,False,False,False,False,False,False,False
4,4,500.0,30.834438,28.963224,38,1,1,1,1,1,1,1,1,1,48000.0,16,125.0,7.6,9,16.345788916607955,15.76142084987672,16.345788916607955,True,False,False,True,False,False,False,False,False,False,False,False,False,False,False,False,False,True,False
2,2,110.0,30.084482192642,30.963006624909,0,0,0,0,0,0,0,0,0,0,92727.27272727272,4,55.0,0.0,0,16.02378508137718,16.759949589762293,16.01134442508541,False,True,False,False,True,True,False,False,False,False,False,False,False,False,False,False,False,False,False
4,4,410.0,30.09177585,31.6426486,15,0,0,1,1,1,1,0,0,1,80487.80487804877,16,102.5,3.658536585365854,5,15.93111255107345,15.88868261241667,16.066802461833923,False,True,False,True,False,False,False,False,False,False,False,False,False,False,False,False,False,True,False
2,2,90.0,29.217244049651,32.622406450847,44,1,1,1,1,1,1,1,1,1,65555.55555555556,4,45.0,48.888888888888886,9,15.747032114495013,15.59046307836746,15.747032114495013,False,True,False,False,True,False,False,True,False,False,False,False,False,False,False,False,False,False,False
2,2,108.0,31.0821705,28.0283681,27,1,0,1,1,1,1,1,1,1,67546.29629629629,4,54.0,25.0,8,16.345788916607955,15.853869784785122,16.345788916607955,False,True,False,False,True,False,False,True,False,False,False,False,False,False,False,False,False,False,False
4,5,400.0,30.107832255957,31.596580211647,10,0,0,0,1,1,1,0,0,0,32500.0,20,100.0,2.5,3,16.088423555642784,16.380459992348886,16.066802461833923,False,True,False,True,False,False,False,False,False,False,False,False,False,False,False,True,False,False,False
1,1,85.0,30.0556215,31.0263428,14,1,1,1,1,0,0,0,0,0,82352.94117647059,1,85.0,16.47058823529412,4,16.02378508137718,16.503358119776173,16.01134442508541,False,True,False,False,True,True,False,False,False,False,False,False,False,False,False,False,False,False,False
3,2,225.0,31.21536,29.94034,3,0,0,0,0,0,0,0,0,0,30666.666666666668,6,75.0,1.3333333333333333,0,15.830413711839864,15.754226482185867,15.851522672265068,False,True,False,True,False,True,False,False,False,False,False,False,False,False,False,False,False,False,False
3,4,170.0,30.06805,31.406379,0,0,0,0,0,0,0,0,0,0,52758.14705882353,12,56.666666666666664,0.0,0,16.282847171369255,16.489659276356317,16.066802461833923,False,False,True,True,False,False,False,False,False,False,False,False,False,False,False,True,False,False,False
3,2,110.0,31.082957585789,28.032116949628,27,1,0,1,0,1,1,1,1,1,65681.81818181818,6,36.666666666666664,24.545454545454543,7,16.345788916607955,16.264790116464905,16.345788916607955,False,True,False,False,True,False,False,True,False,False,False,False,False,False,False,False,False,False,False
3,3,175.0,29.9543184,31.726229,23,1,1,1,1,1,1,0,0,1,34285.71428571428,9,58.333333333333336,13.142857142857142,7,15.616501940217244,15.687312888712007,16.066802461833923,False,True,False,True,False,True,False,False,False,False,False,False,False,False,False,False,False,False,False
2,1,96.0,31.0803125,28.3935625,28,1,1,0,1,1,1,0,0,1,114583.33333333333,2,48.0,29.166666666666668,6,16.345788916607955,16.251962190703544,16.345788916607955,False,True,False,False,True,False,False,True,False,False,False,False,False,False,False,False,False,False,False
2,1,90.0,30.0009056,30.9008539,49,1,1,1,1,1,1,1,1,1,55555.555555555555,2,45.0,54.44444444444444,9,16.10616420501588,15.684848316063478,16.01134442508541,False,True,False,True,False,True,False,False,False,False,False,False,False,False,False,False,False,False,False
3,1,143.0,30.09177585,31.6426486,8,0,0,0,1,1,0,0,0,1,47552.44755244755,3,47.666666666666664,5.594405594405595,3,15.93111255107345,15.88868261241667,16.066802461833923,False,True,False,True,False,True,False,False,False,False,False,False,False,False,False,False,False,False,False
3,3,170.0,30.0478192,31.5372842,7,0,0,1,0,0,0,0,0,0,131176.4705882353,9,56.666666666666664,4.11764705882353,1,16.282847171369255,16.29204904211537,16.066802461833923,False,True,False,True,False,False,False,False,False,False,False,False,True,False,False,False,False,False,False
2,1,135.0,31.25182,29.97645,0,0,0,0,0,0,0,0,0,0,21111.11111111111,2,67.5,0.0,0,15.068273812173887,15.068273812173887,15.851522672265068,False,True,False,True,False,True,False,False,False,False,False,False,False,False,False,False,False,False,False
2,1,78.0,30.09177585,31.6426486,32,1,1,0,1,1,0,1,1,1,55512.820512820515,2,39.0,41.02564102564102,7,15.93111255107345,15.88868261241667,16.066802461833923,False,True,False,True,False,True,False,False,False,False,False,False,False,False,False,False,False,False,False
4,4,205.0,30.0941611,31.7041108,27,1,1,1,1,1,1,1,1,0,36794.917073170735,16,51.25,13.170731707317074,8,15.82707481102028,15.793051943818522,16.066802461833923,False,True,False,True,False,True,False,False,False,False,False,False,False,False,False,False,False,False,False
3,2,167.0,30.0389289,30.9870106,49,1,1,1,1,1,1,1,1,1,89820.35928143712,6,55.666666666666664,29.34131736526946,9,16.02378508137718,16.41820031748273,16.01134442508541,False,True,False,True,False,True,False,False,False,False,False,False,False,False,False,False,False,False,False
3,3,148.0,30.117319900012,31.657952438438,44,1,1,1,1,1,1,1,1,1,34459.45945945946,9,49.333333333333336,29.72972972972973,9,16.088423555642784,14.94841960495459,16.066802461833923,False,True,False,False,True,True,False,False,False,False,False,False,False,False,False,False,False,False,False
2,2,95.0,28.3758068,31.0726657,12,0,0,0,1,1,1,0,0,0,64827.89473684211,4,47.5,12.631578947368421,3,16.345788916607955,16.264790116464905,16.345788916607955,False,True,False,False,True,False,False,True,False,False,False,False,False,False,False,False,False,False,False
4,4,297.0,30.0050164,30.9062036,16,0,0,1,1,1,1,0,0,1,62289.56228956229,16,74.25,5.387205387205387,5,16.10616420501588,16.733281344102608,16.01134442508541,False,True,False,True,False,False,False,False,False,False,False,False,False,False,False,False,True,False,False
3,3,286.0,30.0102788,31.5379067,9,0,1,1,0,1,1,0,0,0,125874.12587412588,9,95.33333333333333,3.146853146853147,4,16.282847171369255,16.29204904211537,16.066802461833923,True,False,False,True,False,False,False,False,False,False,False,False,False,False,False,True,False,False,False
2,1,107.0,31.43093,31.7656,23,0,0,0,1,0,1,0,0,0,32235.51401869159,2,53.5,21.49532710280374,2,15.286724002151303,15.286724002151303,15.271797524004405,False,True,False,False,True,True,False,False,False,False,False,False,False,False,False,False,False,False,False
3,4,160.0,30.166137,31.6680496,12,0,0,1,1,0,1,1,0,0,84375.0,12,53.333333333333336,7.5,4,16.300417291085605,16.486367704879513,16.066802461833923,False,True,False,False,True,True,False,False,False,False,False,False,False,False,False,False,False,False,False
6,4,300.0,29.99352595,31.5196573,8,0,0,1,0,1,1,0,0,0,11666.666666666666,24,50.0,2.6666666666666665,3,16.282847171369255,16.29204904211537,16.066802461833923,False,False,True,True,False,False,False,False,False,False,False,False,False,True,False,False,False,False,False
3,2,145.0,30.06603,31.48561,4,0,1,1,1,0,0,0,0,0,48275.862068965514,6,48.333333333333336,2.7586206896551726,3,16.282847171369255,15.86963441986494,16.066802461833923,True,False,False,True,False,True,False,False,False,False,False,False,False,False,False,False,False,False,False
1,1,76.0,30.0468424,30.998248,5,1,1,0,1,1,1,0,0,0,83223.68421052632,1,76.0,6.578947368421052,5,16.02378508137718,15.862682968241984,16.01134442508541,False,False,True,True,False,True,False,False,False,False,False,False,False,False,False,False,False,False,False
3,2,119.0,30.125082,31.8853002,0,0,0,0,0,0,0,0,0,0,38655.46218487395,6,39.666666666666664,0.0,0,15.616501940217244,16.012735246411598,16.066802461833923,False,True,False,False,True,True,False,False,False,False,False,False,False,False,False,False,False,False,False
2,1,80.0,29.8849496,30.9159131,20,1,1,0,1,1,1,1,1,1,30912.5,2,40.0,25.0,8,16.10616420501588,14.266586814266963,16.01134442508541,False,True,False,True,False,True,False,False,False,False,False,False,False,False,False,False,False,False,False
4,2,168.0,30.843717,28.946418,10,0,0,0,0,1,1,0,0,0,65476.19047619047,8,42.0,5.9523809523809526,2,16.345788916607955,15.76142084987672,16.345788916607955,True,False,False,True,False,False,False,True,False,False,False,False,False,False,False,False,False,False,False
3,2,233.0,30.0102788,31.5379067,9,0,0,0,0,1,1,0,0,1,120171.67381974249,6,77.66666666666667,3.8626609442060085,3,16.282847171369255,16.29204904211537,16.066802461833923,False,False,True,True,False,True,False,False,False,False,False,False,False,False,False,False,False,False,False
8,8,1057.0,29.9942411,31.5091649,0,0,0,0,0,0,0,0,0,0,22194.891201513718,64,132.125,0.0,0,16.282847171369255,16.29204904211537,16.066802461833923,False,True,False,True,False,False,False,False,False,False,False,False,False,False,False,False,False,True,False
3,3,390.0,30.057,31.20041,0,0,0,0,0,0,0,0,0,0,21794.871794871793,9,130.0,0.0,0,16.01118965047076,16.01118965047076,16.01134442508541,False,True,False,True,False,False,False,False,False,False,False,False,True,False,False,False,False,False,False
3,2,170.0,30.04125845,31.2030406,0,0,0,0,0,0,0,0,0,0,37058.82352941176,6,56.666666666666664,0.0,0,15.830413711839864,15.830413711839864,16.01134442508541,False,True,False,True,False,True,False,False,False,False,False,False,False,False,False,False,False,False,False
3,3,212.0,30.0941611,31.7041108,11,0,1,0,1,0,1,0,0,0,51886.79245283019,9,70.66666666666667,5.188679245283018,3,15.82707481102028,15.793051943818522,16.066802461833923,False,True,False,False,True,False,False,False,False,False,False,False,False,False,False,False,False,True,False
2,2,85.0,31.082957585789,28.032116949628,1,0,0,0,0,0,0,0,0,0,131282.35294117648,4,42.5,1.1764705882352942,0,16.345788916607955,16.264790116464905,16.345788916607955,True,False,False,False,True,False,False,True,False,False,False,False,False,False,False,False,False,False,False
2,2,125.0,30.166137,31.6680496,0,0,0,0,0,0,0,0,0,0,81340.8,4,62.5,0.0,0,16.300417291085605,16.486367704879513,16.066802461833923,False,True,False,False,True,True,False,False,False,False,False,False,False,False,False,False,False,False,False
3,2,145.0,31.26527,30.00177,6,0,0,0,0,0,0,0,0,0,23448.275862068964,6,48.333333333333336,4.137931034482759,0,15.08156496579434,15.08156496579434,15.851522672265068,False,True,False,True,False,True,False,False,False,False,False,False,False,False,False,False,False,False,False
3,3,164.0,30.0941611,31.7041108,15,0,0,1,1,1,0,0,0,0,36585.365853658535,9,54.666666666666664,9.146341463414634,3,15.82707481102028,15.793051943818522,16.066802461833923,False,True,False,False,True,True,False,False,False,False,False,False,False,False,False,False,False,False,False
3,4,315.0,30.0920272,31.4838462,19,0,1,1,1,1,1,0,0,0,45396.8253968254,12,105.0,6.031746031746032,5,16.282847171369255,16.489659276356317,16.066802461833923,False,False,True,True,False,False,False,False,False,False,False,False,False,False,False,False,False,True,False
3,3,150.0,30.16528,31.68815,0,0,0,0,0,0,0,0,0,0,40500.0,9,50.0,0.0,0,16.300417291085605,15.684231222649434,16.066802461833923,False,True,False,False,True,True,False,False,False,False,False,False,False,False,False,False,False,False,False
3,3,246.0,29.9959373,31.0259666,27,1,1,1,1,1,1,1,1,1,55203.25203252032,9,82.0,10.975609756097562,9,16.10616420501588,16.424108753732526,16.01134442508541,False,False,True,True,False,False,False,False,False,False,False,False,False,False,False,True,False,False,False
3,2,194.0,31.289617,30.024792,22,0,1,1,1,1,0,1,0,1,56701.030927835054,6,64.66666666666667,11.34020618556701,6,16.213405921671733,16.213405921671733,15.851522672265068,False,True,False,True,False,True,False,False,False,False,False,False,False,False,False,False,False,False,False
2,1,115.0,29.63256,32.33002,41,0,0,1,1,1,1,0,0,1,28695.652173913044,2,57.5,35.652173913043484,5,15.747032114495013,15.526421620030112,15.747032114495013,False,True,False,True,False,False,False,True,False,False,False,False,False,False,False,False,False,False,False
3,2,122.0,30.06229462,30.91045572,20,1,1,0,1,1,1,1,1,1,43213.11475409836,6,40.666666666666664,16.39344262295082,8,16.02378508137718,15.332987272471732,16.01134442508541,False,True,False,False,True,True,False,False,False,False,False,False,False,False,False,False,False,False,False
2,2,150.0,29.9819025,31.3772485,19,1,1,1,1,1,0,1,1,1,59333.333333333336,4,75.0,12.666666666666666,8,16.087842710858826,16.034714150714915,16.066802461833923,False,True,False,False,True,True,False,False,False,False,False,False,False,False,False,False,False,False,False
4,4,220.0,30.2013484,31.6804732,0,0,0,0,0,0,0,0,0,0,46136.36363636364,16,55.0,0.0,0,16.088423555642784,16.15957650726579,16.066802461833923,False,True,False,False,True,False,False,False,False,False,False,False,False,False,False,True,False,False,False
8,6,665.0,29.8561331,30.9018623,21,0,1,1,1,1,1,0,0,0,25714.285714285714,48,83.125,3.1578947368421053,5,16.10616420501588,16.19413042991272,16.01134442508541,False,False,True,True,False,False,False,False,False,False,False,False,False,False,False,False,False,True,False
2,2,92.0,31.0821705,28.0283681,15,1,1,0,0,1,1,1,1,1,83489.13043478261,4,46.0,16.304347826086957,7,16.345788916607955,15.853869784785122,16.345788916607955,False,True,False,False,True,False,False,True,False,False,False,False,False,False,False,False,False,False,False
3,3,165.0,30.0753933,31.6265648,26,1,0,1,1,1,1,1,0,1,66666.66666666667,9,55.0,15.757575757575758,7,15.82707481102028,16.221521518404195,16.066802461833923,False,True,False,False,True,True,False,False,False,False,False,False,False,False,False,False,False,False,False
3,2,132.0,31.2155235,29.9420061,2,0,0,0,0,1,0,0,0,1,34848.48484848485,6,44.0,1.5151515151515151,2,15.830413711839864,15.805301014415544,15.851522672265068,False,True,False,False,True,True,False,False,False,False,False,False,False,False,False,False,False,False,False
3,4,191.0,30.0102788,31.5379067,14,0,1,1,0,1,1,0,0,1,109947.6439790576,12,63.666666666666664,7.329842931937173,5,16.282847171369255,16.29204904211537,16.066802461833923,True,False,False,True,False,True,False,False,False,False,False,False,False,False,False,False,False,False,False
5,6,440.0,30.0057578,31.036498,0,0,0,0,0,0,0,0,0,0,131818.18181818182,30,88.0,0.0,0,16.10616420501588,16.938854599626616,16.01134442508541,False,True,False,True,False,False,False,False,False,False,False,False,False,False,False,False,False,True,False
2,1,104.0,29.95185,31.31256,20,0,0,1,0,1,1,0,0,1,28230.76923076923,2,52.0,19.23076923076923,4,15.230349646082692,15.133793976061913,16.066802461833923,False,True,False,False,True,True,False,False,False,False,False,False,False,False,False,False,False,False,False
5,5,270.0,30.056188789225,31.613064301846,0,0,0,0,0,0,0,0,0,0,105537.03703703704,25,54.0,0.0,0,16.282847171369255,16.29204904211537,16.066802461833923,False,True,False,True,False,False,False,False,False,False,False,False,False,False,False,False,False,True,False
5,5,370.0,30.0387092,31.0274473,17,0,0,0,1,1,1,0,0,0,78378.37837837837,25,74.0,4.594594594594595,3,16.02378508137718,17.182806422433504,16.01134442508541,False,True,False,True,False,False,False,False,False,False,False,False,False,False,False,False,False,True,False
2,1,120.0,31.26527,30.00177,3,0,0,0,0,0,0,0,0,0,27083.333333333332,2,60.0,2.5,0,15.08156496579434,15.08156496579434,15.851522672265068,False,True,False,True,False,True,False,False,False,False,False,False,False,False,False,False,False,False,False
1,2,95.0,29.9842656,31.540594,0,0,0,0,0,0,0,0,0,0,61052.63157894737,2,95.0,0.0,0,16.282847171369255,16.29204904211537,16.066802461833923,False,True,False,True,False,True,False,False,False,False,False,False,False,False,False,False,False,False,False
0,1,59.0,29.9771006,31.5720476,50,1,1,1,1,1,1,1,1,1,152542.37288135593,0,60.0,84.74576271186442,9,16.282847171369255,16.200596964551092,16.066802461833923,False,True,False,False,True,True,False,False,False,False,False,False,False,False,False,False,False,False,False
3,3,170.0,29.989265,31.0075456,47,1,1,1,1,1,1,1,1,1,51176.470588235294,9,56.666666666666664,27.647058823529413,9,16.10616420501588,15.984548045826063,16.01134442508541,False,True,False,True,False,True,False,False,False,False,False,False,False,False,False,False,False,False,False
3,2,170.0,30.14005,31.74103,12,0,0,0,1,0,1,0,0,0,10294.117647058823,6,56.666666666666664,7.0588235294117645,2,14.375126917328105,14.375126917328105,16.066802461833923,False,True,False,False,True,True,False,False,False,False,False,False,False,False,False,False,False,False,False
3,2,220.0,30.03145,31.34338,6,0,0,0,0,0,0,0,0,0,37272.72727272727,6,73.33333333333333,2.727272727272727,0,15.501738199611221,15.519597237722468,16.066802461833923,False,True,False,True,False,True,False,False,False,False,False,False,False,False,False,False,False,False,False
2,2,110.0,26.8641416,33.9648764,19,1,1,1,1,0,0,1,1,0,126363.63636363637,4,55.0,17.27272727272727,6,16.3394119477972,16.57664092072968,16.233206958474412,False,True,False,False,True,False,False,True,False,False,False,False,False,False,False,False,False,False,False
6,5,366.0,30.0029471,31.595582,1,0,0,0,0,1,0,0,0,0,131147.54098360657,30,61.0,0.27322404371584696,1,15.616501940217244,16.956410275190038,16.066802461833923,False,True,False,True,False,False,False,False,False,False,False,False,False,False,False,False,False,True,False
4,3,220.0,31.25182,29.97645,4,0,0,0,0,1,0,0,0,0,36363.63636363636,12,55.0,1.8181818181818181,1,15.068273812173887,15.068273812173887,15.851522672265068,False,True,False,True,False,True,False,False,False,False,False,False,False,False,False,False,False,False,False
3,3,181.0,29.9633661,31.0009178,17,0,1,0,1,1,0,0,0,1,38674.03314917127,9,60.333333333333336,9.392265193370166,4,16.10616420501588,15.988839917212927,16.01134442508541,False,True,False,True,False,True,False,False,False,False,False,False,False,False,False,False,False,False,False
2,2,105.0,31.0930626,27.9293325,10,0,0,0,1,1,1,0,0,0,95238.09523809524,4,52.5,9.523809523809524,3,16.345788916607955,16.264790116464905,16.345788916607955,False,True,False,False,True,False,False,True,False,False,False,False,False,False,False,False,False,False,False
3,2,202.0,31.21536,29.94034,10,0,0,0,0,1,1,0,0,1,30693.069306930694,6,67.33333333333333,4.9504950495049505,3,15.830413711839864,15.754226482185867,15.851522672265068,False,True,False,True,False,True,False,False,False,False,False,False,False,False,False,False,False,False,False
1,1,78.0,30.0628118,30.8623668,14,1,1,1,1,1,0,0,0,0,73743.58974358975,1,78.0,17.94871794871795,5,16.02378508137718,15.565058352235578,16.01134442508541,True,False,False,True,False,True,False,False,False,False,False,False,False,False,False,False,False,False,False
3,2,132.0,31.0821705,28.0283681,23,1,1,1,1,0,0,1,1,0,78787.87878787878,6,44.0,17.424242424242422,6,16.345788916607955,15.853869784785122,16.345788916607955,False,True,False,False,True,False,False,True,False,False,False,False,False,False,False,False,False,False,False
5,4,653.0,30.038210897392,30.979548614796,0,0,0,0,0,0,0,0,0,0,53598.77488514548,20,130.6,0.0,0,16.02378508137718,16.733281344102608,16.01134442508541,False,True,False,True,False,False,False,False,False,False,False,False,False,False,False,False,False,True,False
3,3,157.0,30.166137,31.6680496,23,1,1,1,1,1,1,1,1,0,76433.12101910828,9,52.333333333333336,14.64968152866242,8,16.300417291085605,16.486367704879513,16.066802461833923,False,True,False,True,False,True,False,False,False,False,False,False,False,False,False,False,False,False,False
3,3,240.0,30.04842577295,31.501481164322,0,0,0,0,0,0,0,0,0,0,66250.0,9,80.0,0.0,0,16.282847171369255,16.29204904211537,16.066802461833923,False,False,True,False,True,False,False,False,False,False,False,False,False,False,False,False,False,False,True
4,4,240.0,30.0183053957,30.978328721407,0,0,0,0,0,0,0,0,0,0,25833.333333333332,16,60.0,0.0,0,16.02378508137718,15.64006001130563,16.01134442508541,False,True,False,True,False,True,False,False,False,False,False,False,False,False,False,False,False,False,False
5,3,400.0,29.98644,31.16651,0,0,0,0,0,0,0,0,0,0,15500.0,15,80.0,0.0,0,14.88022163978423,15.64006001130563,16.01134442508541,False,True,False,True,False,False,False,False,True,False,False,False,False,False,False,False,False,False,False
4,4,230.0,29.8561331,30.9018623,7,0,0,0,0,1,0,0,0,1,72013.04347826086,16,57.5,3.0434782608695654,2,16.10616420501588,16.19413042991272,16.01134442508541,False,True,False,False,True,False,False,False,False,False,False,False,False,False,False,True,False,False,False
5,5,310.0,30.0053539,30.9913517,26,1,1,1,1,1,1,1,1,1,54838.709677419356,25,62.0,8.387096774193548,9,16.10616420501588,16.52356082573315,16.01134442508541,False,False,True,True,False,False,False,False,False,False,False,False,False,False,False,True,False,False,False
7,7,1400.0,30.0600801,31.5985531,22,1,1,1,1,0,0,1,1,0,60714.28571428572,49,200.0,1.5714285714285714,6,16.282847171369255,16.29204904211537,16.066802461833923,False,False,True,True,False,False,False,False,False,False,False,False,False,False,False,False,False,True,False
3,3,175.0,30.0445728,31.0243959,7,0,0,1,0,0,0,0,0,0,66285.71428571429,9,58.333333333333336,4.0,1,16.02378508137718,16.115740211329367,16.01134442508541,False,True,False,True,False,True,False,False,False,False,False,False,False,False,False,False,False,False,False
2,1,79.0,30.09177585,31.6426486,11,0,1,0,0,1,1,0,0,0,76172.15189873418,2,39.5,13.924050632911392,3,15.93111255107345,15.88868261241667,16.066802461833923,False,True,False,False,True,True,False,False,False,False,False,False,False,False,False,False,False,False,False
2,2,132.0,29.9633661,31.0009178,47,1,1,1,1,1,1,1,1,1,50378.78787878788,4,66.0,35.6060606060606,9,16.10616420501588,15.988839917212927,16.01134442508541,False,False,True,True,False,True,False,False,False,False,False,False,False,False,False,False,False,False,False
3,3,170.0,30.002466670503,31.617532735584,18,1,1,1,0,1,0,1,1,1,155882.35294117648,9,56.666666666666664,10.588235294117647,7,15.616501940217244,16.85046359274847,16.066802461833923,False,True,False,False,True,False,False,False,False,False,False,False,False,False,False,False,False,True,False
4,3,210.0,30.04842577295,31.501481164322,12,1,0,1,1,0,0,0,0,0,59523.80952380953,12,52.5,5.714285714285714,3,16.282847171369255,16.29204904211537,16.066802461833923,False,False,True,False,True,False,False,False,False,False,False,False,False,False,False,False,False,False,True
2,1,77.0,27.2579,33.81161,28,1,1,0,1,1,0,0,0,1,23000.0,2,38.5,36.36363636363636,5,15.201805169084134,14.837935966150166,16.233206958474412,False,True,False,True,False,True,False,False,False,False,False,False,False,False,False,False,False,False,False
3,2,120.0,31.089549212598,28.160593150923,34,1,1,1,1,1,1,1,1,1,46666.666666666664,6,40.0,28.333333333333336,9,16.345788916607955,16.264790116464905,16.345788916607955,False,True,False,True,False,False,False,True,False,False,False,False,False,False,False,False,False,False,False
3,3,172.0,30.0600801,31.5985531,10,0,0,1,1,0,0,0,0,0,74546.51162790698,9,57.333333333333336,5.813953488372093,2,16.282847171369255,16.29204904211537,16.066802461833923,False,True,False,True,False,True,False,False,False,False,False,False,False,False,False,False,False,False,False
3,4,264.0,29.9842656,31.540594,17,1,1,1,1,0,0,1,1,0,43560.606060606064,12,88.0,6.4393939393939394,6,16.282847171369255,16.29204904211537,16.066802461833923,False,True,False,True,False,False,False,False,True,False,False,False,False,False,False,False,False,False,False
4,3,248.0,30.0102788,31.5379067,0,0,0,0,0,0,0,0,0,0,157258.06451612903,12,62.0,0.0,0,16.282847171369255,16.29204904211537,16.066802461833923,False,True,False,True,False,True,False,False,False,False,False,False,False,False,False,False,False,False,False
1,2,90.0,31.0724538,28.2011747,10,0,0,0,0,1,1,0,0,0,99555.55555555556,2,90.0,11.11111111111111,2,16.345788916607955,16.264790116464905,16.345788916607955,False,True,False,False,True,False,False,True,False,False,False,False,False,False,False,False,False,False,False
3,3,167.0,30.09177585,31.6426486,50,1,1,1,1,1,1,1,1,1,77844.31137724551,9,55.666666666666664,29.940119760479043,9,15.93111255107345,15.88868261241667,16.066802461833923,False,True,False,False,True,True,False,False,False,False,False,False,False,False,False,False,False,False,False
4,4,260.0,30.1518202,31.6284528,10,0,0,0,1,1,1,0,0,0,88461.53846153847,16,65.0,3.846153846153846,3,16.088423555642784,16.9172841784906,16.066802461833923,False,True,False,True,False,False,False,False,False,False,False,False,False,False,False,False,False,True,False
4,4,290.0,30.0310276,31.5423707,24,1,1,1,1,1,1,1,1,0,82068.96551724138,16,72.5,8.275862068965518,8,16.282847171369255,16.29204904211537,16.066802461833923,False,False,True,True,False,False,False,False,False,False,False,False,False,False,False,False,False,True,False
4,4,315.0,30.2013484,31.6804732,0,0,0,0,0,0,0,0,0,0,78793.26984126984,16,78.75,0.0,0,16.088423555642784,16.15957650726579,16.066802461833923,False,True,False,False,True,False,False,False,False,False,False,False,False,False,False,False,True,False,False
3,3,260.0,30.057,31.20041,0,0,0,0,0,0,0,0,0,0,51923.07692307692,9,86.66666666666667,0.0,0,16.01118965047076,16.01118965047076,16.01134442508541,False,True,False,True,False,True,False,False,False,False,False,False,False,False,False,False,False,False,False
3,2,141.0,30.137786570515,31.680300177912,28,0,1,0,1,1,1,0,0,1,30397.163120567377,6,47.0,19.858156028368796,5,16.300417291085605,15.270864688333411,16.066802461833923,False,True,False,False,True,True,False,False,False,False,False,False,False,False,False,False,False,False,False
3,3,120.0,30.8412642,28.9270873,4,0,0,0,0,0,0,0,0,0,50000.0,9,40.0,3.3333333333333335,0,16.345788916607955,15.76142084987672,16.345788916607955,True,False,False,True,False,False,False,False,False,False,False,False,False,False,False,False,False,True,False
3,2,210.0,30.057,31.20041,0,0,0,0,0,0,0,0,0,0,28571.428571428572,6,70.0,0.0,0,16.01118965047076,16.01118965047076,16.01134442508541,False,True,False,True,False,True,False,False,False,False,False,False,False,False,False,False,False,False,False
3,4,220.0,30.0758544,31.4716547,9,0,1,0,1,0,1,0,0,0,79545.45454545454,12,73.33333333333333,4.090909090909091,3,16.282847171369255,16.489659276356317,16.066802461833923,False,True,False,False,True,True,False,False,False,False,False,False,False,False,False,False,False,False,False
3,3,140.0,30.0497434,31.6242538,18,1,1,1,1,1,1,1,1,0,26785.714285714286,9,46.666666666666664,12.857142857142858,8,15.82707481102028,15.424948670398354,16.066802461833923,False,True,False,True,False,True,False,False,False,False,False,False,False,False,False,False,False,False,False
5,3,245.0,29.994222768472,31.657762279758,7,0,0,1,0,0,0,0,0,0,97959.1836734694,15,49.0,2.8571428571428568,1,15.616501940217244,16.983463076745295,16.066802461833923,False,False,True,True,False,False,False,False,False,False,False,False,False,False,False,False,False,True,False
4,3,220.0,31.0788548,27.9963244,15,1,1,1,1,1,0,0,0,1,115909.09090909091,12,55.0,6.8181818181818175,6,16.345788916607955,16.264790116464905,16.345788916607955,False,True,False,True,False,False,False,False,False,False,False,False,False,False,False,False,True,False,False
3,3,290.0,30.09177585,31.6426486,19,0,0,1,1,1,0,0,0,1,84968.68965517242,9,96.66666666666667,6.551724137931035,4,15.93111255107345,15.88868261241667,16.066802461833923,False,True,False,True,False,False,False,False,False,False,False,False,False,False,False,False,False,True,False
1,1,65.0,30.834438,28.963224,10,0,0,1,0,1,1,0,0,1,138461.53846153847,1,65.0,15.384615384615383,4,16.345788916607955,15.76142084987672,16.345788916607955,True,False,False,False,True,False,False,True,False,False,False,False,False,False,False,False,False,False,False
3,3,230.0,29.8561331,30.9018623,23,1,1,1,1,1,1,1,1,0,40434.782608695656,9,76.66666666666667,10.0,8,16.10616420501588,16.19413042991272,16.01134442508541,False,False,True,True,False,False,False,False,False,False,False,False,False,False,False,False,False,True,False
3,3,165.0,30.07349031,31.60085522,22,1,1,1,1,0,0,1,1,0,37272.72727272727,9,55.0,13.333333333333334,6,16.282847171369255,16.29204904211537,16.066802461833923,False,True,False,True,False,True,False,False,False,False,False,False,False,False,False,False,False,False,False
3,3,205.0,31.21536,29.94034,0,0,0,0,0,0,0,0,0,0,73295.0,9,68.33333333333333,0.0,0,15.830413711839864,15.754226482185867,15.851522672265068,False,True,False,False,True,True,False,False,False,False,False,False,False,False,False,False,False,False,False
4,5,750.0,27.3956998,33.6509513,33,1,1,1,1,1,1,0,0,1,50666.666666666664,20,187.5,4.4,7,16.807478748496784,16.801192546169812,16.233206958474412,True,False,False,True,False,False,False,False,False,False,False,False,False,False,False,False,False,True,False
3,2,135.0,29.91637,31.06103,24,0,0,0,0,1,1,0,0,1,12962.962962962964,6,45.0,17.777777777777775,3,15.279199431073042,15.10749451433816,16.01134442508541,False,True,False,True,False,True,False,False,False,False,False,False,False,False,False,False,False,False,False
3,3,230.0,30.0268356,31.493173,0,0,0,0,0,0,0,0,0,0,28260.869565217392,9,76.66666666666667,0.0,0,16.282847171369255,16.29204904211537,16.066802461833923,False,True,False,False,True,True,False,False,False,False,False,False,False,False,False,False,False,False,False
3,3,225.0,30.02201225,31.3100159,11,1,1,1,1,0,0,0,0,0,104777.77777777778,9,75.0,4.888888888888889,4,15.830413711839864,16.97569742890161,16.066802461833923,True,False,False,True,False,True,False,False,False,False,False,False,False,False,False,False,False,False,False
3,2,160.0,29.98020137937,31.158119106747,0,0,0,0,0,0,0,0,0,0,11250.0,6,53.333333333333336,0.0,0,14.547138745203274,14.690979711984754,16.01134442508541,False,True,False,True,False,True,False,False,False,False,False,False,False,False,False,False,False,False,False
3,1,125.0,31.21536,29.94034,7,0,0,0,0,1,1,0,0,0,32000.0,3,41.666666666666664,5.6,2,15.830413711839864,15.754226482185867,15.851522672265068,False,True,False,True,False,True,False,False,False,False,False,False,False,False,False,False,False,False,False
2,2,115.0,30.0364702,31.5525584,0,0,0,0,0,0,0,0,0,0,68686.95652173914,4,57.5,0.0,0,16.282847171369255,16.29204904211537,16.066802461833923,False,False,True,False,True,True,False,False,False,False,False,False,False,False,False,False,False,False,False
6,4,225.0,30.030146891835,31.529958797884,0,0,0,0,0,0,0,0,0,0,62222.22222222222,24,37.5,0.0,0,16.282847171369255,16.29204904211537,16.066802461833923,False,True,False,True,False,False,False,False,False,False,False,False,False,False,False,True,False,False,False
5,7,490.0,30.0288434,31.4075884,21,0,1,1,0,1,1,1,0,0,85714.28571428571,35,98.0,4.285714285714286,5,16.282847171369255,16.29204904211537,16.066802461833923,False,True,False,True,False,False,False,False,False,False,False,False,False,False,False,False,True,False,False
6,4,370.0,29.9842656,31.540594,24,1,1,1,1,1,1,0,0,1,216216.2162162162,24,61.666666666666664,6.486486486486486,7,16.282847171369255,16.29204904211537,16.066802461833923,False,True,False,True,False,False,False,False,False,False,False,False,False,False,False,False,False,True,False
3,2,176.0,29.98644,31.16651,0,0,0,0,0,0,0,0,0,0,17897.727272727272,6,58.666666666666664,0.0,0,14.88022163978423,14.962913328262083,16.01134442508541,False,True,False,True,False,True,False,False,False,False,False,False,False,False,False,False,False,False,False
6,4,517.0,29.1994266,32.6278104,6,0,0,0,0,0,0,0,0,0,65764.02321083173,24,86.16666666666667,1.1605415860735009,0,16.282847171369255,16.29204904211537,16.066802461833923,True,False,False,True,False,False,False,False,False,False,False,False,False,False,False,False,True,False,False
3,3,150.0,29.894551868962,31.079066,9,0,0,0,1,0,0,0,0,0,14666.666666666666,9,50.0,6.0,1,15.279199431073042,14.603968372873895,16.01134442508541,True,False,False,True,False,True,False,False,False,False,False,False,False,False,False,False,False,False,False
4,3,105.0,27.4055743,33.6585731,0,0,0,0,0,0,0,0,0,0,57142.857142857145,12,26.25,0.0,0,16.807478748496784,16.205492404667144,16.233206958474412,False,True,False,True,False,False,False,True,False,False,False,False,False,False,False,False,False,False,False
3,3,160.0,30.0713212,31.5772612,19,1,1,1,1,1,0,1,0,1,42500.0,9,53.333333333333336,11.875,7,16.282847171369255,16.29204904211537,16.066802461833923,False,True,False,True,False,True,False,False,False,False,False,False,False,False,False,False,False,False,False
3,3,195.0,30.0111753,31.5161206,14,0,0,1,0,1,1,0,0,1,112820.51282051283,9,65.0,7.17948717948718,4,16.282847171369255,16.29204904211537,16.066802461833923,True,False,False,True,False,True,False,False,False,False,False,False,False,False,False,False,False,False,False
3,3,311.0,30.0268356,31.493173,2,0,0,0,0,1,0,0,0,1,31993.5691318328,9,103.66666666666667,0.6430868167202572,2,16.282847171369255,16.29204904211537,16.066802461833923,False,True,False,True,False,True,False,False,False,False,False,False,False,False,False,False,False,False,False
2,2,118.0,30.03145,31.34338,5,0,0,0,0,0,0,0,0,0,23728.813559322032,4,59.0,4.237288135593221,0,15.501738199611221,15.519597237722468,16.066802461833923,False,True,False,True,False,True,False,False,False,False,False,False,False,False,False,False,False,False,False
4,3,300.0,29.980463,31.3854644,27,1,1,1,1,1,1,1,1,1,41666.666666666664,12,75.0,9.0,9,16.087842710858826,16.185754392890075,16.066802461833923,False,True,False,True,False,False,False,False,False,False,False,False,True,False,False,False,False,False,False
4,4,550.0,29.6727347,32.3374381,7,0,0,1,0,0,0,0,0,0,34545.454545454544,16,137.5,1.2727272727272727,1,15.747032114495013,15.967921456359903,15.747032114495013,False,False,True,True,False,False,False,False,False,False,False,False,False,False,False,False,False,True,False
2,2,110.0,30.0550268,31.3366903,25,1,1,0,1,1,1,1,1,0,145454.54545454544,4,55.0,22.727272727272727,7,16.345788916607955,16.264790116464905,16.345788916607955,False,False,True,False,True,False,False,True,False,False,False,False,False,False,False,False,False,False,False
2,2,115.0,30.0478192,31.5372842,7,0,0,1,0,0,0,0,0,0,124347.82608695653,4,57.5,6.086956521739131,1,16.282847171369255,16.29204904211537,16.066802461833923,False,True,False,True,False,True,False,False,False,False,False,False,False,False,False,False,False,False,False
3,1,168.0,31.1357,29.82214,9,0,0,0,0,0,1,0,0,0,15178.57142857143,3,56.0,5.357142857142858,1,14.751604309291395,14.751604309291395,15.851522672265068,False,True,False,True,False,True,False,False,False,False,False,False,False,False,False,False,False,False,False
1,1,58.0,30.8627527,29.27810085,40,1,1,1,1,1,1,1,1,1,51724.137931034486,1,58.0,68.96551724137932,9,16.345788916607955,16.016547844430676,16.345788916607955,False,True,False,False,True,False,False,True,False,False,False,False,False,False,False,False,False,False,False
4,4,212.0,30.0941611,31.7041108,16,1,1,1,1,0,0,1,0,0,39858.49056603773,16,53.0,7.547169811320754,5,15.82707481102028,15.793051943818522,16.066802461833923,False,True,False,False,True,False,False,False,False,False,False,False,False,False,False,False,False,True,False
4,4,840.0,29.9633661,31.0009178,23,1,1,1,1,1,1,1,1,0,65476.19047619047,16,210.0,2.738095238095238,8,16.10616420501588,15.988839917212927,16.01134442508541,False,False,True,True,False,False,False,False,False,False,False,False,False,False,False,False,False,True,False
3,3,165.0,30.0445728,31.0243959,31,1,1,1,1,1,1,1,1,1,46666.666666666664,9,55.0,18.78787878787879,9,16.02378508137718,16.115740211329367,16.01134442508541,False,True,False,True,False,True,False,False,False,False,False,False,False,False,False,False,False,False,False
6,5,350.0,30.0395895,31.4612522,10,0,0,0,1,1,1,0,0,1,27142.85714285714,30,58.333333333333336,2.857142857142857,4,16.282847171369255,16.489659276356317,16.066802461833923,False,True,False,True,False,False,False,False,True,False,False,False,False,False,False,False,False,False,False
4,5,234.0,30.16528,31.68815,6,0,0,1,1,0,0,0,0,0,35042.73504273504,20,58.5,2.5641025641025643,2,16.300417291085605,15.684231222649434,16.066802461833923,False,True,False,False,True,False,False,False,False,False,False,False,False,False,False,True,False,False,False
3,2,180.0,30.99104,30.0537,2,0,0,0,0,0,0,0,0,0,26666.666666666668,6,60.0,1.1111111111111112,0,16.02378508137718,15.585265227956793,16.01134442508541,False,True,False,True,False,True,False,False,False,False,False,False,False,False,False,False,False,False,False
3,2,200.0,29.99352595,31.5196573,23,0,0,1,0,1,1,0,0,1,32000.0,6,66.66666666666667,11.5,4,16.282847171369255,16.29204904211537,16.066802461833923,False,True,False,True,False,True,False,False,False,False,False,False,False,False,False,False,False,False,False
3,2,185.0,29.9884249,31.4208019,0,0,0,0,0,0,0,0,0,0,37837.83783783784,6,61.666666666666664,0.0,0,16.282847171369255,15.79591728085829,16.066802461833923,False,True,False,True,False,True,False,False,False,False,False,False,False,False,False,False,False,False,False
3,2,200.0,31.25182,29.97645,9,0,0,0,0,1,1,0,0,1,30000.0,6,66.66666666666667,4.5,3,15.068273812173887,15.068273812173887,15.851522672265068,False,True,False,True,False,True,False,False,False,False,False,False,False,False,False,False,False,False,False
4,3,210.0,30.057,31.20041,13,0,0,0,0,1,0,0,0,0,38095.23809523809,12,52.5,6.19047619047619,1,16.01118965047076,16.01118965047076,16.01134442508541,True,False,False,True,False,True,False,False,False,False,False,False,False,False,False,False,False,False,False
3,3,168.0,30.025056,31.5948035,13,1,1,1,1,0,0,1,0,0,70833.33333333333,9,56.0,7.738095238095238,5,16.282847171369255,16.29204904211537,16.066802461833923,False,True,False,False,True,True,False,False,False,False,False,False,False,False,False,False,False,False,False
3,3,270.0,31.23894,29.96411,0,0,0,0,0,0,0,0,0,0,30370.37037037037,9,90.0,0.0,0,15.82603907569542,15.82603907569542,15.851522672265068,False,True,False,True,False,True,False,False,False,False,False,False,False,False,False,False,False,False,False
2,1,90.0,29.471934676045,32.452072619997,15,1,0,0,0,1,0,0,0,1,105555.55555555556,2,45.0,16.666666666666668,3,15.747032114495013,16.066802461833923,15.747032114495013,False,True,False,True,False,False,False,True,False,False,False,False,False,False,False,False,False,False,False
5,4,252.0,31.0846702,27.9347746,50,1,1,1,1,1,1,1,1,1,119047.61904761905,20,50.4,19.841269841269842,9,16.345788916607955,16.548253436697504,16.345788916607955,False,True,False,True,False,False,False,False,False,False,False,False,False,False,False,False,False,True,False
4,4,224.0,29.980785898065,31.790816010333,19,1,1,0,1,1,0,1,1,1,21503.41964285714,16,56.0,8.482142857142856,7,15.616501940217244,15.387613514087482,16.066802461833923,False,True,False,False,True,True,False,False,False,False,False,False,False,False,False,False,False,False,False
3,2,123.0,30.125082,31.8853002,0,0,0,0,0,0,0,0,0,0,51626.0162601626,6,41.0,0.0,0,15.616501940217244,16.012735246411598,16.066802461833923,False,True,False,False,True,True,False,False,False,False,False,False,False,False,False,False,False,False,False
4,4,256.0,30.01321,31.48737,13,0,0,1,1,1,1,0,0,0,29030.22265625,16,64.0,5.078125,4,16.282847171369255,16.173530452453797,16.066802461833923,False,True,False,True,False,False,False,False,True,False,False,False,False,False,False,False,False,False,False
4,3,235.0,30.07349031,31.60085522,12,0,1,1,1,1,1,0,0,1,114893.6170212766,12,58.75,5.106382978723404,6,16.282847171369255,16.29204904211537,16.066802461833923,False,False,True,False,True,False,False,False,False,False,False,False,False,False,False,False,False,True,False
3,3,248.0,30.1518202,31.6284528,32,1,1,1,1,1,1,1,1,1,110483.87096774194,9,82.66666666666667,12.903225806451614,9,16.088423555642784,16.9172841784906,16.066802461833923,False,True,False,True,False,False,False,False,False,False,False,False,False,False,False,False,True,False,False
4,4,220.0,29.9842656,31.540594,26,1,1,1,1,1,1,1,0,0,101418.18181818182,16,55.0,11.818181818181817,7,16.282847171369255,16.29204904211537,16.066802461833923,False,False,True,False,True,False,False,False,False,False,False,False,False,False,False,True,False,False,False
3,3,245.0,30.2013484,31.6804732,9,0,1,0,1,1,1,0,0,0,43265.30612244898,9,81.66666666666667,3.6734693877551017,4,16.088423555642784,16.15957650726579,16.066802461833923,False,True,False,True,False,False,False,False,False,False,False,False,False,False,False,False,False,True,False
4,4,389.0,30.132614638282,31.629920277912,11,0,0,0,1,1,1,0,0,0,38560.411311053984,16,97.25,2.827763496143959,3,16.088423555642784,16.52356082573315,16.066802461833923,False,True,False,True,False,False,False,False,False,False,False,False,False,False,False,True,False,False,False
2,2,89.0,30.06603,31.48561,11,0,0,0,1,1,0,0,0,1,77528.08988764045,4,44.5,12.359550561797752,3,16.282847171369255,15.86963441986494,16.066802461833923,True,False,False,True,False,True,False,False,False,False,False,False,False,False,False,False,False,False,False
4,5,375.0,30.2013484,31.6804732,21,1,1,1,1,0,0,1,1,0,42000.0,20,93.75,5.6,6,16.088423555642784,16.15957650726579,16.066802461833923,False,True,False,True,False,False,False,False,False,False,False,False,False,False,False,False,True,False,False
2,2,112.0,30.0035761,31.4056766,50,1,1,1,1,1,1,1,1,1,46800.0,4,56.0,44.64285714285714,9,16.282847171369255,16.29204904211537,16.066802461833923,False,True,False,False,True,True,False,False,False,False,False,False,False,False,False,False,False,False,False
4,5,650.0,30.9967183,28.6909805,41,1,1,1,1,1,1,1,1,1,72307.69230769231,20,162.5,6.3076923076923075,9,16.345788916607955,16.785925074816024,16.345788916607955,True,False,False,True,False,False,False,False,False,False,False,False,False,False,False,False,False,True,False
3,2,108.0,30.09177585,31.6426486,0,0,0,0,0,0,0,0,0,0,65740.74074074074,6,36.0,0.0,0,15.93111255107345,15.88868261241667,16.066802461833923,False,True,False,True,False,True,False,False,False,False,False,False,False,False,False,False,False,False,False
3,3,190.0,29.954044893872,31.567046406747,19,1,1,1,1,0,0,1,1,0,136842.1052631579,9,63.333333333333336,10.0,6,16.282847171369255,16.200596964551092,16.066802461833923,False,True,False,False,True,False,False,False,False,False,False,False,False,False,False,True,False,False,False
1,1,70.0,29.4960634,32.4238179,0,0,0,0,0,0,0,0,0,0,105714.28571428571,1,70.0,0.0,0,15.747032114495013,15.816990693309524,15.747032114495013,False,False,True,False,True,False,False,True,False,False,False,False,False,False,False,False,False,False,False
3,3,145.0,29.976979,31.7797175,12,1,1,0,1,1,0,1,1,0,26206.896551724138,9,48.333333333333336,8.275862068965518,6,15.616501940217244,15.384361031701085,16.066802461833923,False,True,False,False,True,True,False,False,False,False,False,False,False,False,False,False,False,False,False
3,1,110.0,30.02121,31.22621,0,0,0,0,0,0,0,0,0,0,20454.545454545456,3,36.666666666666664,0.0,0,15.666161795020471,15.666161795020471,16.066802461833923,False,True,False,True,False,True,False,False,False,False,False,False,False,False,False,False,False,False,False
2,1,142.0,30.10226,31.37633,47,1,1,1,1,1,1,1,1,1,31690.140845070422,2,71.0,33.098591549295776,9,15.803385043104912,16.112782623645305,16.066802461833923,False,True,False,True,False,True,False,False,False,False,False,False,False,False,False,False,False,False,False
4,5,270.0,30.025056,31.5948035,12,0,0,1,1,0,0,0,0,0,57407.40740740741,20,67.5,4.444444444444444,2,16.282847171369255,16.29204904211537,16.066802461833923,False,True,False,True,False,False,False,False,False,False,False,False,True,False,False,False,False,False,False
4,4,282.0,30.076691,30.8767599,15,0,1,1,1,0,0,1,0,0,230496.45390070922,16,70.5,5.319148936170213,4,16.02378508137718,16.300417291085605,16.01134442508541,False,True,False,False,True,False,False,False,False,False,False,False,False,False,False,False,False,True,False
4,2,175.0,29.980463,31.3854644,0,0,0,0,0,0,0,0,0,0,69142.85714285714,8,43.75,0.0,0,16.087842710858826,16.185754392890075,16.066802461833923,False,True,False,True,False,True,False,False,False,False,False,False,False,False,False,False,False,False,False
4,4,284.0,31.17310014,29.9287022,3,0,0,0,0,0,0,0,0,0,59859.15492957747,16,71.0,1.0563380281690142,0,16.16000514993119,16.16000514993119,15.851522672265068,False,True,False,False,True,True,False,False,False,False,False,False,False,False,False,False,False,False,False
2,1,108.0,30.996363,28.6804318,6,0,0,0,0,1,1,0,0,1,87500.0,2,54.0,5.555555555555555,3,16.345788916607955,16.785925074816024,16.345788916607955,False,False,True,True,False,False,False,True,False,False,False,False,False,False,False,False,False,False,False
3,3,152.0,29.9633661,31.0009178,49,1,1,1,1,1,1,1,1,1,41315.78947368421,9,50.666666666666664,32.23684210526316,9,16.10616420501588,15.988839917212927,16.01134442508541,False,True,False,True,False,True,False,False,False,False,False,False,False,False,False,False,False,False,False
3,2,151.0,29.9844638,30.8817192,7,0,0,0,1,0,0,0,0,0,46357.615894039736,6,50.333333333333336,4.635761589403973,1,16.10616420501588,15.56224706466147,16.01134442508541,False,True,False,True,False,False,False,False,False,False,False,False,False,False,False,True,False,False,False
5,5,280.0,31.0846702,27.9347746,12,0,0,0,1,1,1,0,0,0,96428.57142857143,25,56.0,4.285714285714286,3,16.345788916607955,16.548253436697504,16.345788916607955,False,True,False,True,False,False,False,False,False,False,False,False,False,False,False,False,False,True,False
3,2,170.0,30.082662679848,31.376713970852,16,1,1,1,1,0,0,0,0,0,42352.94117647059,6,56.666666666666664,9.411764705882353,4,15.803385043104912,15.7192417923152,16.066802461833923,False,True,False,True,False,True,False,False,False,False,False,False,False,False,False,False,False,False,False
2,2,152.0,30.0600801,31.5985531,22,1,1,1,1,0,0,1,1,0,57368.42105263158,4,76.0,14.473684210526315,6,16.282847171369255,16.29204904211537,16.066802461833923,False,True,False,True,False,True,False,False,False,False,False,False,False,False,False,False,False,False,False
1,1,45.0,29.63256,32.33002,48,1,1,1,1,1,1,1,1,1,122977.77777777778,1,45.0,106.66666666666666,9,15.747032114495013,15.526421620030112,15.747032114495013,False,False,True,True,False,False,True,False,False,False,False,False,False,False,False,False,False,False,False
4,5,419.0,30.2013484,31.6804732,14,1,1,1,1,1,0,0,1,1,43675.417661097854,20,104.75,3.3412887828162288,7,16.088423555642784,16.15957650726579,16.066802461833923,False,True,False,True,False,False,False,False,False,False,False,False,False,False,False,False,False,True,False
1,1,70.0,30.07349031,31.60085522,13,1,1,1,0,1,1,1,0,0,84285.71428571429,1,70.0,18.571428571428573,6,16.282847171369255,16.29204904211537,16.066802461833923,True,False,False,True,False,True,False,False,False,False,False,False,False,False,False,False,False,False,False
5,4,269.0,30.052395,30.99094,36,1,1,1,1,1,1,1,1,1,55762.08178438662,20,53.8,13.382899628252789,9,16.02378508137718,16.52356082573315,16.01134442508541,False,True,False,True,False,False,False,False,False,False,False,False,False,False,False,False,False,True,False
3,2,140.0,30.0648376,30.94684,38,1,1,1,1,1,1,1,1,1,27857.14285714286,6,46.666666666666664,27.142857142857146,9,16.02378508137718,15.803385043104912,16.01134442508541,False,True,False,False,True,True,False,False,False,False,False,False,False,False,False,False,False,False,False
3,2,164.0,31.069445,28.121653,34,1,1,0,1,0,1,1,1,0,109146.34146341463,6,54.666666666666664,20.731707317073173,6,16.345788916607955,16.803467733629535,16.345788916607955,False,True,False,False,True,False,False,True,False,False,False,False,False,False,False,False,False,False,False
3,2,200.0,30.03145,31.34338,11,0,0,0,0,1,1,0,0,1,30000.0,6,66.66666666666667,5.5,3,15.501738199611221,15.519597237722468,16.066802461833923,False,True,False,True,False,True,False,False,False,False,False,False,False,False,False,False,False,False,False
3,3,146.0,30.09177585,31.6426486,10,0,0,0,0,1,0,0,0,1,54452.05479452055,9,48.666666666666664,6.8493150684931505,2,15.93111255107345,15.88868261241667,16.066802461833923,False,True,False,True,False,True,False,False,False,False,False,False,False,False,False,False,False,False,False
5,3,239.0,30.01321,31.48737,9,0,1,1,1,0,1,0,0,1,44225.941422594144,15,47.8,3.7656903765690375,5,16.282847171369255,16.173530452453797,16.066802461833923,False,True,False,True,False,False,False,False,False,False,False,False,False,False,False,False,False,True,False
4,4,235.0,30.071051,30.895297,24,1,1,1,1,1,1,1,1,1,63829.78723404255,16,58.75,10.212765957446807,9,16.02378508137718,16.667401853625705,16.01134442508541,False,True,False,False,True,False,False,False,False,False,False,False,False,False,False,True,False,False,False
3,2,107.0,30.09177585,31.6426486,9,1,1,0,0,1,1,0,0,0,49532.71028037383,6,35.666666666666664,8.411214953271028,4,15.93111255107345,15.88868261241667,16.066802461833923,False,True,False,False,True,True,False,False,False,False,False,False,False,False,False,False,False,False,False
3,3,140.0,30.0941611,31.7041108,15,0,0,1,1,1,0,0,0,0,37500.0,9,46.666666666666664,10.714285714285715,3,15.82707481102028,15.793051943818522,16.066802461833923,False,True,False,False,True,True,False,False,False,False,False,False,False,False,False,False,False,False,False
3,2,116.0,30.09177585,31.6426486,29,0,0,0,0,1,1,1,0,1,56034.48275862069,6,38.666666666666664,25.0,4,15.93111255107345,15.88868261241667,16.066802461833923,True,False,False,True,False,True,False,False,False,False,False,False,False,False,False,False,False,False,False
2,2,110.0,30.0639796,30.8829127,13,1,1,1,1,0,0,0,0,0,92727.27272727272,4,55.0,11.818181818181817,4,16.02378508137718,16.588099342704055,16.01134442508541,False,False,True,False,True,True,False,False,False,False,False,False,False,False,False,False,False,False,False
2,2,130.0,29.9978985,31.63101061,33,1,1,1,1,1,0,1,1,1,36530.769230769234,4,65.0,25.384615384615383,8,15.616501940217244,15.607270193858982,16.066802461833923,False,True,False,True,False,True,False,False,False,False,False,False,False,False,False,False,False,False,False
4,4,248.0,31.0816536,28.1777634,50,1,1,1,1,1,1,1,1,1,161290.32258064515,16,62.0,20.161290322580644,9,16.345788916607955,17.605860456780636,16.345788916607955,True,False,False,True,False,False,False,False,False,False,False,False,False,False,False,False,True,False,False
2,2,90.0,30.0009056,30.9008539,50,1,1,1,1,1,1,1,1,1,72044.44444444444,4,45.0,55.55555555555556,9,16.10616420501588,15.684848316063478,16.01134442508541,False,True,False,False,True,True,False,False,False,False,False,False,False,False,False,False,False,False,False
3,3,140.0,30.143295601389,31.628936336927,0,0,0,0,0,0,0,0,0,0,25000.0,9,46.666666666666664,0.0,0,16.088423555642784,15.13503949062901,16.066802461833923,False,True,False,True,False,True,False,False,False,False,False,False,False,False,False,False,False,False,False
3,3,198.0,30.0941611,31.7041108,2,0,0,0,0,1,0,0,0,1,77828.28282828283,9,66.0,1.0101010101010102,2,15.82707481102028,15.793051943818522,16.066802461833923,False,True,False,True,False,False,False,False,False,False,False,False,False,False,False,False,False,True,False
3,3,180.0,30.825496224786,29.011091879144,5,0,0,0,0,0,1,0,0,0,50794.444444444445,9,60.0,2.7777777777777777,1,16.345788916607955,15.76142084987672,16.345788916607955,False,True,False,False,True,False,False,True,False,False,False,False,False,False,False,False,False,False,False
3,2,150.0,30.07349031,31.60085522,23,1,1,1,1,1,1,0,0,1,76666.66666666667,6,50.0,15.333333333333334,7,16.282847171369255,16.29204904211537,16.066802461833923,False,True,False,True,False,True,False,False,False,False,False,False,False,False,False,False,False,False,False
2,2,84.0,30.09177585,31.6426486,11,1,1,0,1,1,1,0,0,0,53095.23809523809,4,42.0,13.095238095238095,5,15.93111255107345,15.88868261241667,16.066802461833923,False,True,False,False,True,True,False,False,False,False,False,False,False,False,False,False,False,False,False
4,3,210.0,29.9294519,30.9148066,0,0,0,0,0,0,0,0,0,0,16000.0,12,52.5,0.0,0,16.10616420501588,15.027451829558391,16.01134442508541,False,True,False,True,False,True,False,False,False,False,False,False,False,False,False,False,False,False,False
3,2,140.0,30.0050838,30.9290455,8,0,0,1,0,1,1,0,0,0,53121.42857142857,6,46.666666666666664,5.714285714285714,3,16.10616420501588,15.930560647738732,16.01134442508541,False,False,True,False,True,True,False,False,False,False,False,False,False,False,False,False,False,False,False
4,4,222.0,30.0550268,31.3366903,46,1,1,1,0,1,1,1,1,1,42342.342342342345,16,55.5,20.72072072072072,8,16.345788916607955,16.264790116464905,16.345788916607955,False,True,False,True,False,False,False,True,False,False,False,False,False,False,False,False,False,False,False
3,4,151.0,30.9447479,28.7978345,13,1,1,1,1,1,1,0,0,0,79470.1986754967,12,50.333333333333336,8.609271523178808,6,16.345788916607955,16.785925074816024,16.345788916607955,False,True,False,True,False,False,False,True,False,False,False,False,False,False,False,False,False,False,False
3,3,390.0,30.0395901,31.6985965,31,1,1,1,1,1,1,1,1,1,15384.615384615385,9,130.0,7.948717948717949,9,15.616501940217244,15.458189997639176,16.066802461833923,True,False,False,True,False,False,False,False,True,False,False,False,False,False,False,False,False,False,False
1,2,70.0,31.0846702,27.9347746,10,1,1,1,0,1,1,0,0,0,89285.71428571429,2,70.0,14.285714285714286,5,16.345788916607955,16.548253436697504,16.345788916607955,False,True,False,True,False,False,False,True,False,False,False,False,False,False,False,False,False,False,False
4,4,302.0,31.0846702,27.9347746,10,0,0,1,1,0,0,0,0,0,100794.70198675497,16,75.5,3.3112582781456954,2,16.345788916607955,16.548253436697504,16.345788916607955,False,False,True,True,False,False,False,False,False,False,False,False,False,False,False,False,False,True,False
2,2,60.0,30.8236496,28.9521368,25,1,1,1,1,1,1,1,1,1,100000.0,4,30.0,41.66666666666667,9,16.345788916607955,16.785925074816024,16.345788916607955,False,True,False,False,True,False,False,True,False,False,False,False,False,False,False,False,False,False,False
3,2,124.0,31.0821705,28.0283681,12,0,1,0,1,0,1,1,0,0,82096.7741935484,6,41.333333333333336,9.67741935483871,4,16.345788916607955,15.853869784785122,16.345788916607955,False,True,False,False,True,False,False,False,False,False,False,False,True,False,False,False,False,False,False
2,2,130.0,30.0050838,30.9290455,16,1,1,0,1,1,0,0,0,1,36923.07692307692,4,65.0,12.307692307692307,5,16.10616420501588,15.930560647738732,16.01134442508541,False,True,False,True,False,True,False,False,False,False,False,False,False,False,False,False,False,False,False
2,2,123.0,29.9771006,31.5720476,17,0,1,0,1,1,1,0,0,0,97560.9756097561,4,61.5,13.821138211382115,4,16.282847171369255,16.200596964551092,16.066802461833923,False,True,False,False,True,True,False,False,False,False,False,False,False,False,False,False,False,False,False
2,1,96.0,31.21536,29.94034,3,0,0,0,0,0,0,0,0,0,22916.666666666668,2,48.0,3.125,0,15.830413711839864,14.933199074534294,15.851522672265068,False,True,False,True,False,True,False,False,False,False,False,False,False,False,False,False,False,False,False
3,3,158.0,29.9678067,31.5159872,0,0,0,0,0,0,0,0,0,0,25316.45569620253,9,52.666666666666664,0.0,0,16.282847171369255,16.29204904211537,16.066802461833923,False,True,False,False,True,True,False,False,False,False,False,False,False,False,False,False,False,False,False
2,2,128.0,30.06805,31.406379,29,1,1,1,1,1,1,0,1,1,52734.375,4,64.0,22.65625,8,16.282847171369255,16.489659276356317,16.066802461833923,False,True,False,False,True,True,False,False,False,False,False,False,False,False,False,False,False,False,False
3,3,165.0,30.09177585,31.6426486,0,0,0,0,0,0,0,0,0,0,57878.78787878788,9,55.0,0.0,0,15.93111255107345,15.88868261241667,16.066802461833923,True,False,False,True,False,True,False,False,False,False,False,False,False,False,False,False,False,False,False
3,3,166.0,30.0550268,31.3366903,22,1,1,1,1,1,1,1,1,1,31174.698795180724,9,55.333333333333336,13.253012048192772,9,15.616501940217244,15.459350090352403,16.066802461833923,False,True,False,True,False,True,False,False,False,False,False,False,False,False,False,False,False,False,False
6,8,533.0,30.0279617,31.5318328,2,0,0,0,0,0,1,0,0,0,80675.42213883677,48,88.83333333333333,0.37523452157598497,1,16.282847171369255,16.29204904211537,16.066802461833923,False,True,False,True,False,False,False,False,False,False,False,False,False,False,False,False,False,True,False
3,3,141.0,29.9875186,31.5555302,17,1,0,0,1,1,0,0,1,1,58510.63829787234,9,47.0,12.056737588652483,5,16.282847171369255,16.29204904211537,16.066802461833923,False,True,False,True,False,True,False,False,False,False,False,False,False,False,False,False,False,False,False
3,2,148.0,29.964018449896,30.974281522088,32,1,1,1,1,1,1,1,1,1,24324.324324324323,6,49.333333333333336,21.62162162162162,9,16.10616420501588,15.096444681204078,16.01134442508541,False,True,False,False,True,True,False,False,False,False,False,False,False,False,False,False,False,False,False
3,3,210.0,29.9924715,30.8920785,9,0,0,1,1,0,1,0,0,1,52419.04761904762,9,70.0,4.285714285714286,4,16.10616420501588,16.360729622918004,16.01134442508541,False,False,True,False,True,False,False,False,False,False,False,False,False,False,False,True,False,False,False
4,3,239.0,30.01321,31.48737,6,0,1,1,0,1,1,0,0,1,44225.941422594144,12,59.75,2.510460251046025,5,16.282847171369255,16.173530452453797,16.066802461833923,False,True,False,True,False,False,False,False,False,False,False,False,False,False,False,False,False,True,False
2,2,135.0,30.087067,30.872718,5,0,1,0,0,0,0,1,0,0,62962.96296296296,4,67.5,3.7037037037037033,2,16.02378508137718,15.955576839107596,16.01134442508541,False,True,False,True,False,True,False,False,False,False,False,False,False,False,False,False,False,False,False
3,3,188.0,30.825496224786,29.011091879144,12,0,0,1,1,0,0,0,0,0,42553.1914893617,9,62.666666666666664,6.382978723404256,2,16.345788916607955,15.76142084987672,16.345788916607955,False,True,False,False,True,False,False,True,False,False,False,False,False,False,False,False,False,False,False
3,3,265.0,30.14421,31.63972,34,0,1,1,1,1,1,0,0,1,16603.77358490566,9,88.33333333333333,12.830188679245284,6,16.088423555642784,15.35237799261728,16.066802461833923,False,True,False,True,False,True,False,False,False,False,False,False,False,False,False,False,False,False,False
3,4,250.0,30.071051,30.895297,16,0,0,0,1,1,1,0,0,1,80000.0,12,83.33333333333333,6.4,4,16.02378508137718,16.667401853625705,16.01134442508541,False,False,True,False,True,False,False,False,False,False,False,False,False,False,False,True,False,False,False
3,3,185.0,29.9842656,31.540594,17,1,1,1,0,1,1,0,0,1,59459.45945945946,9,61.666666666666664,9.18918918918919,6,16.282847171369255,16.29204904211537,16.066802461833923,False,False,True,True,False,True,False,False,False,False,False,False,False,False,False,False,False,False,False
3,3,182.0,30.0941611,31.7041108,17,1,1,1,1,0,1,1,1,0,32967.03296703297,9,60.666666666666664,9.340659340659341,7,15.82707481102028,15.793051943818522,16.066802461833923,False,True,False,True,False,True,False,False,False,False,False,False,False,False,False,False,False,False,False
3,2,140.0,30.8365625,28.9590625,43,1,1,1,1,1,1,1,1,1,64285.71428571428,6,46.666666666666664,30.714285714285715,9,16.345788916607955,15.76142084987672,16.345788916607955,False,True,False,True,False,True,False,False,False,False,False,False,False,False,False,False,False,False,False
5,5,410.0,30.0029471,31.595582,12,0,0,1,1,1,0,0,0,1,57926.829268292684,25,82.0,2.9268292682926833,4,15.616501940217244,16.956410275190038,16.066802461833923,False,True,False,True,False,False,False,False,False,False,False,False,False,False,False,False,False,True,False
3,2,800.0,30.917731,30.0636166,7,0,0,0,0,1,0,0,0,1,53125.0,6,266.6666666666667,0.875,2,16.02378508137718,17.622173069956816,16.01134442508541,False,True,False,True,False,False,False,False,False,False,False,False,False,False,False,False,False,True,False
2,2,89.0,31.0789366,28.1843221,30,1,1,1,1,1,0,1,1,1,105168.53932584269,4,44.5,33.70786516853933,8,16.345788916607955,16.264790116464905,16.345788916607955,False,True,False,False,True,False,False,True,False,False,False,False,False,False,False,False,False,False,False
3,1,120.0,31.204643285686,29.972258408593,0,0,0,0,0,0,0,0,0,0,47083.333333333336,3,40.0,0.0,0,15.830413711839864,15.8522413701896,15.851522672265068,False,True,False,False,True,True,False,False,False,False,False,False,False,False,False,False,False,False,False
2,1,100.0,31.21536,29.94034,10,0,0,0,0,1,1,0,0,1,24000.0,2,50.0,10.0,3,15.830413711839864,15.754226482185867,15.851522672265068,False,True,False,True,False,True,False,False,False,False,False,False,False,False,False,False,False,False,False
3,3,130.0,30.019871652542,31.47554109258,23,1,0,1,0,1,0,1,1,1,116923.07692307692,9,43.333333333333336,17.692307692307693,6,16.282847171369255,16.454567959008102,16.066802461833923,False,True,False,True,False,False,False,False,False,False,False,False,True,False,False,False,False,False,False
3,2,170.0,30.0124138,31.4396951,12,0,0,1,1,0,0,0,0,0,25294.117647058825,6,56.666666666666664,7.0588235294117645,2,16.282847171369255,16.29204904211537,16.066802461833923,False,True,False,True,False,True,False,False,False,False,False,False,False,False,False,False,False,False,False
3,3,155.0,29.963261324748,31.771264172865,0,0,0,0,0,0,0,0,0,0,27883.870967741936,9,51.666666666666664,0.0,0,15.616501940217244,15.384361031701085,16.066802461833923,False,True,False,False,True,True,False,False,False,False,False,False,False,False,False,False,False,False,False
3,3,215.0,30.0259103,31.5359166,4,1,0,1,0,1,1,0,0,0,90697.67441860466,9,71.66666666666667,1.8604651162790697,4,16.282847171369255,16.29204904211537,16.066802461833923,False,True,False,True,False,True,False,False,False,False,False,False,False,False,False,False,False,False,False
2,2,130.0,29.951709071432,31.572522435582,0,0,0,0,0,0,0,0,0,0,65384.61538461538,4,65.0,0.0,0,16.282847171369255,16.200596964551092,16.066802461833923,False,False,True,True,False,True,False,False,False,False,False,False,False,False,False,False,False,False,False
3,4,316.0,29.9842656,31.540594,29,1,1,1,1,1,1,1,1,0,88607.59493670886,12,105.33333333333333,9.177215189873417,8,16.282847171369255,16.29204904211537,16.066802461833923,False,True,False,True,False,False,False,False,False,False,False,False,False,False,False,True,False,False,False
3,3,210.0,29.9924715,30.8920785,15,0,0,0,1,1,1,0,0,0,64076.19047619047,9,70.0,7.142857142857142,3,16.10616420501588,16.360729622918004,16.01134442508541,False,True,False,False,True,False,False,False,False,False,False,False,False,False,False,True,False,False,False
2,2,105.0,30.0246926,31.4940262,30,1,1,1,1,1,1,0,1,1,49523.80952380953,4,52.5,28.57142857142857,8,16.282847171369255,16.29204904211537,16.066802461833923,False,True,False,False,True,True,False,False,False,False,False,False,False,False,False,False,False,False,False
3,2,130.0,29.9608165,31.2732738,0,0,0,0,0,0,0,0,0,0,29615.384615384617,6,43.333333333333336,0.0,0,15.230349646082692,15.163583966004193,16.066802461833923,False,True,False,True,False,True,False,False,False,False,False,False,False,False,False,False,False,False,False
5,4,295.0,29.965514923308,31.571382566528,36,1,1,1,1,1,1,1,1,1,56610.16949152543,20,59.0,12.203389830508474,9,16.282847171369255,16.200596964551092,16.066802461833923,False,True,False,False,True,False,False,False,False,False,False,False,False,False,False,False,True,False,False
3,2,155.0,29.91637,31.06103,2,0,0,1,0,0,0,0,0,0,14193.548387096775,6,51.666666666666664,1.2903225806451613,1,15.279199431073042,15.10749451433816,16.01134442508541,False,True,False,True,False,True,False,False,False,False,False,False,False,False,False,False,False,False,False
3,2,143.0,31.17310014,29.9287022,3,0,0,0,0,0,0,0,0,0,43356.643356643355,6,47.666666666666664,2.097902097902098,0,16.16000514993119,16.16000514993119,15.851522672265068,False,True,False,True,False,True,False,False,False,False,False,False,False,False,False,False,False,False,False
3,2,145.0,31.3543445,27.2373159,26,1,1,1,1,1,0,0,0,1,88276.06896551725,6,48.333333333333336,17.931034482758623,6,16.345788916607955,16.264790116464905,16.345788916607955,False,True,False,True,False,False,False,True,False,False,False,False,False,False,False,False,False,False,False
3,2,168.0,30.0468424,30.998248,11,0,0,0,0,1,1,0,0,1,89285.71428571429,6,56.0,6.5476190476190474,3,16.02378508137718,15.862682968241984,16.01134442508541,False,True,False,True,False,True,False,False,False,False,False,False,False,False,False,False,False,False,False
2,3,139.0,29.9842656,31.540594,0,0,0,0,0,0,0,0,0,0,52733.81294964029,6,69.5,0.0,0,16.282847171369255,16.29204904211537,16.066802461833923,False,True,False,False,True,True,False,False,False,False,False,False,False,False,False,False,False,False,False
2,2,129.0,31.208442946995,29.939799250338,0,0,0,0,0,0,0,0,0,0,75968.99224806202,4,64.5,0.0,0,15.830413711839864,16.300417291085605,15.851522672265068,False,True,False,False,True,True,False,False,False,False,False,False,False,False,False,False,False,False,False
3,3,140.0,30.0753933,31.6265648,0,0,0,0,0,0,0,0,0,0,44000.0,9,46.666666666666664,0.0,0,15.82707481102028,16.221521518404195,16.066802461833923,False,True,False,False,True,True,False,False,False,False,False,False,False,False,False,False,False,False,False
4,3,237.0,29.99792889,31.49372067,25,1,1,1,1,1,0,1,0,0,32489.45147679325,12,59.25,10.548523206751055,6,16.282847171369255,16.29204904211537,16.066802461833923,False,False,True,False,True,False,False,False,False,False,False,False,False,False,False,False,False,True,False
2,2,124.0,29.9978985,31.63101061,0,0,0,0,0,0,0,0,0,0,71774.19354838709,4,62.0,0.0,0,15.616501940217244,15.607270193858982,16.066802461833923,False,True,False,True,False,True,False,False,False,False,False,False,False,False,False,False,False,False,False
3,3,125.0,30.8224695,28.954309,0,0,0,0,0,0,0,0,0,0,57600.0,9,41.666666666666664,0.0,0,16.345788916607955,15.76142084987672,16.345788916607955,False,False,True,False,True,False,False,True,False,False,False,False,False,False,False,False,False,False,False
2,2,100.0,30.0941611,31.7041108,22,1,1,1,1,0,0,1,1,0,75000.0,4,50.0,22.0,6,15.82707481102028,15.793051943818522,16.066802461833923,False,True,False,True,False,True,False,False,False,False,False,False,False,False,False,False,False,False,False
3,2,165.0,30.090647810305,31.377698496569,44,1,1,1,1,1,1,1,1,1,47272.72727272727,6,55.0,26.666666666666668,9,15.803385043104912,15.803385043104912,16.066802461833923,False,True,False,True,False,True,False,False,False,False,False,False,False,False,False,False,False,False,False
4,4,212.0,30.0941611,31.7041108,18,1,1,1,1,0,0,1,1,0,50000.0,16,53.0,8.49056603773585,6,15.82707481102028,15.793051943818522,16.066802461833923,False,True,False,False,True,False,False,False,False,False,False,False,False,False,False,False,False,True,False
3,3,146.0,29.6727347,32.3374381,37,1,1,1,1,1,1,1,1,0,54794.520547945205,9,48.666666666666664,25.34246575342466,8,15.747032114495013,15.967921456359903,15.747032114495013,True,False,False,False,True,False,False,True,False,False,False,False,False,False,False,False,False,False,False
3,3,325.0,29.9930252,31.4414573,9,0,0,0,0,1,1,0,0,1,21538.46153846154,9,108.33333333333333,2.769230769230769,3,16.282847171369255,16.29204904211537,16.066802461833923,False,True,False,False,True,True,False,False,False,False,False,False,False,False,False,False,False,False,False
4,4,290.0,30.0600801,31.5985531,50,1,1,1,1,1,1,1,1,1,137931.0344827586,16,72.5,17.24137931034483,9,16.282847171369255,16.29204904211537,16.066802461833923,False,True,False,False,True,False,False,False,False,False,False,False,False,False,False,False,False,True,False
3,2,109.0,30.09177585,31.6426486,0,0,0,0,0,0,0,0,0,0,66972.47706422018,6,36.333333333333336,0.0,0,15.93111255107345,15.88868261241667,16.066802461833923,False,True,False,True,False,True,False,False,False,False,False,False,False,False,False,False,False,False,False
3,2,133.0,30.084176505472,31.553512358984,0,0,0,0,0,0,0,0,0,0,26000.0,6,44.333333333333336,0.0,0,16.282847171369255,16.29204904211537,16.066802461833923,False,True,False,False,True,True,False,False,False,False,False,False,False,False,False,False,False,False,False
2,1,102.0,29.98644,31.16651,4,0,0,0,0,0,0,0,0,0,16666.666666666668,2,51.0,3.9215686274509802,0,14.88022163978423,14.751604309291395,16.01134442508541,False,True,False,True,False,True,False,False,False,False,False,False,False,False,False,False,False,False,False
6,5,500.0,29.550836851327,30.867589850082,3,0,0,0,0,0,0,0,0,0,30870.0,30,83.33333333333333,0.6,0,16.552148280706213,16.552148280706213,15.851522672265068,False,True,False,False,True,False,False,False,False,False,False,False,False,False,False,False,False,True,False
3,2,260.0,30.0298889,31.41647,8,0,0,0,0,1,0,0,0,1,35000.0,6,86.66666666666667,3.0769230769230766,2,16.282847171369255,16.29204904211537,16.066802461833923,False,False,True,True,False,True,False,False,False,False,False,False,False,False,False,False,False,False,False
3,2,143.0,30.0639796,30.8829127,50,1,1,1,1,1,1,1,1,1,54895.104895104894,6,47.666666666666664,34.96503496503497,9,16.02378508137718,16.588099342704055,16.01134442508541,False,True,False,True,False,True,False,False,False,False,False,False,False,False,False,False,False,False,False
3,4,245.0,30.2013484,31.6804732,15,0,1,0,1,1,1,0,0,0,48163.26530612245,12,81.66666666666667,6.122448979591836,4,16.088423555642784,16.15957650726579,16.066802461833923,False,True,False,True,False,False,False,False,False,False,False,False,False,False,False,True,False,False,False
6,4,279.0,29.550836851327,30.867589850082,0,0,0,0,0,0,0,0,0,0,55322.58064516129,24,46.5,0.0,0,16.552148280706213,16.552148280706213,15.851522672265068,False,True,False,False,True,False,False,False,False,False,False,False,False,False,False,False,False,True,False
2,3,118.0,31.3543445,27.2373159,29,1,1,1,1,1,0,1,1,1,139415.25423728814,6,59.0,24.576271186440678,8,16.345788916607955,16.264790116464905,16.345788916607955,False,True,False,False,True,False,False,True,False,False,False,False,False,False,False,False,False,False,False
2,2,125.0,29.954044893872,31.567046406747,24,1,1,1,1,0,1,1,1,0,88000.0,4,62.5,19.2,7,16.282847171369255,16.200596964551092,16.066802461833923,False,True,False,False,True,True,False,False,False,False,False,False,False,False,False,False,False,False,False
4,8,550.0,30.0610113,31.4182826,7,0,0,0,1,1,1,0,0,1,60545.454545454544,32,137.5,1.2727272727272727,4,16.282847171369255,16.489659276356317,16.066802461833923,False,False,True,True,False,False,False,False,False,False,False,False,False,False,False,False,False,True,False
2,1,122.0,31.065661392699,28.397555312136,6,0,0,0,0,1,1,0,0,1,113450.0,2,61.0,4.918032786885246,3,16.345788916607955,16.44313860719088,16.345788916607955,False,True,False,False,True,False,False,True,False,False,False,False,False,False,False,False,False,False,False
4,3,212.0,30.0941611,31.7041108,7,0,1,0,0,0,0,1,1,0,46698.11320754717,12,53.0,3.30188679245283,3,15.82707481102028,15.793051943818522,16.066802461833923,False,True,False,False,True,False,False,False,False,False,False,False,False,False,False,False,False,True,False
4,3,170.0,29.98517849,31.04999818,19,1,1,1,1,0,0,1,1,0,135294.11764705883,12,42.5,11.176470588235295,6,16.10616420501588,16.70097038315765,16.01134442508541,False,True,False,False,True,True,False,False,False,False,False,False,False,False,False,False,False,False,False
3,3,178.0,30.080763829321,31.543997437428,12,1,1,1,1,1,0,0,0,1,47752.808988764045,9,59.333333333333336,6.741573033707865,6,16.282847171369255,16.29204904211537,16.066802461833923,False,True,False,False,True,True,False,False,False,False,False,False,False,False,False,False,False,False,False
2,2,100.0,30.0468424,30.998248,5,0,0,1,0,1,1,0,0,0,75000.0,4,50.0,5.0,3,16.02378508137718,15.862682968241984,16.01134442508541,False,False,True,True,False,True,False,False,False,False,False,False,False,False,False,False,False,False,False
3,3,132.0,30.2013484,31.6804732,13,1,1,0,0,1,1,1,1,1,44318.181818181816,9,44.0,9.848484848484848,7,16.088423555642784,16.15957650726579,16.066802461833923,False,True,False,False,True,True,False,False,False,False,False,False,False,False,False,False,False,False,False
5,4,250.0,30.0504169,31.5077373,36,1,1,1,1,1,1,1,1,1,112000.0,20,50.0,14.4,9,16.282847171369255,16.489659276356317,16.066802461833923,False,False,True,True,False,False,False,False,False,False,False,False,False,False,False,False,False,True,False
2,3,160.0,30.0270337,31.4986094,18,0,0,1,1,1,1,0,0,1,50000.0,6,80.0,11.25,5,16.282847171369255,16.29204904211537,16.066802461833923,False,False,True,True,False,True,False,False,False,False,False,False,False,False,False,False,False,False,False
4,4,200.0,29.975602715328,31.539302153821,19,1,1,1,1,0,0,1,1,0,285000.0,16,50.0,9.5,6,16.282847171369255,16.29204904211537,16.066802461833923,False,True,False,False,True,False,False,False,False,False,False,False,False,False,False,False,False,True,False
5,4,223.0,30.14421,31.63972,19,1,1,1,1,0,0,1,1,0,22421.52466367713,20,44.6,8.52017937219731,6,16.088423555642784,15.35237799261728,16.066802461833923,False,True,False,True,False,False,False,False,False,False,False,False,False,False,False,False,False,True,False
3,3,155.0,30.0941611,31.7041108,0,0,0,0,0,0,0,0,0,0,39580.645161290326,9,51.666666666666664,0.0,0,15.82707481102028,15.793051943818522,16.066802461833923,False,True,False,True,False,True,False,False,False,False,False,False,False,False,False,False,False,False,False
2,2,110.0,30.07814,31.5941829,20,1,1,1,1,1,0,1,0,1,72727.27272727272,4,55.0,18.18181818181818,7,16.282847171369255,16.29204904211537,16.066802461833923,False,True,False,False,True,True,False,False,False,False,False,False,False,False,False,False,False,False,False
5,4,539.0,30.051488670818,30.932802884166,33,1,1,1,1,1,1,0,0,1,27829.31354359926,20,107.8,6.122448979591837,7,16.02378508137718,16.454567959008102,16.01134442508541,False,True,False,True,False,False,False,False,False,False,False,False,False,False,False,False,False,True,False
2,2,133.0,29.7666672,31.0988357,5,0,0,1,0,1,0,0,0,1,51879.6992481203,4,66.5,3.7593984962406015,3,16.101268496405105,16.101268496405105,15.851522672265068,False,True,False,False,True,True,False,False,False,False,False,False,False,False,False,False,False,False,False
2,1,137.0,30.09093,31.32778,45,1,1,1,1,1,1,1,1,0,15328.467153284671,2,68.5,32.84671532846715,8,15.78142351648329,15.955576839107596,16.066802461833923,False,True,False,False,True,True,False,False,False,False,False,False,False,False,False,False,False,False,False
4,3,200.0,30.09177585,31.6426486,38,0,1,0,1,1,1,1,1,1,47930.0,12,50.0,19.0,7,15.93111255107345,15.88868261241667,16.066802461833923,False,True,False,True,False,True,False,False,False,False,False,False,False,False,False,False,False,False,False
2,2,120.0,30.095655324801,31.634948228684,8,1,0,0,0,1,1,0,0,1,55091.666666666664,4,60.0,6.666666666666667,4,15.82707481102028,15.704245637578751,16.066802461833923,False,True,False,False,True,True,False,False,False,False,False,False,False,False,False,False,False,False,False
3,3,220.0,30.99104,30.0537,3,0,0,0,0,0,0,0,0,0,30000.0,9,73.33333333333333,1.3636363636363635,0,16.02378508137718,15.585265227956793,16.01134442508541,False,True,False,True,False,True,False,False,False,False,False,False,False,False,False,False,False,False,False
0,1,27.0,30.006447,31.0985889,21,1,1,0,1,1,1,1,1,1,77037.03703703704,0,60.0,77.77777777777777,8,16.10616420501588,14.753009491737494,16.01134442508541,False,True,False,False,True,True,False,False,False,False,False,False,False,False,False,False,False,False,False
2,2,120.0,29.951709071432,31.572522435582,7,0,0,1,1,1,0,0,0,0,75000.0,4,60.0,5.833333333333334,3,16.282847171369255,16.200596964551092,16.066802461833923,False,False,True,True,False,True,False,False,False,False,False,False,False,False,False,False,False,False,False
2,2,125.0,30.01321,31.48737,26,1,1,1,0,1,1,1,1,0,64000.0,4,62.5,20.8,7,16.282847171369255,16.173530452453797,16.066802461833923,True,False,False,False,True,True,False,False,False,False,False,False,False,False,False,False,False,False,False
3,4,200.0,30.073028969307,30.965373520242,23,1,1,1,1,1,1,1,1,1,26000.0,12,66.66666666666667,11.5,9,16.02378508137718,17.310868988875562,16.01134442508541,False,True,False,True,False,True,False,False,False,False,False,False,False,False,False,False,False,False,False
4,4,285.0,30.0920272,31.4838462,11,0,0,1,0,1,1,0,0,0,66666.66666666667,16,71.25,3.8596491228070176,3,16.282847171369255,16.489659276356317,16.066802461833923,False,True,False,True,False,False,False,False,False,False,False,False,False,False,False,False,False,True,False
4,5,140.0,29.39286,32.5399151,20,1,0,1,1,1,1,0,0,1,107142.85714285714,20,35.0,14.285714285714286,6,15.747032114495013,16.15731646026544,15.747032114495013,False,True,False,True,False,False,False,False,False,False,False,False,False,False,False,False,True,False,False
4,3,350.0,30.0552644,30.9754612,0,0,0,0,0,0,0,0,0,0,9142.857142857143,12,87.5,0.0,0,16.02378508137718,14.978661680269907,16.01134442508541,False,False,True,True,False,False,False,False,False,False,False,False,False,True,False,False,False,False,False
3,3,150.0,30.09177585,31.6426486,44,1,1,0,1,1,1,1,1,1,60000.0,9,50.0,29.333333333333332,8,15.93111255107345,15.88868261241667,16.066802461833923,False,True,False,True,False,True,False,False,False,False,False,False,False,False,False,False,False,False,False
3,4,245.0,30.04842577295,31.501481164322,0,0,0,0,0,0,0,0,0,0,64927.755102040814,12,81.66666666666667,0.0,0,16.282847171369255,16.29204904211537,16.066802461833923,False,False,True,False,True,False,False,False,False,False,False,False,False,False,False,False,False,False,True
4,3,650.0,30.0758544,31.4716547,26,1,1,1,1,1,1,1,1,0,64615.38461538462,12,162.5,4.0,8,16.282847171369255,16.489659276356317,16.066802461833923,False,False,True,True,False,False,False,False,False,False,False,False,False,False,False,False,False,True,False
2,1,65.0,29.980065,31.4229475,4,0,0,0,0,0,0,0,0,0,23076.923076923078,2,32.5,6.153846153846153,0,16.282847171369255,15.79591728085829,16.066802461833923,True,False,False,True,False,True,False,False,False,False,False,False,False,False,False,False,False,False,False
2,2,145.0,30.04019814144,31.539969035582,5,1,1,1,1,0,0,0,0,0,98448.27586206897,4,72.5,3.4482758620689657,4,16.282847171369255,16.29204904211537,16.066802461833923,False,False,True,True,False,True,False,False,False,False,False,False,False,False,False,False,False,False,False
3,3,193.0,29.9842656,31.540594,24,1,1,1,0,1,1,1,1,0,69948.1865284974,9,64.33333333333333,12.435233160621761,7,16.282847171369255,16.29204904211537,16.066802461833923,False,True,False,True,False,True,False,False,False,False,False,False,False,False,False,False,False,False,False
2,2,85.0,30.996363,28.6804318,10,1,0,1,1,0,0,0,0,0,84705.88235294117,4,42.5,11.764705882352942,3,16.345788916607955,16.785925074816024,16.345788916607955,False,False,True,True,False,False,False,True,False,False,False,False,False,False,False,False,False,False,False
5,5,386.0,30.0600801,31.5985531,10,0,0,1,0,1,1,0,0,0,54404.145077720204,25,77.2,2.5906735751295336,3,16.282847171369255,16.29204904211537,16.066802461833923,False,True,False,True,False,False,False,False,False,False,False,False,False,False,False,False,False,True,False
3,3,192.0,29.9978985,31.63101061,8,0,1,0,1,0,0,1,0,0,33854.166666666664,9,64.0,4.166666666666667,3,15.616501940217244,15.607270193858982,16.066802461833923,False,True,False,True,False,True,False,False,False,False,False,False,False,False,False,False,False,False,False
3,2,200.0,30.10226,31.37633,7,0,0,1,0,0,0,0,0,0,60000.0,6,66.66666666666667,3.5,1,15.803385043104912,16.112782623645305,16.066802461833923,False,True,False,True,False,True,False,False,False,False,False,False,False,False,False,False,False,False,False
3,2,96.0,29.672309,32.357249,50,1,1,1,1,1,1,1,1,1,36458.333333333336,6,32.0,52.083333333333336,9,15.747032114495013,16.213405921671733,15.747032114495013,False,True,False,True,False,False,False,True,False,False,False,False,False,False,False,False,False,False,False
3,2,146.0,30.001297636918,31.784604233077,0,0,0,0,0,0,0,0,0,0,31356.164383561645,6,48.666666666666664,0.0,0,15.616501940217244,15.384361031701085,16.066802461833923,False,True,False,False,True,True,False,False,False,False,False,False,False,False,False,False,False,False,False
4,3,225.0,29.99352595,31.5196573,0,0,0,0,0,0,0,0,0,0,35111.11111111111,12,56.25,0.0,0,16.282847171369255,16.29204904211537,16.066802461833923,False,True,False,True,False,True,False,False,False,False,False,False,False,False,False,False,False,False,False
2,2,138.0,30.090647810305,31.377698496569,0,0,0,0,0,0,0,0,0,0,50434.782608695656,4,69.0,0.0,0,15.803385043104912,15.803385043104912,16.066802461833923,False,True,False,True,False,True,False,False,False,False,False,False,False,False,False,False,False,False,False
2,1,103.0,29.95185,31.31256,16,0,0,0,0,1,1,0,0,1,28247.572815533982,2,51.5,15.533980582524272,3,15.230349646082692,15.133793976061913,16.066802461833923,False,True,False,False,True,True,False,False,False,False,False,False,False,False,False,False,False,False,False
5,5,536.0,29.9844638,30.8817192,12,1,1,1,1,1,1,0,0,0,25186.567164179105,25,107.2,2.2388059701492535,6,16.10616420501588,15.56224706466147,16.01134442508541,False,False,True,False,True,False,False,False,False,False,False,False,False,False,False,False,False,True,False
3,3,175.0,31.0814176,28.0817098,7,0,0,0,0,1,1,0,0,0,82857.14285714286,9,58.333333333333336,4.0,2,16.345788916607955,16.264790116464905,16.345788916607955,False,True,False,False,True,False,False,False,False,False,False,False,False,False,False,True,False,False,False
3,4,234.0,29.9842656,31.540594,19,1,0,1,1,1,1,1,0,1,111111.11111111111,12,78.0,8.119658119658121,7,16.282847171369255,16.29204904211537,16.066802461833923,False,False,True,True,False,False,False,False,False,False,False,False,False,False,False,True,False,False,False
4,3,215.0,30.0351558,30.9440256,10,0,0,0,1,1,1,0,0,1,37209.3023255814,12,53.75,4.651162790697675,4,16.02378508137718,15.027451829558391,16.01134442508541,False,True,False,True,False,True,False,False,False,False,False,False,False,False,False,False,False,False,False
3,3,220.0,29.9884249,31.4208019,5,0,0,0,0,0,1,0,0,0,34090.90909090909,9,73.33333333333333,2.2727272727272725,1,16.282847171369255,15.79591728085829,16.066802461833923,False,True,False,True,False,True,False,False,False,False,False,False,False,False,False,False,False,False,False
2,1,113.0,30.163528044741,31.677762679717,10,0,0,1,0,1,1,0,0,1,31283.185840707964,2,56.5,8.849557522123895,4,16.300417291085605,16.066802461833923,16.066802461833923,False,False,True,False,True,True,False,False,False,False,False,False,False,False,False,False,False,False,False
3,3,450.0,30.917731,30.0636166,9,0,0,1,1,1,0,0,0,0,50000.0,9,150.0,2.0,3,16.02378508137718,17.622173069956816,16.01134442508541,False,True,False,True,False,False,False,False,False,False,False,False,False,False,False,False,True,False,False
4,5,255.0,29.976979,31.7797175,33,1,1,1,1,1,0,1,1,1,39215.686274509804,20,63.75,12.941176470588236,8,15.616501940217244,15.384361031701085,16.066802461833923,False,True,False,False,True,False,False,False,False,False,False,False,False,False,False,False,False,True,False
1,1,91.0,30.06603,31.48561,0,0,0,0,0,0,0,0,0,0,53296.703296703294,1,91.0,0.0,0,16.282847171369255,15.86963441986494,16.066802461833923,False,True,False,True,False,True,False,False,False,False,False,False,False,False,False,False,False,False,False
2,2,128.0,29.95833430058,31.758356812362,33,1,1,1,1,1,0,1,1,1,27752.5,4,64.0,25.78125,8,15.616501940217244,15.297238039382105,16.066802461833923,False,True,False,False,True,True,False,False,False,False,False,False,False,False,False,False,False,False,False
4,4,200.0,30.0648376,30.94684,9,1,1,1,1,1,1,1,1,0,30000.0,16,50.0,4.5,8,16.02378508137718,15.803385043104912,16.01134442508541,False,False,True,True,False,True,False,False,False,False,False,False,False,False,False,False,False,False,False
3,3,200.0,30.0726483,30.9654218,13,0,1,1,1,1,1,0,0,0,64500.0,9,66.66666666666667,6.5,5,16.02378508137718,16.300417291085605,16.01134442508541,True,False,False,True,False,True,False,False,False,False,False,False,False,False,False,False,False,False,False
3,3,170.0,29.989265,31.0075456,12,1,1,0,0,1,1,0,0,1,88235.29411764706,9,56.666666666666664,7.0588235294117645,5,16.10616420501588,15.984548045826063,16.01134442508541,False,True,False,False,True,True,False,False,False,False,False,False,False,False,False,False,False,False,False
3,3,175.0,29.963261324748,31.771264172865,21,1,0,0,1,1,0,1,1,1,29347.497142857144,9,58.333333333333336,12.0,6,15.616501940217244,15.384361031701085,16.066802461833923,False,True,False,False,True,False,False,False,True,False,False,False,False,False,False,False,False,False,False
3,2,116.0,29.39286,32.5399151,33,1,1,1,1,1,1,1,0,1,61206.89655172414,6,38.666666666666664,28.448275862068968,8,15.747032114495013,16.15731646026544,15.747032114495013,False,True,False,False,True,False,False,True,False,False,False,False,False,False,False,False,False,False,False
2,2,128.0,29.952544445333,30.953627157671,17,1,1,1,1,1,1,1,1,1,39642.5,4,64.0,13.28125,9,16.10616420501588,15.439687515057168,16.01134442508541,False,False,True,False,True,True,False,False,False,False,False,False,False,False,False,False,False,False,False
2,2,150.0,30.0141854,31.0769017,13,0,0,1,0,0,0,0,0,0,58500.0,4,75.0,8.666666666666666,1,16.10616420501588,16.20423135360026,16.01134442508541,False,False,True,False,True,True,False,False,False,False,False,False,False,False,False,False,False,False,False
3,2,162.0,30.0713212,31.5772612,42,1,1,1,1,1,1,1,1,1,48148.148148148146,6,54.0,25.925925925925924,9,16.282847171369255,16.29204904211537,16.066802461833923,False,True,False,True,False,True,False,False,False,False,False,False,False,False,False,False,False,False,False
5,5,460.0,30.0074176,31.4887433,25,1,1,1,1,1,0,1,1,1,58695.65217391304,25,92.0,5.434782608695652,8,16.282847171369255,16.29204904211537,16.066802461833923,False,True,False,True,False,False,False,False,False,False,False,False,False,False,False,False,False,True,False
2,2,101.0,29.939662391024,31.564651421584,20,1,1,1,1,0,0,1,1,0,39603.960396039605,4,50.5,19.801980198019802,6,16.282847171369255,16.200596964551092,16.066802461833923,False,True,False,False,True,True,False,False,False,False,False,False,False,False,False,False,False,False,False
3,2,139.0,30.09177585,31.6426486,28,1,1,1,1,1,0,1,1,1,46762.589928057554,6,46.333333333333336,20.143884892086334,8,15.93111255107345,15.88868261241667,16.066802461833923,False,True,False,True,False,True,False,False,False,False,False,False,False,False,False,False,False,False,False
0,1,65.0,30.096464,31.6670565,9,1,1,0,0,1,1,0,0,0,53000.0,0,60.0,13.846153846153845,4,15.93111255107345,16.118095750958314,16.066802461833923,False,True,False,False,True,True,False,False,False,False,False,False,False,False,False,False,False,False,False
4,3,628.0,30.14421,31.63972,4,0,0,0,0,0,0,0,0,0,50955.41401273885,12,157.0,0.6369426751592356,0,16.088423555642784,17.24897723248688,16.066802461833923,False,True,False,True,False,False,False,False,False,False,False,False,False,False,False,False,False,True,False
4,4,212.0,30.01321,31.48737,8,0,1,0,1,0,1,0,0,0,45990.56603773585,16,53.0,3.773584905660377,3,16.282847171369255,16.173530452453797,16.066802461833923,False,True,False,True,False,False,False,False,False,False,False,False,False,False,False,False,False,True,False
2,3,108.0,31.0789366,28.1843221,7,0,0,0,0,1,0,0,0,1,93981.48148148147,6,54.0,6.481481481481481,2,16.345788916607955,16.264790116464905,16.345788916607955,False,True,False,False,True,False,False,False,True,False,False,False,False,False,False,False,False,False,False
3,3,240.0,30.14421,31.63972,37,0,1,1,1,1,1,0,0,1,19562.5,9,80.0,15.416666666666668,6,16.088423555642784,15.35237799261728,16.066802461833923,False,True,False,False,True,True,False,False,False,False,False,False,False,False,False,False,False,False,False
3,3,140.0,30.0753933,31.6265648,16,1,1,1,0,1,0,0,0,1,44000.0,9,46.666666666666664,11.428571428571429,5,15.82707481102028,16.221521518404195,16.066802461833923,False,True,False,False,True,True,False,False,False,False,False,False,False,False,False,False,False,False,False
2,2,136.0,30.9628937,28.7565892,12,1,1,1,0,1,1,1,0,0,143382.35294117648,4,68.0,8.823529411764705,6,16.345788916607955,16.785925074816024,16.345788916607955,True,False,False,True,False,False,False,True,False,False,False,False,False,False,False,False,False,False,False
3,1,125.0,30.14421,31.63972,29,0,0,1,0,1,1,0,0,1,21200.0,3,41.666666666666664,23.2,4,16.088423555642784,15.35237799261728,16.066802461833923,False,True,False,True,False,True,False,False,False,False,False,False,False,False,False,False,False,False,False
0,1,59.0,30.0941611,31.7041108,11,0,1,0,1,0,1,0,0,0,46610.16949152543,0,60.0,18.64406779661017,3,15.82707481102028,15.793051943818522,16.066802461833923,False,True,False,False,True,True,False,False,False,False,False,False,False,False,False,False,False,False,False
4,5,330.0,30.9628937,28.7565892,32,1,1,1,1,0,0,1,1,0,151515.15151515152,20,82.5,9.696969696969697,6,16.345788916607955,16.785925074816024,16.345788916607955,False,True,False,True,False,False,False,False,False,False,False,False,False,False,False,False,False,True,False
4,4,289.0,30.0102788,31.5379067,16,0,1,1,0,1,1,0,0,1,124134.94809688581,16,72.25,5.536332179930795,5,16.282847171369255,16.29204904211537,16.066802461833923,False,False,True,True,False,True,False,False,False,False,False,False,False,False,False,False,False,False,False
4,4,220.0,29.980463,31.3854644,6,0,0,1,0,0,0,0,0,0,53550.0,16,55.0,2.727272727272727,1,16.087842710858826,16.185754392890075,16.066802461833923,False,False,True,True,False,False,False,False,False,False,False,False,True,False,False,False,False,False,False
3,2,151.0,30.113711177364,31.667492635582,24,1,1,1,1,1,0,0,0,0,45079.470198675495,6,50.333333333333336,15.894039735099337,5,16.088423555642784,15.71038754402484,16.066802461833923,False,False,True,False,True,True,False,False,False,False,False,False,False,False,False,False,False,False,False
3,3,195.0,29.96838486,31.78096352,45,1,1,1,1,1,1,1,1,1,30769.23076923077,9,65.0,23.076923076923077,9,15.616501940217244,15.47387486262937,16.066802461833923,False,True,False,False,True,True,False,False,False,False,False,False,False,False,False,False,False,False,False
2,2,120.0,30.118908615659,31.652102804902,7,0,0,1,1,1,0,0,0,0,59166.666666666664,4,60.0,5.833333333333334,3,16.088423555642784,15.899927389451875,16.066802461833923,False,False,True,True,False,True,False,False,False,False,False,False,False,False,False,False,False,False,False
3,3,230.0,31.21536,29.94034,0,0,0,0,0,0,0,0,0,0,28260.869565217392,9,76.66666666666667,0.0,0,15.830413711839864,15.754226482185867,15.851522672265068,False,True,False,True,False,True,False,False,False,False,False,False,False,False,False,False,False,False,False
4,5,400.0,30.0029471,31.595582,12,0,0,1,1,1,0,0,0,1,61250.0,20,100.0,3.0,4,15.616501940217244,16.956410275190038,16.066802461833923,False,True,False,True,False,False,False,False,False,False,False,False,False,False,False,False,False,True,False
3,2,118.0,31.0789366,28.1843221,7,0,0,0,0,1,0,0,0,1,98559.32203389831,6,39.333333333333336,5.932203389830509,2,16.345788916607955,16.264790116464905,16.345788916607955,False,True,False,False,True,False,False,True,False,False,False,False,False,False,False,False,False,False,False
0,1,81.0,30.06805,31.406379,22,0,1,1,0,1,1,0,0,1,44444.444444444445,0,60.0,27.160493827160494,5,16.282847171369255,16.489659276356317,16.066802461833923,False,True,False,False,True,True,False,False,False,False,False,False,False,False,False,False,False,False,False
2,2,90.0,30.834438,28.963224,34,1,1,1,1,1,1,1,1,1,72222.22222222222,4,45.0,37.77777777777778,9,16.345788916607955,15.76142084987672,16.345788916607955,False,True,False,False,True,False,False,True,False,False,False,False,False,False,False,False,False,False,False
3,4,255.0,30.07349031,31.60085522,0,0,0,0,0,0,0,0,0,0,58823.529411764706,12,85.0,0.0,0,16.282847171369255,16.29204904211537,16.066802461833923,False,False,True,False,True,False,False,False,False,False,False,False,False,False,False,False,False,False,True
2,1,108.0,30.06229462,30.91045572,24,0,0,1,1,1,1,0,0,1,37037.03703703704,2,54.0,22.22222222222222,5,16.02378508137718,15.332987272471732,16.01134442508541,False,True,False,False,True,True,False,False,False,False,False,False,False,False,False,False,False,False,False
3,2,140.0,31.2155235,29.9420061,3,0,0,0,0,0,0,0,0,0,56150.0,6,46.666666666666664,2.142857142857143,0,15.830413711839864,15.805301014415544,15.851522672265068,False,True,False,False,True,True,False,False,False,False,False,False,False,False,False,False,False,False,False
3,2,155.0,31.0228412,28.5255196,5,0,0,0,0,0,1,0,0,0,44516.12903225807,6,51.666666666666664,3.225806451612903,1,16.345788916607955,15.956959012430428,16.345788916607955,False,False,True,True,False,False,False,False,False,False,False,False,False,False,False,True,False,False,False
3,3,165.0,30.0669117,31.3375553,13,1,1,1,0,1,1,0,0,0,31515.151515151516,9,55.0,7.878787878787879,5,15.82707481102028,15.687312888712007,16.066802461833923,False,True,False,False,True,True,False,False,False,False,False,False,False,False,False,False,False,False,False
3,2,225.0,31.22077,29.93721,3,0,0,0,0,0,0,0,0,0,23111.11111111111,6,75.0,1.3333333333333333,0,15.46416937585933,15.46416937585933,15.851522672265068,False,True,False,True,False,True,False,False,False,False,False,False,False,False,False,False,False,False,False
2,3,130.0,26.8608814,33.944639,1,0,0,0,0,0,0,0,0,0,86153.84615384616,6,65.0,0.7692307692307692,0,16.3394119477972,16.189539487919134,16.233206958474412,False,True,False,True,False,False,False,True,False,False,False,False,False,False,False,False,False,False,False
4,4,286.0,30.166137,31.6680496,0,0,0,0,0,0,0,0,0,0,55594.405594405594,16,71.5,0.0,0,16.300417291085605,16.486367704879513,16.066802461833923,False,True,False,True,False,False,False,False,False,False,False,False,False,False,False,False,True,False,False
4,3,315.0,30.0102788,31.5379067,5,0,1,1,1,0,0,0,0,0,111111.11111111111,12,78.75,1.5873015873015874,3,16.282847171369255,16.29204904211537,16.066802461833923,False,False,True,True,False,False,False,False,False,False,False,False,False,False,False,False,False,True,False
3,2,150.0,31.0081696,28.608729,19,0,0,1,0,1,0,0,0,1,93333.33333333333,6,50.0,12.666666666666666,3,16.345788916607955,16.785925074816024,16.345788916607955,False,True,False,True,False,False,False,True,False,False,False,False,False,False,False,False,False,False,False
3,4,220.0,30.166137,31.6680496,7,0,0,0,1,1,1,0,0,0,177272.72727272726,12,73.33333333333333,3.1818181818181817,3,16.300417291085605,16.486367704879513,16.066802461833923,False,True,False,True,False,False,False,False,False,False,False,False,False,False,False,True,False,False,False
4,4,357.0,30.9447479,28.7978345,41,1,1,1,1,1,1,1,1,1,84033.61344537816,16,89.25,11.484593837535014,9,16.345788916607955,16.785925074816024,16.345788916607955,True,False,False,True,False,False,False,False,False,False,False,False,False,False,False,False,False,True,False
4,4,245.0,30.0091875,31.5108125,13,1,1,1,1,1,1,0,1,0,59693.87755102041,16,61.25,5.3061224489795915,7,16.282847171369255,16.489659276356317,16.066802461833923,False,False,True,True,False,False,False,False,False,False,False,False,False,False,False,False,False,True,False
2,1,98.0,29.972452115727,31.32859791534,4,0,0,0,0,0,0,0,0,0,30612.244897959183,2,49.0,4.081632653061225,0,15.230349646082692,14.914123179965662,16.066802461833923,False,True,False,True,False,True,False,False,False,False,False,False,False,False,False,False,False,False,False
3,2,230.0,30.0671696,31.4693123,4,0,0,0,0,0,0,0,0,0,28695.652173913044,6,76.66666666666667,1.7391304347826089,0,16.282847171369255,16.489659276356317,16.066802461833923,False,True,False,True,False,True,False,False,False,False,False,False,False,False,False,False,False,False,False
3,2,154.0,29.9437103,31.7072124,0,0,0,0,0,0,0,0,0,0,28246.753246753247,6,51.333333333333336,0.0,0,15.616501940217244,15.285686632949897,16.066802461833923,False,True,False,True,False,True,False,False,False,False,False,False,False,False,False,False,False,False,False
3,3,155.0,29.98644,31.16651,5,0,0,1,0,0,0,0,0,0,15161.290322580646,9,51.666666666666664,3.225806451612903,1,14.88022163978423,14.751604309291395,16.01134442508541,False,True,False,True,False,True,False,False,False,False,False,False,False,False,False,False,False,False,False
1,1,65.0,31.0665111,28.344066,25,1,1,1,1,1,1,1,0,1,86153.84615384616,1,65.0,38.46153846153846,8,16.345788916607955,15.572773764067886,16.345788916607955,False,True,False,False,True,False,False,True,False,False,False,False,False,False,False,False,False,False,False
2,2,103.0,31.0789366,28.1843221,6,0,0,1,0,0,0,0,0,0,58252.42718446602,4,51.5,5.825242718446602,1,16.345788916607955,16.264790116464905,16.345788916607955,False,True,False,True,False,False,False,True,False,False,False,False,False,False,False,False,False,False,False
3,3,210.0,30.09177585,31.6426486,24,0,0,0,0,1,1,0,0,1,57142.857142857145,9,70.0,11.428571428571429,3,15.93111255107345,15.88868261241667,16.066802461833923,False,True,False,True,False,True,False,False,False,False,False,False,False,False,False,False,False,False,False
3,3,176.0,30.0662855,31.4744728,20,1,1,1,1,0,1,0,1,0,119318.18181818182,9,58.666666666666664,11.363636363636363,6,16.282847171369255,16.29204904211537,16.066802461833923,False,True,False,True,False,True,False,False,False,False,False,False,False,False,False,False,False,False,False
2,3,138.0,30.090647810305,31.377698496569,0,0,0,0,0,0,0,0,0,0,50724.637681159424,6,69.0,0.0,0,15.803385043104912,15.803385043104912,16.066802461833923,False,False,True,True,False,True,False,False,False,False,False,False,False,False,False,False,False,False,False
4,4,300.0,29.9842656,31.540594,0,0,0,0,0,0,0,0,0,0,55000.0,16,75.0,0.0,0,16.282847171369255,16.29204904211537,16.066802461833923,False,True,False,True,False,False,False,False,False,False,False,False,False,False,False,True,False,False,False
3,2,120.0,30.9803864,28.7146239,32,1,1,1,1,1,1,0,0,1,42500.0,6,40.0,26.666666666666668,7,16.345788916607955,15.76142084987672,16.345788916607955,False,True,False,True,False,False,False,True,False,False,False,False,False,False,False,False,False,False,False
5,5,409.0,30.996363,28.6804318,20,0,1,1,1,1,1,0,0,1,34229.828850855745,25,81.8,4.88997555012225,6,16.345788916607955,16.785925074816024,16.345788916607955,False,True,False,True,False,False,False,False,False,False,False,False,False,False,False,False,False,True,False
4,3,280.0,31.23222,29.94942,4,0,0,0,0,0,0,0,0,0,50892.857142857145,12,70.0,1.4285714285714286,0,15.894952224644102,15.894952224644102,15.851522672265068,False,True,False,True,False,True,False,False,False,False,False,False,False,False,False,False,False,False,False
2,2,115.0,31.0952654,27.9249993,37,1,1,1,1,1,1,1,1,1,86956.52173913043,4,57.5,32.173913043478265,9,16.345788916607955,16.264790116464905,16.345788916607955,False,True,False,True,False,False,False,False,False,False,False,False,True,False,False,False,False,False,False
2,2,115.0,29.96511984,31.54484867,0,0,0,0,0,0,0,0,0,0,57391.30434782609,4,57.5,0.0,0,16.282847171369255,16.29204904211537,16.066802461833923,False,False,True,True,False,True,False,False,False,False,False,False,False,False,False,False,False,False,False
3,2,168.0,31.082957585789,28.032116949628,12,0,1,0,0,1,1,1,1,0,65476.19047619047,6,56.0,7.142857142857143,5,16.345788916607955,16.264790116464905,16.345788916607955,True,False,False,True,False,False,False,False,False,False,False,False,True,False,False,False,False,False,False
3,3,175.0,30.09177585,31.6426486,28,0,0,1,0,1,1,0,0,1,64000.0,9,58.333333333333336,16.0,4,15.93111255107345,15.88868261241667,16.066802461833923,False,True,False,True,False,True,False,False,False,False,False,False,False,False,False,False,False,False,False
4,4,212.0,30.01321,31.48737,18,1,1,1,1,0,0,1,1,0,50000.0,16,53.0,8.49056603773585,6,16.282847171369255,16.173530452453797,16.066802461833923,False,True,False,False,True,False,False,False,False,False,False,False,False,False,False,False,False,True,False
1,1,77.0,29.9633661,31.0009178,19,1,1,0,1,1,1,1,1,0,90909.09090909091,1,77.0,24.675324675324674,7,16.10616420501588,15.988839917212927,16.01134442508541,False,True,False,False,True,True,False,False,False,False,False,False,False,False,False,False,False,False,False
3,4,244.0,29.9842656,31.540594,12,0,1,1,1,0,1,0,0,0,68995.90163934426,12,81.33333333333333,4.918032786885246,4,16.282847171369255,16.29204904211537,16.066802461833923,False,True,False,True,False,False,False,False,False,False,False,False,False,False,False,False,False,True,False
4,3,209.0,30.0050838,30.9290455,33,1,1,1,1,1,1,1,1,0,46507.17703349282,12,52.25,15.789473684210527,8,16.10616420501588,15.930560647738732,16.01134442508541,False,True,False,True,False,False,False,False,False,False,False,False,False,False,False,False,False,True,False
4,4,213.0,29.98517849,31.04999818,20,1,1,1,1,0,0,1,1,0,126760.56338028169,16,53.25,9.389671361502348,6,16.10616420501588,16.70097038315765,16.01134442508541,False,True,False,False,True,False,False,False,False,False,False,False,False,False,False,False,False,True,False
2,3,129.0,30.166137,31.6680496,4,0,0,0,0,0,0,0,0,0,73963.30232558139,6,64.5,3.1007751937984493,0,16.300417291085605,16.486367704879513,16.066802461833923,False,False,True,True,False,True,False,False,False,False,False,False,False,False,False,False,False,False,False
3,3,205.0,30.0050838,30.9290455,13,1,1,1,0,1,1,0,0,1,40975.60975609756,9,68.33333333333333,6.341463414634147,6,16.10616420501588,15.930560647738732,16.01134442508541,False,False,True,False,True,False,False,False,False,False,False,False,False,False,False,False,False,False,True
3,2,150.0,30.025231853058,31.477361069955,0,0,0,0,0,0,0,0,0,0,41333.333333333336,6,50.0,0.0,0,16.282847171369255,16.489659276356317,16.066802461833923,False,True,False,True,False,True,False,False,False,False,False,False,False,False,False,False,False,False,False
3,3,233.0,30.09177585,31.6426486,6,0,0,1,0,1,1,0,0,1,79399.14163090129,9,77.66666666666667,2.575107296137339,4,15.93111255107345,15.88868261241667,16.066802461833923,False,True,False,False,True,False,False,False,False,False,False,False,False,False,False,False,False,True,False
4,4,362.0,30.9447479,28.7978345,0,0,0,0,0,0,0,0,0,0,44198.89502762431,16,90.5,0.0,0,16.345788916607955,16.785925074816024,16.345788916607955,True,False,False,True,False,False,False,True,False,False,False,False,False,False,False,False,False,False,False
3,4,141.0,31.090860594552,28.137294790757,8,0,0,0,0,1,1,0,0,0,110815.60283687944,12,47.0,5.673758865248227,2,16.345788916607955,16.564382817586736,16.345788916607955,False,True,False,False,True,False,False,True,False,False,False,False,False,False,False,False,False,False,False
3,3,145.0,30.07349031,31.60085522,17,1,1,1,1,0,0,1,1,0,55172.41379310345,9,48.333333333333336,11.724137931034484,6,16.282847171369255,16.29204904211537,16.066802461833923,False,True,False,False,True,True,False,False,False,False,False,False,False,False,False,False,False,False,False
4,4,276.0,30.2013484,31.6804732,19,1,1,0,1,1,1,1,1,0,31884.057971014492,16,69.0,6.884057971014493,7,16.088423555642784,16.15957650726579,16.066802461833923,False,True,False,True,False,False,False,False,True,False,False,False,False,False,False,False,False,False,False
3,2,135.0,30.8627527,29.27810085,37,1,1,1,1,1,1,1,1,1,43185.18518518518,6,45.0,27.407407407407405,9,16.345788916607955,16.016547844430676,16.345788916607955,False,True,False,False,True,False,False,True,False,False,False,False,False,False,False,False,False,False,False
5,4,235.0,29.99792889,31.49372067,18,0,1,1,1,0,0,1,1,0,144680.8510638298,20,47.0,7.659574468085106,5,16.282847171369255,16.29204904211537,16.066802461833923,False,True,False,False,True,False,False,False,False,False,False,False,False,False,False,False,False,True,False
3,3,204.0,30.0495586,31.6140162,7,0,0,0,0,1,1,0,0,0,30637.254901960783,9,68.0,3.4313725490196076,2,15.82707481102028,15.47260375393688,16.066802461833923,False,True,False,True,False,True,False,False,False,False,False,False,False,False,False,False,False,False,False
5,5,505.0,30.0920272,31.4838462,16,1,1,1,1,1,1,0,0,1,63465.346534653465,25,101.0,3.1683168316831685,7,16.282847171369255,16.489659276356317,16.066802461833923,False,True,False,True,False,False,False,False,False,False,False,False,False,False,False,False,True,False,False
4,3,185.0,31.3543445,27.2373159,29,1,1,1,1,1,1,1,1,0,81081.08108108108,12,46.25,15.675675675675675,8,16.345788916607955,16.264790116464905,16.345788916607955,False,True,False,False,True,False,False,False,False,False,False,False,False,False,False,False,True,False,False
2,2,130.0,30.06805,31.406379,29,1,1,1,1,1,1,1,1,1,90700.0,4,65.0,22.307692307692307,9,16.282847171369255,16.489659276356317,16.066802461833923,False,True,False,False,True,True,False,False,False,False,False,False,False,False,False,False,False,False,False
2,2,92.0,31.082957585789,28.032116949628,17,1,1,0,1,0,1,0,0,0,81521.73913043478,4,46.0,18.478260869565215,4,16.345788916607955,16.264790116464905,16.345788916607955,True,False,False,True,False,False,False,True,False,False,False,False,False,False,False,False,False,False,False
5,4,245.0,30.0742797,31.5887794,0,0,0,0,0,0,0,0,0,0,50693.87755102041,20,49.0,0.0,0,16.282847171369255,16.29204904211537,16.066802461833923,False,True,False,True,False,False,False,False,False,False,False,False,False,False,False,False,False,True,False
3,4,164.0,30.025056,31.5948035,33,1,1,1,1,1,1,1,1,1,57926.829268292684,12,54.666666666666664,20.121951219512198,9,16.282847171369255,16.29204904211537,16.066802461833923,False,True,False,True,False,True,False,False,False,False,False,False,False,False,False,False,False,False,False
3,2,135.0,30.09177585,31.6426486,6,0,0,1,0,0,0,0,0,0,47407.40740740741,6,45.0,4.444444444444444,1,15.93111255107345,15.88868261241667,16.066802461833923,False,True,False,True,False,True,False,False,False,False,False,False,False,False,False,False,False,False,False
3,3,150.0,29.97070459671,31.796091226155,22,1,1,0,1,1,0,1,1,1,29838.0,9,50.0,14.666666666666666,7,15.616501940217244,15.375105071772207,16.066802461833923,False,True,False,False,True,True,False,False,False,False,False,False,False,False,False,False,False,False,False
4,4,290.0,30.0381444,31.0381771,25,1,1,1,1,0,1,1,1,0,34482.75862068965,16,72.5,8.620689655172415,7,16.02378508137718,15.974254731399089,16.01134442508541,False,False,True,True,False,False,False,False,False,False,False,False,True,False,False,False,False,False,False
3,3,159.0,29.9875186,31.5555302,17,1,1,1,1,0,0,0,1,0,66037.7358490566,9,53.0,10.69182389937107,5,16.282847171369255,16.29204904211537,16.066802461833923,False,True,False,False,True,True,False,False,False,False,False,False,False,False,False,False,False,False,False
3,2,145.0,30.14005,31.74103,3,0,0,0,0,0,0,0,0,0,12413.793103448275,6,48.333333333333336,2.0689655172413794,0,14.375126917328105,14.375126917328105,16.066802461833923,False,True,False,True,False,True,False,False,False,False,False,False,False,False,False,False,False,False,False
3,3,252.0,29.9707309,31.0369528,26,1,1,1,1,0,1,1,1,0,27777.777777777777,9,84.0,10.317460317460318,7,16.10616420501588,15.76142084987672,16.01134442508541,False,True,False,True,False,False,False,False,False,False,False,False,False,False,False,True,False,False,False
3,4,245.0,30.04842577295,31.501481164322,0,0,0,0,0,0,0,0,0,0,61004.08163265306,12,81.66666666666667,0.0,0,16.282847171369255,16.29204904211537,16.066802461833923,False,False,True,True,False,False,False,False,False,False,False,False,False,False,False,False,False,False,True
3,3,145.0,30.068527462055,31.64004459621,28,1,1,1,1,1,0,1,1,1,70896.55172413793,9,48.333333333333336,19.310344827586206,8,15.82707481102028,16.06690771944096,16.066802461833923,False,True,False,False,True,True,False,False,False,False,False,False,False,False,False,False,False,False,False
3,3,120.0,30.8604813,28.9360779,3,0,0,0,0,0,0,0,0,0,79466.66666666667,9,40.0,2.5,0,16.345788916607955,16.070584773153033,16.345788916607955,False,True,False,False,True,False,False,True,False,False,False,False,False,False,False,False,False,False,False
4,3,250.0,29.979887358979,31.314718290157,4,0,0,0,0,0,0,0,0,0,30000.0,12,62.5,1.6,0,15.230349646082692,15.830413711839864,16.066802461833923,False,True,False,True,False,True,False,False,False,False,False,False,False,False,False,False,False,False,False
3,2,208.0,30.0141854,31.0769017,46,1,1,1,1,1,1,1,1,1,33653.846153846156,6,69.33333333333333,22.115384615384613,9,16.10616420501588,16.20423135360026,16.01134442508541,True,False,False,False,True,True,False,False,False,False,False,False,False,False,False,False,False,False,False
2,2,103.0,31.0789366,28.1843221,25,1,1,1,1,0,1,1,1,0,74757.28155339806,4,51.5,24.271844660194173,7,16.345788916607955,16.264790116464905,16.345788916607955,False,False,True,False,True,False,False,True,False,False,False,False,False,False,False,False,False,False,False
3,2,190.0,29.9820789,30.9664711,7,0,0,0,0,0,0,0,0,0,23684.21052631579,6,63.333333333333336,3.68421052631579,0,16.10616420501588,15.830413711839864,16.01134442508541,False,True,False,True,False,True,False,False,False,False,False,False,False,False,False,False,False,False,False
3,2,131.0,30.01321,31.48737,6,0,1,0,1,1,1,0,0,0,45114.50381679389,6,43.666666666666664,4.580152671755725,4,16.282847171369255,16.173530452453797,16.066802461833923,False,True,False,True,False,True,False,False,False,False,False,False,False,False,False,False,False,False,False
3,1,160.0,31.21536,29.94034,0,0,0,0,0,0,0,0,0,0,32500.0,3,53.333333333333336,0.0,0,15.830413711839864,15.754226482185867,15.851522672265068,False,True,False,True,False,True,False,False,False,False,False,False,False,False,False,False,False,False,False
3,2,170.0,31.21536,29.94034,3,0,0,0,0,0,0,0,0,0,47058.82352941176,6,56.666666666666664,1.7647058823529411,0,15.830413711839864,15.754226482185867,15.851522672265068,False,True,False,True,False,True,False,False,False,False,False,False,False,False,False,False,False,False,False
5,5,201.0,30.166137,31.6680496,50,1,1,1,1,1,1,1,1,1,98507.46268656716,25,40.2,24.875621890547265,9,16.300417291085605,16.486367704879513,16.066802461833923,False,True,False,True,False,False,False,False,False,False,False,False,False,False,False,False,False,True,False
4,4,289.0,29.9924715,30.8920785,18,0,0,0,1,1,1,0,0,0,74394.46366782006,16,72.25,6.228373702422145,3,16.10616420501588,16.360729622918004,16.01134442508541,False,True,False,True,False,False,False,False,False,False,False,False,False,False,False,False,False,True,False
3,3,208.0,31.17310014,29.9287022,3,0,0,0,0,0,0,0,0,0,62000.0,9,69.33333333333333,1.4423076923076923,0,16.16000514993119,16.16000514993119,15.851522672265068,False,True,False,False,True,True,False,False,False,False,False,False,False,False,False,False,False,False,False
2,2,163.0,30.0246926,31.4940262,49,1,1,1,1,1,1,1,1,1,28220.85889570552,4,81.5,30.061349693251536,9,16.282847171369255,16.29204904211537,16.066802461833923,False,True,False,True,False,True,False,False,False,False,False,False,False,False,False,False,False,False,False
3,3,235.0,30.07349031,31.60085522,22,1,1,1,1,0,0,1,1,0,44203.5914893617,9,78.33333333333333,9.361702127659575,6,16.282847171369255,16.29204904211537,16.066802461833923,False,True,False,True,False,False,False,False,True,False,False,False,False,False,False,False,False,False,False
4,2,200.0,30.09177585,31.6426486,28,1,0,0,1,1,0,1,0,0,66500.0,8,50.0,14.0,4,15.93111255107345,15.88868261241667,16.066802461833923,True,False,False,True,False,True,False,False,False,False,False,False,False,False,False,False,False,False,False
3,3,245.0,31.3543445,27.2373159,7,0,0,0,1,0,1,0,0,0,77551.02040816327,9,81.66666666666667,2.8571428571428568,2,16.345788916607955,16.264790116464905,16.345788916607955,False,True,False,True,False,False,False,True,False,False,False,False,False,False,False,False,False,False,False
3,2,135.0,29.98644,31.16651,0,0,0,0,0,0,0,0,0,0,16888.88888888889,6,45.0,0.0,0,14.88022163978423,14.751604309291395,16.01134442508541,False,True,False,True,False,True,False,False,False,False,False,False,False,False,False,False,False,False,False
3,3,142.0,29.9819025,31.3772485,19,1,1,1,1,1,0,1,1,1,56338.028169014084,9,47.333333333333336,13.380281690140846,8,16.087842710858826,16.034714150714915,16.066802461833923,False,True,False,False,True,True,False,False,False,False,False,False,False,False,False,False,False,False,False
2,1,110.0,30.090647810305,31.377698496569,43,1,1,1,1,1,1,1,1,1,45454.545454545456,2,55.0,39.090909090909086,9,15.803385043104912,15.803385043104912,16.066802461833923,False,True,False,True,False,True,False,False,False,False,False,False,False,False,False,False,False,False,False
4,3,210.0,29.9294519,30.9148066,0,0,0,0,0,0,0,0,0,0,16000.0,12,52.5,0.0,0,16.10616420501588,15.027451829558391,16.01134442508541,False,True,False,True,False,True,False,False,False,False,False,False,False,False,False,False,False,False,False
3,2,145.0,30.0678135,31.5215178,3,0,1,1,1,0,0,0,0,0,58620.68965517241,6,48.333333333333336,2.0689655172413794,3,16.282847171369255,16.29204904211537,16.066802461833923,False,True,False,True,False,False,False,False,False,False,False,False,True,False,False,False,False,False,False
3,2,150.0,31.0788548,27.9963244,29,1,1,1,1,1,1,1,1,0,110000.0,6,50.0,19.333333333333332,8,16.345788916607955,16.264790116464905,16.345788916607955,True,False,False,True,False,False,False,True,False,False,False,False,False,False,False,False,False,False,False
3,2,137.0,30.001297636918,31.784604233077,24,1,1,1,1,1,1,0,0,1,54744.52554744526,6,45.666666666666664,17.51824817518248,7,15.616501940217244,15.384361031701085,16.066802461833923,False,True,False,True,False,True,False,False,False,False,False,False,False,False,False,False,False,False,False
3,2,210.0,30.0208035,31.4247196,20,0,0,1,1,1,0,0,0,1,33333.333333333336,6,70.0,9.523809523809524,4,16.282847171369255,16.29204904211537,16.066802461833923,False,True,False,True,False,False,False,False,True,False,False,False,False,False,False,False,False,False,False
3,2,140.0,29.91637,31.06103,23,0,0,1,1,1,1,0,0,1,26000.0,6,46.666666666666664,16.42857142857143,5,15.279199431073042,15.10749451433816,16.01134442508541,False,True,False,False,True,True,False,False,False,False,False,False,False,False,False,False,False,False,False
3,5,295.0,31.069445,28.121653,23,0,0,1,1,1,1,1,0,0,150847.45762711865,15,98.33333333333333,7.796610169491525,5,16.345788916607955,16.803467733629535,16.345788916607955,False,True,False,True,False,False,False,False,False,False,False,False,False,False,False,False,True,False,False
4,4,250.0,30.07349031,31.60085522,18,1,1,1,1,0,0,1,1,0,56000.0,16,62.5,7.2,6,16.282847171369255,16.29204904211537,16.066802461833923,False,False,True,False,True,False,False,False,False,False,False,False,False,False,False,False,False,False,True
3,3,159.0,30.06805,31.406379,15,0,1,1,0,1,1,1,1,0,42767.29559748428,9,53.0,9.433962264150942,6,16.282847171369255,16.489659276356317,16.066802461833923,False,True,False,True,False,True,False,False,False,False,False,False,False,False,False,False,False,False,False
2,2,138.0,30.0478192,31.5372842,3,0,0,0,0,0,0,0,0,0,80485.50724637682,4,69.0,2.173913043478261,0,16.282847171369255,16.29204904211537,16.066802461833923,False,False,True,True,False,True,False,False,False,False,False,False,False,False,False,False,False,False,False
4,4,496.0,30.02201225,31.3100159,15,0,0,1,1,1,1,0,0,1,72580.64516129032,16,124.0,3.024193548387097,5,15.830413711839864,16.97569742890161,16.066802461833923,True,False,False,True,False,False,False,False,False,False,False,False,False,False,False,False,False,True,False
3,2,167.0,30.0713212,31.5772612,10,1,1,0,1,1,0,1,1,0,62275.44910179641,6,55.666666666666664,5.9880239520958085,6,16.282847171369255,16.29204904211537,16.066802461833923,False,True,False,True,False,True,False,False,False,False,False,False,False,False,False,False,False,False,False
3,3,211.0,30.09177585,31.6426486,46,1,1,1,1,1,1,1,1,1,98578.1990521327,9,70.33333333333333,21.80094786729858,9,15.93111255107345,15.88868261241667,16.066802461833923,False,True,False,False,True,False,False,False,False,False,False,False,False,False,False,False,False,True,False
3,2,175.0,29.98644,31.16651,0,0,0,0,0,0,0,0,0,0,16571.428571428572,6,58.333333333333336,0.0,0,14.88022163978423,14.751604309291395,16.01134442508541,False,True,False,True,False,True,False,False,False,False,False,False,False,False,False,False,False,False,False
2,2,123.0,30.02203,31.30139,33,1,1,1,1,1,0,1,1,1,41926.829268292684,4,61.5,26.829268292682926,8,15.830413711839864,15.830413711839864,16.066802461833923,False,True,False,False,True,True,False,False,False,False,False,False,False,False,False,False,False,False,False
2,2,129.0,30.067731856701,31.692446717947,33,1,1,1,1,1,1,1,1,1,116279.06976744186,4,64.5,25.58139534883721,9,15.82707481102028,16.52356082573315,16.066802461833923,False,True,False,False,True,True,False,False,False,False,False,False,False,False,False,False,False,False,False
2,2,100.0,29.9652119,31.73612133,0,0,0,0,0,0,0,0,0,0,52000.0,4,50.0,0.0,0,15.616501940217244,15.46416937585933,16.066802461833923,False,False,True,True,False,True,False,False,False,False,False,False,False,False,False,False,False,False,False
3,1,163.0,29.9842757,31.3346859,3,0,0,0,0,0,0,0,0,0,18404.907975460123,3,54.333333333333336,1.8404907975460123,0,16.087842710858826,14.946392430117784,16.066802461833923,False,True,False,True,False,True,False,False,False,False,False,False,False,False,False,False,False,False,False
3,2,100.0,29.896143872645,31.069938879758,0,0,0,0,0,0,0,0,0,0,23000.0,6,33.333333333333336,0.0,0,15.279199431073042,14.648420115681892,16.01134442508541,False,True,False,True,False,True,False,False,False,False,False,False,False,False,False,False,False,False,False
2,1,81.0,30.09177585,31.6426486,25,0,0,1,0,1,0,1,0,1,64197.53086419753,2,40.5,30.864197530864196,4,15.93111255107345,15.88868261241667,16.066802461833923,True,False,False,True,False,True,False,False,False,False,False,False,False,False,False,False,False,False,False
3,3,168.0,29.9842656,31.540594,0,0,0,0,0,0,0,0,0,0,57142.857142857145,9,56.0,0.0,0,16.282847171369255,16.29204904211537,16.066802461833923,False,True,False,False,True,True,False,False,False,False,False,False,False,False,False,False,False,False,False
0,1,36.0,29.9773073,31.35916,15,1,1,1,0,0,1,0,0,0,62616.666666666664,0,60.0,41.66666666666667,4,16.087842710858826,14.628306144406377,16.066802461833923,False,True,False,True,False,True,False,False,False,False,False,False,False,False,False,False,False,False,False
3,3,213.0,30.125082,31.8853002,21,0,0,1,1,1,1,0,0,1,103286.38497652582,9,71.0,9.859154929577466,5,15.616501940217244,16.012735246411598,16.066802461833923,False,True,False,False,True,False,False,False,False,False,False,False,False,False,False,False,False,True,False
3,3,230.0,29.9483601,31.712132,18,1,1,1,0,1,0,1,1,0,19565.217391304348,9,76.66666666666667,7.82608695652174,6,15.616501940217244,15.319588176962746,16.066802461833923,False,True,False,True,False,True,False,False,False,False,False,False,False,False,False,False,False,False,False
3,3,181.0,29.9633661,31.0009178,14,1,1,1,1,1,0,1,1,0,35911.60220994475,9,60.333333333333336,7.734806629834254,7,16.10616420501588,15.988839917212927,16.01134442508541,False,True,False,True,False,True,False,False,False,False,False,False,False,False,False,False,False,False,False
3,2,145.0,29.9678067,31.5159872,13,0,1,0,0,1,1,1,0,0,24827.58620689655,6,48.333333333333336,8.965517241379311,4,16.282847171369255,16.29204904211537,16.066802461833923,False,False,True,False,True,True,False,False,False,False,False,False,False,False,False,False,False,False,False
3,3,200.0,30.166137,31.6680496,15,0,0,1,1,1,1,0,0,1,99700.0,9,66.66666666666667,7.5,5,16.300417291085605,16.486367704879513,16.066802461833923,False,False,True,True,False,False,False,False,False,False,False,False,False,False,False,False,False,True,False
3,3,220.0,30.055711985811,30.832810731553,15,0,0,1,1,1,1,0,0,1,74090.90909090909,9,73.33333333333333,6.8181818181818175,5,16.02378508137718,16.62486831228115,16.01134442508541,False,False,True,True,False,False,False,False,False,False,False,False,False,False,False,False,False,False,True
1,2,85.0,31.0952654,27.9249993,20,1,1,1,1,0,0,1,1,0,100000.0,2,85.0,23.529411764705884,6,16.345788916607955,16.264790116464905,16.345788916607955,False,True,False,True,False,False,False,True,False,False,False,False,False,False,False,False,False,False,False
4,4,299.0,26.9637262,33.8799191,19,1,1,1,1,0,0,1,1,0,66220.73578595318,16,74.75,6.354515050167223,6,16.801192546169812,16.320219916747796,16.233206958474412,False,True,False,True,False,False,False,False,False,False,False,False,False,False,False,False,False,True,False
2,2,110.0,31.0788548,27.9963244,3,0,0,1,0,0,0,0,0,0,345454.54545454547,4,55.0,2.727272727272727,1,16.345788916607955,16.264790116464905,16.345788916607955,False,True,False,True,False,False,False,True,False,False,False,False,False,False,False,False,False,False,False
6,4,505.0,30.0298889,31.41647,28,0,0,1,1,1,1,0,0,1,30693.067326732675,24,84.16666666666667,5.544554455445545,5,16.282847171369255,16.29204904211537,16.066802461833923,False,True,False,True,False,False,False,False,True,False,False,False,False,False,False,False,False,False,False
1,1,65.0,31.0952654,27.9249993,0,0,0,0,0,0,0,0,0,0,132307.6923076923,1,65.0,0.0,0,16.345788916607955,16.264790116464905,16.345788916607955,False,False,True,True,False,False,False,True,False,False,False,False,False,False,False,False,False,False,False
5,3,320.0,29.979887358979,31.314718290157,4,0,0,0,0,0,0,0,0,0,24687.5,15,64.0,1.25,0,15.230349646082692,15.830413711839864,16.066802461833923,False,True,False,True,False,True,False,False,False,False,False,False,False,False,False,False,False,False,False
1,1,63.0,31.0724538,28.2011747,0,0,0,0,0,0,0,0,0,0,111111.11111111111,1,63.0,0.0,0,16.345788916607955,16.264790116464905,16.345788916607955,False,True,False,False,True,False,False,True,False,False,False,False,False,False,False,False,False,False,False
3,3,170.0,30.0696585,31.5454876,0,0,0,0,0,0,0,0,0,0,20676.470588235294,9,56.666666666666664,0.0,0,16.282847171369255,16.29204904211537,16.066802461833923,False,True,False,False,True,True,False,False,False,False,False,False,False,False,False,False,False,False,False
3,3,151.0,30.113711177364,31.667492635582,22,1,1,1,1,1,1,1,1,1,43046.35761589404,9,50.333333333333336,14.56953642384106,9,16.088423555642784,15.71038754402484,16.066802461833923,False,True,False,True,False,True,False,False,False,False,False,False,False,False,False,False,False,False,False
3,4,180.0,30.9967183,28.6909805,5,0,0,0,0,0,0,0,0,0,133333.33333333334,12,60.0,2.7777777777777777,0,16.345788916607955,16.785925074816024,16.345788916607955,True,False,False,True,False,False,False,True,False,False,False,False,False,False,False,False,False,False,False
3,3,170.0,30.10226,31.37633,45,1,1,1,1,1,1,1,1,1,48501.470588235294,9,56.666666666666664,26.47058823529412,9,15.803385043104912,16.112782623645305,16.066802461833923,False,False,True,True,False,True,False,False,False,False,False,False,False,False,False,False,False,False,False
4,4,261.0,30.1158572,31.6235277,30,1,1,1,1,1,0,1,1,0,69731.80076628353,16,65.25,11.49425287356322,7,16.088423555642784,16.716932206992077,16.066802461833923,False,False,True,True,False,False,False,False,False,False,False,False,False,False,False,False,False,True,False
2,2,130.0,30.0364702,31.5525584,16,1,1,1,1,1,0,0,0,1,53076.92307692308,4,65.0,12.307692307692307,6,16.282847171369255,16.29204904211537,16.066802461833923,False,True,False,False,True,True,False,False,False,False,False,False,False,False,False,False,False,False,False
3,3,165.0,29.99833989,30.94280035,50,1,1,1,1,1,1,1,1,1,27272.727272727272,9,55.0,30.303030303030305,9,16.10616420501588,15.463429185410863,16.01134442508541,False,True,False,True,False,True,False,False,False,False,False,False,False,False,False,False,False,False,False
2,1,120.0,29.988206350003,31.476730158727,0,0,0,0,0,0,0,0,0,0,27083.333333333332,2,60.0,0.0,0,16.282847171369255,16.29204904211537,16.066802461833923,False,True,False,True,False,True,False,False,False,False,False,False,False,False,False,False,False,False,False
3,3,128.0,31.0789366,28.1843221,23,1,1,1,1,1,1,1,1,0,46591.171875,9,42.666666666666664,17.96875,8,16.345788916607955,16.264790116464905,16.345788916607955,False,True,False,True,False,False,False,True,False,False,False,False,False,False,False,False,False,False,False
2,3,130.0,31.0886599,27.9534117,12,1,0,1,1,0,0,0,0,0,128076.92307692308,6,65.0,9.23076923076923,3,16.345788916607955,16.264790116464905,16.345788916607955,False,False,True,True,False,False,False,True,False,False,False,False,False,False,False,False,False,False,False
3,3,140.0,31.069445,28.121653,48,1,1,1,1,1,1,1,1,1,117500.0,9,46.666666666666664,34.285714285714285,9,16.345788916607955,16.803467733629535,16.345788916607955,True,False,False,True,False,False,False,True,False,False,False,False,False,False,False,False,False,False,False
3,3,180.0,29.99352595,31.5196573,8,0,0,0,1,0,1,0,0,0,31111.11111111111,9,60.0,4.444444444444445,2,16.282847171369255,16.29204904211537,16.066802461833923,False,True,False,True,False,True,False,False,False,False,False,False,False,False,False,False,False,False,False
3,3,180.0,29.99352595,31.5196573,7,0,0,0,0,0,1,0,0,0,22222.222222222223,9,60.0,3.888888888888889,1,16.282847171369255,16.29204904211537,16.066802461833923,False,True,False,True,False,True,False,False,False,False,False,False,False,False,False,False,False,False,False
3,3,150.0,31.22161,29.9343,3,0,0,0,0,0,0,0,0,0,93333.33333333333,9,50.0,2.0,0,16.397903620640314,16.397903620640314,15.851522672265068,False,True,False,True,False,True,False,False,False,False,False,False,False,False,False,False,False,False,False
3,2,150.0,31.0788548,27.9963244,14,0,0,0,1,1,0,0,0,1,46666.666666666664,6,50.0,9.333333333333334,3,16.345788916607955,16.264790116464905,16.345788916607955,False,True,False,False,True,False,False,True,False,False,False,False,False,False,False,False,False,False,False
2,2,115.0,29.4705022,32.4537273,20,1,0,0,1,1,1,0,0,1,52173.913043478264,4,57.5,17.39130434782609,5,15.747032114495013,15.506518023422661,15.747032114495013,False,True,False,True,False,False,False,True,False,False,False,False,False,False,False,False,False,False,False
3,3,150.0,30.07349031,31.60085522,11,0,1,1,0,0,0,0,0,0,60000.0,9,50.0,7.333333333333333,2,16.282847171369255,16.29204904211537,16.066802461833923,False,True,False,False,True,True,False,False,False,False,False,False,False,False,False,False,False,False,False
1,2,75.0,28.715620708338,30.978711069679,21,1,1,1,0,1,1,1,1,0,76000.0,2,75.0,28.0,7,16.345788916607955,15.795822271763136,16.345788916607955,False,True,False,False,True,False,False,True,False,False,False,False,False,False,False,False,False,False,False
3,2,205.0,31.217609907318,29.956761057671,3,0,0,0,0,0,0,0,0,0,48000.0,6,68.33333333333333,1.4634146341463417,0,15.830413711839864,16.10196637065445,15.851522672265068,False,True,False,False,True,True,False,False,False,False,False,False,False,False,False,False,False,False,False
3,4,190.0,30.0102788,31.5379067,13,0,0,1,0,1,1,0,0,1,147368.42105263157,12,63.333333333333336,6.842105263157895,4,16.282847171369255,16.29204904211537,16.066802461833923,False,True,False,True,False,False,False,False,False,False,False,False,False,False,False,True,False,False,False
3,3,230.0,30.0029471,31.595582,1,0,0,0,0,0,0,0,0,0,95652.17391304347,9,76.66666666666667,0.4347826086956522,0,15.616501940217244,16.956410275190038,16.066802461833923,False,True,False,True,False,False,False,False,False,False,False,False,False,False,False,False,False,True,False
2,2,150.0,30.0662855,31.4744728,28,1,1,1,1,1,1,1,1,1,75000.0,4,75.0,18.666666666666668,9,16.282847171369255,16.29204904211537,16.066802461833923,False,True,False,True,False,True,False,False,False,False,False,False,False,False,False,False,False,False,False
5,2,280.0,31.22521,29.95421,3,0,0,0,0,0,0,0,0,0,42857.142857142855,10,56.0,1.0714285714285714,0,15.955576839107596,15.955576839107596,15.851522672265068,False,True,False,True,False,True,False,False,False,False,False,False,False,False,False,False,False,False,False
0,1,50.0,30.834438,28.963224,12,0,0,1,0,1,1,0,0,1,200000.0,0,60.0,24.0,4,16.345788916607955,15.76142084987672,16.345788916607955,True,False,False,True,False,False,False,True,False,False,False,False,False,False,False,False,False,False,False
4,4,248.0,31.0748331,28.0612823,49,1,1,1,1,1,1,1,1,1,161290.32258064515,16,62.0,19.758064516129032,9,16.345788916607955,17.128471962635032,16.345788916607955,True,False,False,True,False,False,False,False,False,False,False,False,False,False,False,False,False,True,False
3,2,130.0,29.960818253013,31.737367693202,15,0,0,1,0,0,1,0,0,1,36307.692307692305,6,43.333333333333336,11.538461538461538,3,15.616501940217244,15.671808704579888,16.066802461833923,False,False,True,True,False,True,False,False,False,False,False,False,False,False,False,False,False,False,False
3,2,125.0,31.082957585789,28.032116949628,36,1,1,1,1,1,0,1,1,1,81440.0,6,41.666666666666664,28.8,8,16.345788916607955,16.264790116464905,16.345788916607955,True,False,False,False,True,False,False,False,False,False,False,False,True,False,False,False,False,False,False
3,2,157.0,30.0497434,31.6242538,9,0,0,1,0,1,0,0,0,0,39000.0,6,52.333333333333336,5.732484076433121,2,15.82707481102028,15.424948670398354,16.066802461833923,False,True,False,True,False,True,False,False,False,False,False,False,False,False,False,False,False,False,False
3,3,140.0,29.91637,31.06103,0,0,0,0,0,0,0,0,0,0,25000.0,9,46.666666666666664,0.0,0,15.279199431073042,15.10749451433816,16.01134442508541,False,True,False,False,True,True,False,False,False,False,False,False,False,False,False,False,False,False,False
3,4,261.0,29.9978486,31.5048264,9,0,0,0,1,1,1,0,0,0,71706.3908045977,12,87.0,3.4482758620689657,3,16.282847171369255,16.29204904211537,16.066802461833923,False,True,False,False,True,False,False,False,False,False,False,False,False,False,False,True,False,False,False
5,4,304.0,30.0577847,30.939106,34,1,1,1,1,1,1,0,0,1,39473.68421052631,20,60.8,11.18421052631579,7,16.02378508137718,16.2791374856878,16.01134442508541,False,True,False,True,False,False,False,False,False,False,False,False,False,False,False,False,False,True,False
2,3,111.0,29.8561331,30.9018623,7,0,0,0,0,1,0,0,0,1,97207.2072072072,6,55.5,6.306306306306306,2,16.10616420501588,16.19413042991272,16.01134442508541,False,True,False,False,True,True,False,False,False,False,False,False,False,False,False,False,False,False,False
2,3,95.0,26.9653125,33.8830625,19,1,1,1,1,0,0,1,1,0,63157.89473684211,6,47.5,20.0,6,15.201805169084134,16.320219916747796,16.233206958474412,False,False,True,False,True,False,False,True,False,False,False,False,False,False,False,False,False,False,False
3,3,275.0,30.02121,31.22621,19,0,0,1,0,1,1,0,0,0,65454.545454545456,9,91.66666666666667,6.909090909090909,3,15.666161795020471,15.666161795020471,16.066802461833923,True,False,False,True,False,True,False,False,False,False,False,False,False,False,False,False,False,False,False
3,4,274.0,29.99792889,31.49372067,48,1,1,1,1,1,1,1,1,1,149270.07299270073,12,91.33333333333333,17.51824817518248,9,16.282847171369255,16.29204904211537,16.066802461833923,False,True,False,True,False,False,False,False,False,False,False,False,False,False,False,False,True,False,False
2,2,108.0,29.9771006,31.5720476,54,1,1,1,1,1,1,1,1,1,59864.25925925926,4,54.0,50.0,9,16.282847171369255,16.200596964551092,16.066802461833923,True,False,False,True,False,True,False,False,False,False,False,False,False,False,False,False,False,False,False
3,3,130.0,30.07349031,31.60085522,12,0,0,1,1,0,0,0,0,0,85384.61538461539,9,43.333333333333336,9.23076923076923,2,16.282847171369255,16.29204904211537,16.066802461833923,False,True,False,True,False,True,False,False,False,False,False,False,False,False,False,False,False,False,False
3,2,145.0,29.95185,31.31256,0,0,0,0,0,0,0,0,0,0,30344.827586206895,6,48.333333333333336,0.0,0,15.230349646082692,15.133793976061913,16.066802461833923,False,True,False,True,False,True,False,False,False,False,False,False,False,False,False,False,False,False,False
2,2,115.0,29.9771006,31.5720476,17,0,1,0,1,1,1,0,0,0,114782.60869565218,4,57.5,14.782608695652176,4,16.282847171369255,16.200596964551092,16.066802461833923,False,False,True,False,True,True,False,False,False,False,False,False,False,False,False,False,False,False,False
3,1,143.0,30.09177585,31.6426486,0,0,0,0,0,0,0,0,0,0,47552.44755244755,3,47.666666666666664,0.0,0,15.93111255107345,15.88868261241667,16.066802461833923,False,True,False,True,False,True,False,False,False,False,False,False,False,False,False,False,False,False,False
3,3,183.0,30.166137,31.6680496,2,0,0,1,0,0,0,0,0,0,151803.2786885246,9,61.0,1.0928961748633879,1,16.300417291085605,16.486367704879513,16.066802461833923,False,True,False,False,True,True,False,False,False,False,False,False,False,False,False,False,False,False,False
3,3,155.0,31.3543445,27.2373159,22,1,1,1,1,1,1,1,1,1,48387.096774193546,9,51.666666666666664,14.193548387096774,9,16.345788916607955,16.264790116464905,16.345788916607955,False,False,True,True,False,False,False,True,False,False,False,False,False,False,False,False,False,False,False
3,3,185.0,29.99352595,31.5196573,0,0,0,0,0,0,0,0,0,0,37297.2972972973,9,61.666666666666664,0.0,0,16.282847171369255,16.29204904211537,16.066802461833923,False,True,False,True,False,True,False,False,False,False,False,False,False,False,False,False,False,False,False
5,5,315.0,30.0526673,31.4886812,13,1,1,0,1,1,1,0,0,0,60317.46031746032,25,63.0,4.126984126984127,5,16.282847171369255,16.489659276356317,16.066802461833923,False,True,False,True,False,False,False,False,False,False,False,False,False,False,False,False,True,False,False
4,4,230.0,30.0029471,31.595582,7,0,0,1,0,0,0,0,0,0,94347.82608695653,16,57.5,3.0434782608695654,1,15.616501940217244,16.956410275190038,16.066802461833923,False,False,True,True,False,False,False,False,False,False,False,False,False,False,False,False,False,True,False
3,2,160.0,29.94522,30.99012,7,0,0,1,1,1,1,0,0,0,41562.5,6,53.333333333333336,4.375,4,16.10616420501588,15.319588176962746,16.01134442508541,False,False,True,True,False,True,False,False,False,False,False,False,False,False,False,False,False,False,False
3,3,160.0,30.0468424,30.998248,18,1,1,1,1,0,0,1,1,0,62500.0,9,53.333333333333336,11.25,6,16.02378508137718,15.862682968241984,16.01134442508541,False,True,False,True,False,True,False,False,False,False,False,False,False,False,False,False,False,False,False
5,6,424.0,30.9628937,28.7565892,23,1,1,1,1,0,0,1,1,0,153301.88679245283,30,84.8,5.4245283018867925,6,16.345788916607955,16.785925074816024,16.345788916607955,True,False,False,True,False,False,False,False,False,False,False,False,False,False,False,False,False,True,False
3,2,155.0,30.0941611,31.7041108,49,1,1,1,1,1,1,1,1,1,22580.645161290322,6,51.666666666666664,31.612903225806452,9,15.82707481102028,15.793051943818522,16.066802461833923,False,True,False,True,False,True,False,False,False,False,False,False,False,False,False,False,False,False,False
2,1,110.0,31.24605,29.99844,6,0,0,1,0,0,0,0,0,0,17181.81818181818,2,55.0,5.454545454545454,1,14.452087916136215,14.94841960495459,15.851522672265068,True,False,False,True,False,True,False,False,False,False,False,False,False,False,False,False,False,False,False
2,2,137.0,30.0455507,31.6578556,12,0,1,0,1,1,1,0,0,0,52554.744525547445,4,68.5,8.75912408759124,4,15.82707481102028,15.717618233614914,16.066802461833923,False,True,False,False,True,True,False,False,False,False,False,False,False,False,False,False,False,False,False
5,6,383.0,29.9633661,31.0009178,48,1,1,1,1,1,1,1,1,1,65274.15143603133,30,76.6,12.532637075718016,9,16.10616420501588,15.988839917212927,16.01134442508541,True,False,False,True,False,False,False,False,False,False,False,False,False,False,False,False,False,True,False
2,1,120.0,30.05171,31.21309,0,0,0,0,0,0,0,0,0,0,34166.666666666664,2,60.0,0.0,0,15.226497775576945,15.226497775576945,16.01134442508541,False,True,False,True,False,True,False,False,False,False,False,False,False,False,False,False,False,False,False
5,7,475.0,29.9842656,31.540594,33,1,1,1,1,1,1,1,1,1,88421.05263157895,35,95.0,6.947368421052632,9,16.282847171369255,16.29204904211537,16.066802461833923,False,True,False,True,False,False,False,False,False,False,False,False,False,False,False,False,False,True,False
1,1,70.0,29.9771006,31.5720476,9,0,1,1,0,1,1,0,0,1,112678.92857142857,1,70.0,12.857142857142858,5,16.282847171369255,16.200596964551092,16.066802461833923,False,False,True,False,True,True,False,False,False,False,False,False,False,False,False,False,False,False,False
3,3,176.0,29.904538109113,30.809852337428,31,1,1,1,1,1,1,1,1,1,18011.363636363636,9,58.666666666666664,17.613636363636363,9,16.10616420501588,14.9713852735813,16.01134442508541,False,True,False,False,True,True,False,False,False,False,False,False,False,False,False,False,False,False,False
2,1,90.0,30.09177585,31.6426486,33,1,1,0,1,1,1,1,1,1,61111.11111111111,2,45.0,36.666666666666664,8,15.93111255107345,15.88868261241667,16.066802461833923,False,True,False,True,False,True,False,False,False,False,False,False,False,False,False,False,False,False,False
3,3,140.0,30.04842577295,31.501481164322,13,0,1,1,1,0,0,0,0,0,57142.857142857145,9,46.666666666666664,9.285714285714286,3,16.282847171369255,16.29204904211537,16.066802461833923,False,True,False,False,True,True,False,False,False,False,False,False,False,False,False,False,False,False,False
1,1,83.0,30.06805,31.406379,0,0,0,0,0,0,0,0,0,0,44554.21686746988,1,83.0,0.0,0,16.282847171369255,16.489659276356317,16.066802461833923,False,False,True,False,True,True,False,False,False,False,False,False,False,False,False,False,False,False,False
3,3,140.0,31.0788548,27.9963244,17,1,1,1,1,0,0,1,1,0,171428.57142857142,9,46.666666666666664,12.142857142857144,6,16.345788916607955,16.264790116464905,16.345788916607955,False,False,True,True,False,False,False,False,False,False,False,False,False,False,False,False,False,True,False
4,3,250.0,31.1956859,27.554789,12,0,0,1,1,0,0,0,0,0,120400.0,12,62.5,4.8,2,16.345788916607955,17.361900302320812,16.345788916607955,False,True,False,False,True,False,False,False,False,False,False,False,False,False,False,False,False,True,False
2,2,134.0,29.976979,31.7797175,21,0,0,1,1,1,1,0,0,1,33582.08955223881,4,67.0,15.671641791044776,5,15.616501940217244,15.384361031701085,16.066802461833923,False,True,False,False,True,True,False,False,False,False,False,False,False,False,False,False,False,False,False
3,3,194.0,30.0211431,31.0518675,0,0,0,0,0,0,0,0,0,0,92783.50515463918,9,64.66666666666667,0.0,0,16.10616420501588,16.705882371415992,16.01134442508541,True,False,False,True,False,True,False,False,False,False,False,False,False,False,False,False,False,False,False
3,4,244.0,30.0758544,31.4716547,50,1,1,1,1,1,1,1,1,1,165983.60655737706,12,81.33333333333333,20.491803278688526,9,16.282847171369255,16.489659276356317,16.066802461833923,False,True,False,False,True,False,False,False,False,False,False,False,False,False,False,False,True,False,False
3,4,214.0,30.0758544,31.4716547,22,1,1,1,1,0,0,1,1,0,68224.29906542056,12,71.33333333333333,10.2803738317757,6,16.282847171369255,16.489659276356317,16.066802461833923,False,True,False,True,False,True,False,False,False,False,False,False,False,False,False,False,False,False,False
10,6,600.0,30.0003107,31.4045463,0,0,0,0,0,0,0,0,0,0,50000.0,60,60.0,0.0,0,16.282847171369255,16.29204904211537,16.066802461833923,False,True,False,True,False,False,False,False,False,False,False,False,False,False,False,False,False,True,False
2,2,114.0,29.6724876,32.3369649,21,1,1,1,1,1,0,1,0,1,50877.19298245614,4,57.0,18.42105263157895,7,15.747032114495013,15.537639172325049,15.747032114495013,False,True,False,False,True,False,False,True,False,False,False,False,False,False,False,False,False,False,False
3,3,130.0,31.3543445,27.2373159,25,1,1,1,1,1,0,1,1,1,141000.0,9,43.333333333333336,19.23076923076923,8,16.345788916607955,16.264790116464905,16.345788916607955,False,True,False,False,True,False,False,True,False,False,False,False,False,False,False,False,False,False,False
3,4,169.0,30.05544008,31.64377455,8,0,0,0,0,1,1,0,0,0,39326.63905325444,12,56.333333333333336,4.733727810650888,2,15.82707481102028,15.709556272118732,16.066802461833923,False,True,False,False,True,False,False,False,False,False,False,False,False,False,False,True,False,False,False
1,1,111.0,29.946805466129,31.057247935582,30,1,1,1,0,1,1,1,1,1,31000.0,1,111.0,27.027027027027025,8,15.279199431073042,15.051272975392768,16.01134442508541,False,True,False,False,True,False,False,False,False,False,False,False,False,False,True,False,False,False,False
2,2,95.0,29.9932585,31.3072295,21,1,1,1,1,0,0,1,0,0,51052.63157894737,4,47.5,22.105263157894736,5,15.830413711839864,14.792024745808913,16.066802461833923,False,True,False,False,True,True,False,False,False,False,False,False,False,False,False,False,False,False,False
4,2,180.0,30.055142227158,31.385161146392,1,0,0,0,0,0,0,0,0,0,30555.555555555555,8,45.0,0.5555555555555556,0,15.501738199611221,15.264846080743915,16.066802461833923,False,True,False,True,False,True,False,False,False,False,False,False,False,False,False,False,False,False,False
10,10,1625.0,30.14421,31.63972,20,1,0,1,1,0,1,1,0,0,48615.38461538462,100,162.5,1.2307692307692308,5,16.088423555642784,15.35237799261728,16.066802461833923,False,True,False,True,False,False,False,False,False,False,False,False,False,False,False,False,False,True,False
4,4,228.0,30.0600801,31.5985531,0,0,0,0,0,0,0,0,0,0,129824.56140350878,16,57.0,0.0,0,16.282847171369255,16.29204904211537,16.066802461833923,False,False,True,False,True,False,False,False,False,False,False,False,False,False,False,False,False,True,False
2,2,125.0,30.166137,31.6680496,15,0,0,1,1,1,1,0,0,1,74232.0,4,62.5,12.0,5,16.300417291085605,16.486367704879513,16.066802461833923,False,False,True,True,False,True,False,False,False,False,False,False,False,False,False,False,False,False,False
3,3,216.0,29.9842656,31.540594,16,0,1,1,1,1,1,0,0,1,83055.55555555556,9,72.0,7.4074074074074066,6,16.282847171369255,16.29204904211537,16.066802461833923,False,True,False,False,True,True,False,False,False,False,False,False,False,False,False,False,False,False,False
6,6,345.0,30.0050164,30.9062036,9,0,0,0,0,1,0,0,0,0,66666.66666666667,36,57.5,2.608695652173913,1,16.10616420501588,16.733281344102608,16.01134442508541,False,True,False,True,False,False,False,False,False,False,False,False,False,False,False,False,False,True,False
4,3,208.0,30.118908615659,31.652102804902,22,1,1,1,1,0,0,0,0,0,52644.230769230766,12,52.0,10.576923076923077,4,16.088423555642784,15.899927389451875,16.066802461833923,False,False,True,False,True,True,False,False,False,False,False,False,False,False,False,False,False,False,False
3,3,220.0,30.0600801,31.5985531,12,0,1,1,0,0,0,0,0,0,119545.45454545454,9,73.33333333333333,5.454545454545454,2,16.282847171369255,16.29204904211537,16.066802461833923,False,True,False,False,True,False,False,False,False,False,False,False,False,False,False,True,False,False,False
3,3,390.0,30.0124138,31.4396951,0,0,0,0,0,0,0,0,0,0,12820.51282051282,9,130.0,0.0,0,16.282847171369255,16.29204904211537,16.066802461833923,False,True,False,True,False,True,False,False,False,False,False,False,False,False,False,False,False,False,False
3,3,170.0,30.082662679848,31.376713970852,20,1,1,0,1,1,1,1,1,1,36794.117647058825,9,56.666666666666664,11.764705882352942,8,15.803385043104912,15.7192417923152,16.066802461833923,False,True,False,True,False,True,False,False,False,False,False,False,False,False,False,False,False,False,False
2,2,120.0,29.995487505055,31.026012893253,4,0,0,1,0,0,0,0,0,0,83333.33333333333,4,60.0,3.3333333333333335,1,16.10616420501588,16.263182720601904,16.01134442508541,False,True,False,True,False,True,False,False,False,False,False,False,False,False,False,False,False,False,False
3,3,141.0,30.096464,31.6670565,26,1,1,1,1,1,1,1,1,1,70921.98581560283,9,47.0,18.43971631205674,9,15.93111255107345,16.118095750958314,16.066802461833923,False,True,False,True,False,True,False,False,False,False,False,False,False,False,False,False,False,False,False
4,3,212.0,30.0941611,31.7041108,16,0,0,1,1,1,1,0,0,0,33962.264150943396,12,53.0,7.547169811320754,4,15.82707481102028,15.793051943818522,16.066802461833923,False,False,True,False,True,False,False,False,False,False,False,False,False,False,False,False,False,True,False
3,2,185.0,30.06589,31.26862,1,0,0,0,0,0,0,0,0,0,32972.97297297297,6,61.666666666666664,0.5405405405405405,0,15.482683285964278,15.482683285964278,16.066802461833923,False,True,False,True,False,True,False,False,False,False,False,False,False,False,False,False,False,False,False
4,4,3900.0,30.2013484,31.6804732,4,0,0,0,0,0,0,0,0,0,10256.410256410256,16,975.0,0.10256410256410256,0,16.088423555642784,16.15957650726579,16.066802461833923,False,False,True,True,False,False,False,False,False,False,False,True,False,False,False,False,False,False,False
3,2,220.0,31.21536,29.94034,3,0,0,0,0,0,0,0,0,0,45227.27272727273,6,73.33333333333333,1.3636363636363635,0,15.830413711839864,15.754226482185867,15.851522672265068,False,True,False,True,False,True,False,False,False,False,False,False,False,False,False,False,False,False,False
2,1,98.0,30.09177585,31.6426486,8,0,0,0,1,1,1,0,0,1,56122.448979591834,2,49.0,8.16326530612245,4,15.93111255107345,15.88868261241667,16.066802461833923,False,True,False,True,False,True,False,False,False,False,False,False,False,False,False,False,False,False,False
4,4,220.0,29.9924715,30.8920785,0,0,0,0,0,0,0,0,0,0,50395.454545454544,16,55.0,0.0,0,16.10616420501588,16.360729622918004,16.01134442508541,False,True,False,False,True,False,False,False,False,False,False,False,False,False,False,True,False,False,False
4,4,375.0,29.1994266,32.6278104,12,0,0,1,1,1,1,0,0,1,88000.0,16,93.75,3.2,5,16.282847171369255,16.29204904211537,16.066802461833923,False,True,False,True,False,False,False,False,False,False,False,False,False,False,False,False,True,False,False
2,1,95.0,28.3758068,31.0726657,3,0,0,0,0,1,0,0,0,0,42105.26315789474,2,47.5,3.1578947368421053,1,16.345788916607955,16.264790116464905,16.345788916607955,False,True,False,True,False,False,False,True,False,False,False,False,False,False,False,False,False,False,False
4,4,212.0,30.0941611,31.7041108,18,1,1,1,1,0,0,1,1,0,44811.32075471698,16,53.0,8.49056603773585,6,15.82707481102028,15.793051943818522,16.066802461833923,False,True,False,False,True,False,False,False,False,False,False,False,False,False,False,False,False,True,False
4,4,388.0,30.0758544,31.4716547,52,1,1,1,1,1,1,1,1,1,149355.6701030928,16,97.0,13.402061855670103,9,16.282847171369255,16.489659276356317,16.066802461833923,False,True,False,True,False,False,False,False,False,False,False,False,False,False,False,False,False,True,False
3,2,165.0,30.032755,31.4620516,7,0,0,0,0,1,1,0,0,1,36363.63636363636,6,55.0,4.242424242424242,3,16.282847171369255,16.29204904211537,16.066802461833923,False,True,False,True,False,True,False,False,False,False,False,False,False,False,False,False,False,False,False
3,2,135.0,29.9770582,31.3548954,0,0,0,0,0,0,0,0,0,0,39300.0,6,45.0,0.0,0,16.087842710858826,15.484254764779413,16.066802461833923,False,True,False,True,False,True,False,False,False,False,False,False,False,False,False,False,False,False,False
3,3,276.0,29.9842656,31.540594,13,0,0,0,1,1,1,0,0,0,57971.014492753624,9,92.0,4.710144927536232,3,16.282847171369255,16.29204904211537,16.066802461833923,False,True,False,True,False,False,False,False,True,False,False,False,False,False,False,False,False,False,False
2,2,80.0,26.9653125,33.8830625,47,1,1,1,1,1,1,1,1,1,150000.0,4,40.0,58.75,9,15.201805169084134,16.320219916747796,16.233206958474412,False,False,True,False,True,True,False,False,False,False,False,False,False,False,False,False,False,False,False
2,2,93.0,26.9653125,33.8830625,50,1,1,1,1,1,1,1,1,1,76774.19354838709,4,46.5,53.76344086021505,9,15.201805169084134,16.320219916747796,16.233206958474412,False,True,False,True,False,False,False,True,False,False,False,False,False,False,False,False,False,False,False
3,3,169.0,31.21536,29.94034,11,1,1,0,0,1,1,1,1,1,71005.91715976331,9,56.333333333333336,6.508875739644971,7,15.830413711839864,15.754226482185867,15.851522672265068,False,True,False,False,True,True,False,False,False,False,False,False,False,False,False,False,False,False,False
5,5,376.0,30.0141854,31.0769017,44,1,1,1,1,1,1,1,1,1,31914.893617021276,25,75.2,11.702127659574469,9,16.10616420501588,16.20423135360026,16.01134442508541,False,True,False,True,False,False,False,False,False,False,False,False,False,False,False,False,False,True,False
1,1,70.0,31.0803125,28.3935625,7,1,1,0,0,1,1,0,0,0,142100.0,1,70.0,10.0,4,16.345788916607955,16.251962190703544,16.345788916607955,False,True,False,False,True,False,False,True,False,False,False,False,False,False,False,False,False,False,False
4,4,217.0,29.9633661,31.0009178,0,0,0,0,0,0,0,0,0,0,55299.53917050691,16,54.25,0.0,0,16.10616420501588,15.988839917212927,16.01134442508541,False,False,True,True,False,False,False,False,False,False,False,False,False,False,False,False,False,True,False
3,3,147.0,30.166137,31.6680496,24,1,1,1,1,1,1,0,0,1,88435.37414965987,9,49.0,16.3265306122449,7,16.300417291085605,16.486367704879513,16.066802461833923,False,True,False,False,True,True,False,False,False,False,False,False,False,False,False,False,False,False,False
3,3,134.0,30.0395901,31.6985965,23,0,1,1,1,1,1,1,0,1,38574.62686567164,9,44.666666666666664,17.16417910447761,7,15.616501940217244,15.458189997639176,16.066802461833923,False,True,False,True,False,True,False,False,False,False,False,False,False,False,False,False,False,False,False
8,8,907.0,31.1956859,27.554789,23,1,1,1,1,1,0,1,0,1,80485.1157662624,64,113.375,2.535832414553473,7,16.345788916607955,17.361900302320812,16.345788916607955,False,True,False,True,False,False,False,False,False,False,False,False,False,False,False,False,False,True,False
3,3,260.0,29.9924715,30.8920785,18,1,1,1,1,1,0,0,0,1,50000.0,9,86.66666666666667,6.9230769230769225,6,16.10616420501588,16.360729622918004,16.01134442508541,False,True,False,False,True,False,False,False,False,False,False,False,False,False,False,True,False,False,False
3,3,145.0,30.8365625,28.9590625,8,0,0,1,0,0,0,0,0,0,48275.862068965514,9,48.333333333333336,5.517241379310345,1,16.345788916607955,15.76142084987672,16.345788916607955,False,True,False,True,False,False,False,True,False,False,False,False,False,False,False,False,False,False,False
3,2,164.0,30.025056,31.5948035,24,1,1,1,1,0,0,1,1,0,103231.70731707317,6,54.666666666666664,14.634146341463415,6,16.282847171369255,16.29204904211537,16.066802461833923,False,False,True,True,False,True,False,False,False,False,False,False,False,False,False,False,False,False,False
3,4,334.0,30.0074176,31.4887433,9,0,0,0,0,1,1,0,0,0,84431.13772455089,12,111.33333333333333,2.694610778443114,2,16.282847171369255,16.29204904211537,16.066802461833923,False,True,False,True,False,False,False,False,False,False,False,False,False,False,False,False,False,True,False
2,3,141.0,29.96838486,31.78096352,21,1,1,0,1,1,0,1,0,1,27659.574468085106,6,70.5,14.893617021276597,6,15.616501940217244,15.47387486262937,16.066802461833923,False,True,False,False,True,True,False,False,False,False,False,False,False,False,False,False,False,False,False
3,4,207.0,29.9842656,31.540594,20,0,1,0,1,1,1,0,0,0,62801.932367149755,12,69.0,9.66183574879227,4,16.282847171369255,16.29204904211537,16.066802461833923,False,True,False,True,False,True,False,False,False,False,False,False,False,False,False,False,False,False,False
3,3,260.0,30.0053539,30.9913517,21,1,1,1,1,0,0,1,1,0,42307.692307692305,9,86.66666666666667,8.076923076923077,6,16.10616420501588,16.52356082573315,16.01134442508541,False,True,False,True,False,True,False,False,False,False,False,False,False,False,False,False,False,False,False
0,1,65.0,29.9771006,31.5720476,4,0,0,0,0,0,0,0,0,0,136923.07692307694,0,60.0,6.153846153846153,0,16.282847171369255,16.200596964551092,16.066802461833923,False,False,True,False,True,True,False,False,False,False,False,False,False,False,False,False,False,False,False
2,1,110.0,26.8608814,33.944639,7,0,0,1,0,0,0,0,0,0,91818.18181818182,2,55.0,6.363636363636363,1,16.3394119477972,16.189539487919134,16.233206958474412,False,True,False,True,False,False,False,True,False,False,False,False,False,False,False,False,False,False,False
2,2,116.0,29.9986558,31.426684,4,0,0,0,0,0,0,0,0,0,56034.48275862069,4,58.0,3.4482758620689657,0,16.282847171369255,16.489659276356317,16.066802461833923,False,False,True,True,False,True,False,False,False,False,False,False,False,False,False,False,False,False,False
3,3,160.0,30.0648376,30.94684,38,1,1,1,1,1,1,1,1,1,53125.0,9,53.333333333333336,23.75,9,16.02378508137718,15.803385043104912,16.01134442508541,False,True,False,True,False,True,False,False,False,False,False,False,False,False,False,False,False,False,False
3,3,235.0,30.0577847,30.939106,27,1,1,1,1,1,1,1,1,1,29717.531914893618,9,78.33333333333333,11.48936170212766,9,16.02378508137718,16.2791374856878,16.01134442508541,False,True,False,True,False,False,False,False,False,False,False,False,False,False,False,True,False,False,False
3,3,240.0,30.04842577295,31.501481164322,5,0,0,0,1,0,0,0,0,0,69437.5,9,80.0,2.0833333333333335,1,16.282847171369255,16.29204904211537,16.066802461833923,False,False,True,True,False,False,False,False,False,False,False,False,False,False,False,False,False,False,True
4,4,390.0,30.0808981,31.4880764,5,0,0,1,0,0,0,0,0,0,105128.20512820513,16,97.5,1.2820512820512822,1,16.282847171369255,16.489659276356317,16.066802461833923,False,True,False,False,True,False,False,False,False,False,False,False,False,False,False,False,False,True,False
4,4,280.0,29.8561331,30.9018623,50,1,1,1,1,1,1,1,1,1,60882.142857142855,16,70.0,17.857142857142858,9,16.10616420501588,16.19413042991272,16.01134442508541,False,True,False,True,False,False,False,False,False,False,False,False,False,False,False,False,False,True,False
4,3,250.0,30.0102788,31.5379067,15,0,0,1,1,1,1,0,0,1,140034.752,12,62.5,6.0,5,16.282847171369255,16.29204904211537,16.066802461833923,False,False,True,True,False,False,False,False,False,False,False,False,False,False,False,False,False,True,False
6,6,260.0,30.0600801,31.5985531,49,1,1,1,1,1,1,1,1,1,55000.0,36,43.333333333333336,18.846153846153847,9,16.282847171369255,16.29204904211537,16.066802461833923,False,True,False,True,False,False,False,False,False,False,False,False,False,False,False,False,False,True,False
4,4,251.0,29.9961875,30.9120067,6,0,0,0,0,1,1,0,0,1,17928.28685258964,16,62.75,2.3904382470119523,3,16.10616420501588,15.26242977619469,16.01134442508541,False,True,False,True,False,False,False,False,False,False,False,False,True,False,False,False,False,False,False
4,4,289.0,31.3543445,27.2373159,21,0,1,1,1,1,1,0,0,1,60138.40830449827,16,72.25,7.266435986159169,6,16.345788916607955,16.264790116464905,16.345788916607955,False,False,True,True,False,False,False,True,False,False,False,False,False,False,False,False,False,False,False
3,2,138.0,29.95185,31.31256,5,0,0,0,0,0,0,0,0,0,26800.0,6,46.0,3.6231884057971016,0,15.230349646082692,15.133793976061913,16.066802461833923,False,True,False,False,True,True,False,False,False,False,False,False,False,False,False,False,False,False,False
3,3,145.0,29.976979,31.7797175,0,0,0,0,0,0,0,0,0,0,27586.206896551725,9,48.333333333333336,0.0,0,15.616501940217244,15.384361031701085,16.066802461833923,False,True,False,False,True,True,False,False,False,False,False,False,False,False,False,False,False,False,False
4,4,430.0,29.96359,31.27522,27,1,1,1,1,0,1,1,1,0,32558.13953488372,16,107.5,6.279069767441861,7,16.23365160270985,16.205072399057848,16.066802461833923,False,False,True,True,False,False,False,False,False,True,False,False,False,False,False,False,False,False,False
5,4,375.0,30.0310276,31.5423707,20,1,1,1,1,0,0,1,1,0,176000.0,20,75.0,5.333333333333333,6,16.282847171369255,16.29204904211537,16.066802461833923,False,True,False,True,False,False,False,False,False,False,False,False,False,False,False,False,False,True,False
3,3,140.0,30.006054872355,30.943148635582,36,1,1,1,1,1,1,1,1,1,54730.37142857143,9,46.666666666666664,25.714285714285715,9,16.10616420501588,15.85181662379677,16.01134442508541,False,True,False,False,True,True,False,False,False,False,False,False,False,False,False,False,False,False,False
2,2,192.0,29.9978985,31.63101061,15,1,1,1,1,0,0,1,0,0,31250.0,4,96.0,7.8125,5,15.616501940217244,15.607270193858982,16.066802461833923,False,True,False,True,False,True,False,False,False,False,False,False,False,False,False,False,False,False,False
2,2,108.0,30.06603,31.48561,7,0,0,1,0,0,0,0,0,0,52777.77777777778,4,54.0,6.481481481481481,1,16.282847171369255,15.86963441986494,16.066802461833923,True,False,False,True,False,True,False,False,False,False,False,False,False,False,False,False,False,False,False
5,5,470.0,30.9628937,28.7565892,29,1,1,1,1,1,1,1,1,0,122553.1914893617,25,94.0,6.170212765957446,8,16.345788916607955,16.785925074816024,16.345788916607955,True,False,False,True,False,False,False,False,False,False,False,False,False,False,False,False,False,True,False
2,2,105.0,30.051694701504,31.679024895964,4,0,0,0,0,0,0,0,0,0,104761.90476190476,4,52.5,3.8095238095238093,0,15.82707481102028,16.300417291085605,16.066802461833923,False,False,True,False,True,True,False,False,False,False,False,False,False,False,False,False,False,False,False
3,3,344.0,30.09177585,31.6426486,0,0,0,0,0,0,0,0,0,0,85683.13953488372,9,114.66666666666667,0.0,0,15.93111255107345,15.88868261241667,16.066802461833923,False,True,False,True,False,False,False,False,False,False,False,False,False,False,False,False,False,True,False
2,2,128.0,30.0870528,31.5124185,4,0,0,0,0,0,0,0,0,0,75000.0,4,64.0,3.125,0,16.282847171369255,16.29204904211537,16.066802461833923,False,False,True,True,False,True,False,False,False,False,False,False,False,False,False,False,False,False,False
5,4,345.0,30.04341360018,31.512577480397,13,1,1,0,1,1,1,0,0,0,110144.92753623189,20,69.0,3.7681159420289854,5,16.282847171369255,16.29204904211537,16.066802461833923,True,False,False,True,False,False,False,False,False,False,False,False,False,False,False,False,True,False,False
3,2,145.0,31.21536,29.94034,3,0,0,0,0,0,0,0,0,0,29310.344827586207,6,48.333333333333336,2.0689655172413794,0,15.830413711839864,14.933199074534294,15.851522672265068,False,True,False,True,False,True,False,False,False,False,False,False,False,False,False,False,False,False,False
3,3,155.0,30.0050838,30.9290455,9,0,0,1,0,0,1,0,0,1,53483.87096774193,9,51.666666666666664,5.806451612903226,3,16.10616420501588,15.930560647738732,16.01134442508541,False,False,True,False,True,True,False,False,False,False,False,False,False,False,False,False,False,False,False
1,1,70.0,29.4960634,32.4238179,0,0,0,0,0,0,0,0,0,0,105714.28571428571,1,70.0,0.0,0,15.747032114495013,15.816990693309524,15.747032114495013,False,False,True,False,True,False,False,True,False,False,False,False,False,False,False,False,False,False,False
2,2,139.0,30.090647810305,31.377698496569,0,0,0,0,0,0,0,0,0,0,49280.575539568345,4,69.5,0.0,0,15.803385043104912,15.803385043104912,16.066802461833923,False,True,False,True,False,True,False,False,False,False,False,False,False,False,False,False,False,False,False
4,4,255.0,30.0029471,31.595582,10,0,0,0,1,1,1,0,0,0,70588.23529411765,16,63.75,3.9215686274509807,3,15.616501940217244,16.956410275190038,16.066802461833923,False,True,False,True,False,False,False,False,False,False,False,False,False,False,False,True,False,False,False
1,2,106.0,30.019871652542,31.47554109258,13,0,0,1,1,0,0,0,0,0,122641.50943396226,2,106.0,12.264150943396226,2,16.282847171369255,16.454567959008102,16.066802461833923,False,True,False,True,False,False,False,False,False,False,False,False,True,False,False,False,False,False,False
4,4,356.0,30.0102788,31.5379067,11,1,1,1,1,1,0,0,0,1,162921.34831460673,16,89.0,3.089887640449438,6,16.282847171369255,16.29204904211537,16.066802461833923,False,True,False,True,False,False,False,False,False,False,False,False,False,False,False,False,False,True,False
3,3,175.0,30.0550268,31.3366903,26,1,1,1,1,1,1,0,0,1,62857.142857142855,9,58.333333333333336,14.857142857142858,7,16.345788916607955,16.264790116464905,16.345788916607955,False,True,False,True,False,False,False,True,False,False,False,False,False,False,False,False,False,False,False
4,4,250.0,29.672309,32.357249,24,1,0,1,1,1,1,0,0,1,80000.0,16,62.5,9.6,6,15.747032114495013,16.213405921671733,15.747032114495013,True,False,False,True,False,False,False,False,False,False,False,False,False,False,False,False,False,True,False
2,3,130.0,31.069445,28.121653,19,1,1,1,1,0,0,1,1,0,130769.23076923077,6,65.0,14.615384615384615,6,16.345788916607955,16.803467733629535,16.345788916607955,False,True,False,False,True,False,False,True,False,False,False,False,False,False,False,False,False,False,False
5,4,332.0,31.2155235,29.9420061,8,0,0,0,1,0,1,0,0,0,90674.69879518072,20,66.4,2.4096385542168677,2,15.830413711839864,15.805301014415544,15.851522672265068,False,True,False,True,False,False,False,False,False,False,False,False,False,False,False,False,False,True,False
3,3,275.0,30.09177585,31.6426486,0,0,0,0,0,0,0,0,0,0,81818.18181818182,9,91.66666666666667,0.0,0,15.93111255107345,15.88868261241667,16.066802461833923,False,True,False,True,False,False,False,False,False,False,False,False,False,False,False,False,True,False,False
3,1,120.0,31.25568,29.98389,4,0,0,0,0,0,0,0,0,0,17083.333333333332,3,40.0,3.3333333333333335,0,14.991198496069774,14.991198496069774,15.851522672265068,False,True,False,True,False,True,False,False,False,False,False,False,False,False,False,False,False,False,False
3,2,196.0,31.21536,29.94034,3,0,0,0,0,0,0,0,0,0,38265.30612244898,6,65.33333333333333,1.530612244897959,0,15.830413711839864,15.754226482185867,15.851522672265068,False,True,False,True,False,True,False,False,False,False,False,False,False,False,False,False,False,False,False
3,3,275.0,30.9628937,28.7565892,31,1,1,1,1,1,1,1,0,1,163636.36363636365,9,91.66666666666667,11.272727272727273,8,16.345788916607955,16.785925074816024,16.345788916607955,True,False,False,True,False,False,False,False,False,False,False,False,False,False,False,False,True,False,False
2,2,125.0,30.2013484,31.6804732,10,1,1,0,1,1,0,0,0,1,42400.0,4,62.5,8.0,5,16.088423555642784,16.15957650726579,16.066802461833923,False,True,False,False,True,True,False,False,False,False,False,False,False,False,False,False,False,False,False
3,2,196.0,31.21536,29.94034,3,0,0,0,0,0,0,0,0,0,48469.38775510204,6,65.33333333333333,1.530612244897959,0,15.830413711839864,15.754226482185867,15.851522672265068,False,True,False,True,False,True,False,False,False,False,False,False,False,False,False,False,False,False,False
3,3,175.0,30.06638056,30.8486483,19,0,0,1,1,1,1,0,0,1,49142.857142857145,9,58.333333333333336,10.857142857142858,5,16.02378508137718,15.967272877502799,16.01134442508541,False,True,False,False,True,False,False,False,False,False,False,False,False,False,False,True,False,False,False
2,2,140.0,30.08475012,30.890303,25,1,1,1,1,1,1,1,1,1,71428.57142857143,4,70.0,17.857142857142858,9,16.02378508137718,16.265920859211178,16.01134442508541,False,True,False,False,True,True,False,False,False,False,False,False,False,False,False,False,False,False,False
4,3,850.0,30.917731,30.0636166,12,0,0,0,1,1,1,0,0,1,52941.17647058824,12,212.5,1.411764705882353,4,16.02378508137718,17.622173069956816,16.01134442508541,False,True,False,True,False,False,False,False,False,False,False,False,False,False,False,False,False,True,False
2,2,134.0,30.2013484,31.6804732,47,0,1,0,1,1,1,0,0,1,35074.62686567164,4,67.0,35.07462686567164,5,16.088423555642784,16.15957650726579,16.066802461833923,False,True,False,True,False,True,False,False,False,False,False,False,False,False,False,False,False,False,False
3,3,177.0,31.208442946995,29.939799250338,4,0,0,0,0,1,1,0,0,0,67796.61016949153,9,59.0,2.2598870056497176,2,15.830413711839864,16.300417291085605,15.851522672265068,False,True,False,False,True,True,False,False,False,False,False,False,False,False,False,False,False,False,False
3,3,220.0,29.9924715,30.8920785,0,0,0,0,0,0,0,0,0,0,52272.72727272727,9,73.33333333333333,0.0,0,16.10616420501588,16.360729622918004,16.01134442508541,False,True,False,False,True,False,False,False,False,False,False,False,False,False,False,True,False,False,False
3,3,333.0,30.0669117,31.3375553,47,1,1,1,1,1,1,1,1,1,54054.05405405405,9,111.0,14.114114114114114,9,15.82707481102028,15.687312888712007,16.066802461833923,False,True,False,True,False,False,False,False,True,False,False,False,False,False,False,False,False,False,False
0,1,37.0,27.319734280306,33.706864186507,10,1,0,0,0,1,1,0,0,1,70000.0,0,60.0,27.027027027027028,4,15.201805169084134,14.767168819776032,16.233206958474412,False,True,False,False,True,False,False,True,False,False,False,False,False,False,False,False,False,False,False
5,2,454.0,30.2013484,31.6804732,18,0,0,1,0,1,0,0,0,1,22026.431718061674,10,90.8,3.9647577092511015,3,16.088423555642784,16.15957650726579,16.066802461833923,False,True,False,True,False,False,False,False,False,False,False,False,False,False,False,False,False,True,False
4,5,360.0,31.00763549,29.75773621,22,1,0,1,0,1,0,0,0,1,19166.666666666668,20,90.0,6.111111111111111,4,16.18295155698594,15.747032114495013,15.851522672265068,False,True,False,True,False,False,False,False,True,False,False,False,False,False,False,False,False,False,False
3,2,200.0,31.2135223,29.9200615,0,0,0,0,0,0,0,0,0,0,52500.0,6,66.66666666666667,0.0,0,16.142490830662076,16.142490830662076,15.851522672265068,False,True,False,True,False,True,False,False,False,False,False,False,False,False,False,False,False,False,False
0,0,650.0,30.024231608038,30.968810549077,0,0,0,0,0,0,0,0,0,0,9230.76923076923,0,60.0,0.0,0,16.02378508137718,15.627681187785777,16.01134442508541,False,True,False,True,False,False,False,False,False,False,True,False,False,False,False,False,False,False,False
2,1,126.0,27.02332,33.87066,7,1,1,0,1,0,0,0,0,0,54187.30158730159,2,63.0,5.555555555555555,3,15.600326650597992,15.736483925336655,16.233206958474412,False,True,False,True,False,True,False,False,False,False,False,False,False,False,False,False,False,False,False
3,3,140.0,31.0846702,27.9347746,12,1,1,1,1,1,0,0,0,0,109821.42857142857,9,46.666666666666664,8.571428571428571,5,16.345788916607955,16.548253436697504,16.345788916607955,True,False,False,True,False,False,False,False,False,False,False,False,False,False,False,True,False,False,False
1,1,51.0,30.822264,28.954285,0,0,0,0,0,0,0,0,0,0,140196.07843137256,1,51.0,0.0,0,16.345788916607955,15.76142084987672,16.345788916607955,False,True,False,True,False,True,False,False,False,False,False,False,False,False,False,False,False,False,False
3,2,150.0,31.1672,29.87326,5,0,0,0,0,1,0,0,0,0,38000.0,6,50.0,3.3333333333333335,1,15.490462789320857,15.490462789320857,15.851522672265068,False,True,False,True,False,True,False,False,False,False,False,False,False,False,False,False,False,False,False
3,2,162.0,30.03145,31.34338,6,0,0,1,0,0,0,0,0,0,27160.493827160495,6,54.0,3.7037037037037033,1,15.501738199611221,15.519597237722468,16.066802461833923,False,True,False,True,False,True,False,False,False,False,False,False,False,False,False,False,False,False,False
2,2,154.0,30.0662855,31.4744728,20,1,1,1,1,0,1,0,1,0,116883.11688311688,4,77.0,12.987012987012987,6,16.282847171369255,16.29204904211537,16.066802461833923,False,True,False,False,True,True,False,False,False,False,False,False,False,False,False,False,False,False,False
3,3,282.0,29.9875186,31.5555302,0,0,0,0,0,0,0,0,0,0,88652.48226950354,9,94.0,0.0,0,16.282847171369255,16.29204904211537,16.066802461833923,False,False,True,True,False,False,False,False,False,False,False,False,False,False,False,True,False,False,False
5,6,258.0,30.0076608,31.0894755,14,0,0,1,1,1,1,0,0,1,81395.3488372093,30,51.6,5.426356589147287,5,16.10616420501588,16.620246517827816,16.01134442508541,False,True,False,True,False,False,False,False,False,False,False,False,False,False,False,True,False,False,False
3,3,130.0,29.9978985,31.63101061,4,0,0,1,0,0,0,0,0,0,26923.076923076922,9,43.333333333333336,3.0769230769230766,1,15.616501940217244,15.607270193858982,16.066802461833923,False,True,False,True,False,True,False,False,False,False,False,False,False,False,False,False,False,False,False
4,3,225.0,31.17310014,29.9287022,2,0,1,0,0,1,0,0,0,0,51111.11111111111,12,56.25,0.8888888888888888,2,16.16000514993119,16.16000514993119,15.851522672265068,False,True,False,False,True,True,False,False,False,False,False,False,False,False,False,False,False,False,False
4,3,250.0,30.06603,31.48561,0,0,0,0,0,0,0,0,0,0,100000.0,12,62.5,0.0,0,16.282847171369255,15.86963441986494,16.066802461833923,True,False,False,True,False,False,False,False,False,False,False,False,False,False,False,False,False,True,False
3,2,115.0,29.6727347,32.3374381,40,1,1,0,1,1,1,1,1,1,112356.52173913043,6,38.333333333333336,34.78260869565218,8,15.747032114495013,15.967921456359903,15.747032114495013,False,True,False,False,True,False,False,True,False,False,False,False,False,False,False,False,False,False,False
3,3,135.0,30.06805,31.406379,30,1,1,1,1,0,0,1,1,0,51851.851851851854,9,45.0,22.22222222222222,6,16.282847171369255,16.489659276356317,16.066802461833923,False,False,True,False,True,True,False,False,False,False,False,False,False,False,False,False,False,False,False
3,3,190.0,30.0050838,30.9290455,39,1,1,1,1,1,0,1,1,1,46426.31578947369,9,63.333333333333336,20.526315789473685,8,16.10616420501588,15.930560647738732,16.01134442508541,False,True,False,False,True,False,False,False,False,False,False,False,False,False,False,False,False,True,False
3,2,210.0,30.0124138,31.4396951,13,0,0,0,0,1,1,0,0,1,36190.47619047619,6,70.0,6.19047619047619,3,16.282847171369255,16.29204904211537,16.066802461833923,False,True,False,True,False,True,False,False,False,False,False,False,False,False,False,False,False,False,False
1,1,79.0,30.0941611,31.7041108,0,0,0,0,0,0,0,0,0,0,35518.987341772154,1,79.0,0.0,0,15.82707481102028,15.793051943818522,16.066802461833923,False,False,True,False,True,True,False,False,False,False,False,False,False,False,False,False,False,False,False
3,4,240.0,30.04842577295,31.501481164322,0,0,0,0,0,0,0,0,0,0,64812.5,12,80.0,0.0,0,16.282847171369255,16.29204904211537,16.066802461833923,True,False,False,False,True,False,False,False,True,False,False,False,False,False,False,False,False,False,False
2,2,110.0,30.068527462055,31.64004459621,24,0,1,0,1,1,0,1,1,1,65172.72727272727,4,55.0,21.818181818181817,6,15.82707481102028,16.06690771944096,16.066802461833923,False,True,False,False,True,True,False,False,False,False,False,False,False,False,False,False,False,False,False
3,3,165.0,30.203621600201,31.646063680947,23,1,1,1,1,1,1,0,0,1,26409.090909090908,9,55.0,13.93939393939394,7,15.219188824173482,15.150968362481294,16.066802461833923,False,True,False,False,True,True,False,False,False,False,False,False,False,False,False,False,False,False,False
5,5,380.0,29.9875186,31.5555302,27,1,1,1,1,1,1,1,1,1,63157.89473684211,25,76.0,7.105263157894737,9,16.282847171369255,16.29204904211537,16.066802461833923,False,True,False,True,False,False,False,False,False,False,False,False,False,False,False,False,True,False,False
2,2,133.0,29.9875186,31.5555302,22,1,1,1,1,0,0,1,1,0,57142.857142857145,4,66.5,16.541353383458645,6,16.282847171369255,16.29204904211537,16.066802461833923,False,True,False,True,False,True,False,False,False,False,False,False,False,False,False,False,False,False,False
3,2,140.0,30.8583492,28.9042079,50,1,1,1,1,1,1,1,1,1,42857.142857142855,6,46.666666666666664,35.714285714285715,9,16.345788916607955,15.76142084987672,16.345788916607955,False,True,False,True,False,False,False,True,False,False,False,False,False,False,False,False,False,False,False
3,3,200.0,30.0098515,31.4113496,0,0,0,0,0,0,0,0,0,0,42500.0,9,66.66666666666667,0.0,0,16.282847171369255,16.29204904211537,16.066802461833923,False,True,False,True,False,False,False,False,True,False,False,False,False,False,False,False,False,False,False
6,6,367.0,30.0000227,31.0342844,43,1,1,1,1,1,1,1,1,1,95367.84741144415,36,61.166666666666664,11.716621253405995,9,16.10616420501588,17.216707972959764,16.01134442508541,False,True,False,True,False,False,False,False,False,False,False,False,False,False,False,False,False,True,False
3,2,220.0,30.0298889,31.41647,5,0,0,0,0,0,1,0,0,0,28409.090909090908,6,73.33333333333333,2.2727272727272725,1,16.282847171369255,16.29204904211537,16.066802461833923,False,True,False,True,False,True,False,False,False,False,False,False,False,False,False,False,False,False,False
5,5,391.0,30.0105262,31.0024232,19,1,1,1,1,0,0,1,1,0,38363.17135549872,25,78.2,4.859335038363171,6,16.02378508137718,16.431599413383452,16.01134442508541,False,True,False,True,False,False,False,False,False,False,False,False,False,False,False,False,False,True,False
2,2,100.0,30.163528044741,31.677762679717,14,1,1,1,1,1,0,1,0,0,100000.0,4,50.0,14.0,6,16.300417291085605,16.066802461833923,16.066802461833923,False,True,False,False,True,True,False,False,False,False,False,False,False,False,False,False,False,False,False
2,2,125.0,30.9628937,28.7565892,9,1,0,1,1,0,0,0,0,0,193060.8,4,62.5,7.2,3,16.345788916607955,16.785925074816024,16.345788916607955,True,False,False,True,False,False,False,True,False,False,False,False,False,False,False,False,False,False,False
3,2,108.0,30.09177585,31.6426486,30,0,0,0,1,1,1,0,0,1,65740.74074074074,6,36.0,27.777777777777775,4,15.93111255107345,15.88868261241667,16.066802461833923,False,True,False,True,False,True,False,False,False,False,False,False,False,False,False,False,False,False,False
4,3,274.0,29.99792889,31.49372067,5,0,0,0,1,0,0,0,0,0,164233.57664233577,12,68.5,1.824817518248175,1,16.282847171369255,16.29204904211537,16.066802461833923,False,False,True,True,False,False,False,False,False,False,False,False,False,False,False,False,True,False,False
2,2,95.0,30.0050838,30.9290455,0,0,0,0,0,0,0,0,0,0,57894.73684210526,4,47.5,0.0,0,16.10616420501588,15.930560647738732,16.01134442508541,False,True,False,False,True,True,False,False,False,False,False,False,False,False,False,False,False,False,False
2,2,129.0,30.0468424,30.998248,11,0,1,1,1,1,0,1,1,1,71962.93798449612,4,64.5,8.527131782945736,7,16.02378508137718,15.862682968241984,16.01134442508541,False,True,False,False,True,True,False,False,False,False,False,False,False,False,False,False,False,False,False
3,3,156.0,30.06805,31.406379,8,0,0,0,1,1,1,0,0,0,75000.0,9,52.0,5.128205128205128,3,16.282847171369255,16.489659276356317,16.066802461833923,False,True,False,False,True,False,False,False,False,False,False,False,False,False,False,True,False,False,False
3,3,672.0,31.069445,28.121653,17,0,0,1,1,1,1,0,0,1,35220.18303571428,9,224.0,2.5297619047619047,5,16.345788916607955,16.803467733629535,16.345788916607955,False,True,False,True,False,False,False,False,False,False,False,False,False,False,False,False,False,True,False
3,3,191.0,29.9771006,31.5720476,14,0,0,1,1,1,1,0,0,1,152879.58115183245,9,63.666666666666664,7.329842931937173,5,16.282847171369255,16.200596964551092,16.066802461833923,False,False,True,True,False,False,False,False,True,False,False,False,False,False,False,False,False,False,False
4,6,536.0,27.2579,33.81161,58,1,1,1,1,1,1,1,1,1,65298.50746268657,24,134.0,10.820895522388058,9,15.201805169084134,14.837935966150166,16.233206958474412,False,True,False,False,True,False,False,False,False,False,False,False,False,False,False,False,False,True,False
2,1,40.0,30.01321,31.48737,12,0,0,1,0,1,0,0,0,1,40000.0,2,20.0,30.0,3,16.282847171369255,16.173530452453797,16.066802461833923,True,False,False,True,False,False,False,False,False,False,False,True,False,False,False,False,False,False,False
3,2,180.0,30.0050838,30.9290455,23,1,1,1,0,1,1,1,1,1,50555.555555555555,6,60.0,12.777777777777777,8,16.10616420501588,15.930560647738732,16.01134442508541,False,False,True,False,True,False,False,False,False,False,False,False,False,False,False,False,False,False,True
3,3,200.0,29.9633661,31.0009178,23,1,0,1,1,1,1,0,0,1,71250.0,9,66.66666666666667,11.5,6,16.10616420501588,15.988839917212927,16.01134442508541,False,False,True,False,True,False,False,False,False,False,False,False,False,False,False,True,False,False,False
4,4,333.0,30.0639796,30.8829127,10,0,0,1,0,1,1,0,0,0,75165.16516516516,16,83.25,3.003003003003003,3,16.02378508137718,16.588099342704055,16.01134442508541,False,True,False,True,False,False,False,False,False,False,False,False,False,False,False,False,False,True,False
3,2,152.0,29.9819025,31.3772485,26,1,1,1,1,0,1,1,1,0,75000.0,6,50.666666666666664,17.105263157894736,7,16.087842710858826,16.034714150714915,16.066802461833923,False,False,True,False,True,True,False,False,False,False,False,False,False,False,False,False,False,False,False
2,2,135.0,30.0035761,31.4056766,0,0,0,0,0,0,0,0,0,0,60148.148148148146,4,67.5,0.0,0,16.282847171369255,16.29204904211537,16.066802461833923,False,True,False,False,True,True,False,False,False,False,False,False,False,False,False,False,False,False,False
3,2,135.0,31.0724538,28.2011747,28,1,1,1,1,1,1,1,1,1,86518.51851851853,6,45.0,20.74074074074074,9,16.345788916607955,16.264790116464905,16.345788916607955,False,True,False,True,False,False,False,True,False,False,False,False,False,False,False,False,False,False,False
2,2,135.0,30.8224695,28.954309,47,1,1,1,1,1,1,1,1,1,37037.03703703704,4,67.5,34.81481481481481,9,16.345788916607955,15.76142084987672,16.345788916607955,True,False,False,True,False,False,False,True,False,False,False,False,False,False,False,False,False,False,False
3,2,156.0,30.06805,31.406379,12,1,1,0,0,1,1,0,0,0,54487.179487179485,6,52.0,7.692307692307692,4,16.282847171369255,16.489659276356317,16.066802461833923,False,True,False,True,False,True,False,False,False,False,False,False,False,False,False,False,False,False,False
6,5,201.0,30.166137,31.6680496,49,1,1,1,1,1,1,1,1,1,87064.67661691543,30,33.5,24.37810945273632,9,16.300417291085605,16.486367704879513,16.066802461833923,False,True,False,True,False,False,False,False,False,False,False,False,False,False,False,False,False,True,False
1,1,80.0,29.9633661,31.0009178,0,0,0,0,0,0,0,0,0,0,107250.0,1,80.0,0.0,0,16.10616420501588,15.988839917212927,16.01134442508541,False,True,False,False,True,True,False,False,False,False,False,False,False,False,False,False,False,False,False
3,2,238.0,29.9684182,31.5288907,13,1,1,0,1,0,0,1,1,1,66806.72268907563,6,79.33333333333333,5.46218487394958,6,16.282847171369255,16.29204904211537,16.066802461833923,False,True,False,True,False,True,False,False,False,False,False,False,False,False,False,False,False,False,False
4,4,350.0,29.9842656,31.540594,7,0,0,1,1,0,0,0,0,0,80000.0,16,87.5,2.0,2,16.282847171369255,16.29204904211537,16.066802461833923,False,True,False,True,False,False,False,False,False,False,False,False,False,False,False,False,False,True,False
6,6,495.0,31.0748331,28.0612823,49,1,1,1,1,1,1,1,1,1,30303.030303030304,36,82.5,9.898989898989898,9,16.345788916607955,17.128471962635032,16.345788916607955,False,False,True,True,False,False,False,False,False,False,False,False,False,False,False,False,False,True,False
4,2,160.0,31.26527,30.00177,2,0,0,0,0,0,1,0,0,0,23125.0,8,40.0,1.25,1,15.08156496579434,15.08156496579434,15.851522672265068,False,True,False,True,False,True,False,False,False,False,False,False,False,False,False,False,False,False,False
3,4,183.0,30.0468424,30.998248,22,1,1,1,1,0,0,1,1,0,69322.4043715847,12,61.0,12.021857923497267,6,16.02378508137718,15.862682968241984,16.01134442508541,False,True,False,True,False,True,False,False,False,False,False,False,False,False,False,False,False,False,False
3,3,248.0,27.855874427197,31.246581787806,14,1,1,1,1,1,1,0,0,0,151612.90322580645,9,82.66666666666667,5.645161290322581,6,16.345788916607955,16.264790116464905,16.345788916607955,False,False,True,False,True,False,False,False,False,False,False,False,False,False,False,True,False,False,False
3,3,233.0,30.0648376,30.94684,47,1,1,1,1,1,1,1,0,1,71416.30901287554,9,77.66666666666667,20.171673819742487,8,16.02378508137718,15.803385043104912,16.01134442508541,False,False,True,True,False,True,False,False,False,False,False,False,False,False,False,False,False,False,False
5,4,190.0,30.9447479,28.7978345,12,1,0,0,1,0,0,0,0,0,105263.15789473684,20,38.0,6.315789473684211,2,16.345788916607955,16.785925074816024,16.345788916607955,True,False,False,True,False,False,False,True,False,False,False,False,False,False,False,False,False,False,False
3,2,140.0,31.2155235,29.9420061,15,0,1,0,1,1,1,0,0,1,54714.28571428572,6,46.666666666666664,10.714285714285715,5,15.830413711839864,15.805301014415544,15.851522672265068,False,True,False,False,True,True,False,False,False,False,False,False,False,False,False,False,False,False,False
2,1,120.0,29.9932585,31.3072295,9,0,0,0,0,0,1,0,0,0,19583.333333333332,2,60.0,7.5,1,15.830413711839864,14.792024745808913,16.066802461833923,False,False,True,True,False,True,False,False,False,False,False,False,False,False,False,False,False,False,False
3,3,170.0,30.082662679848,31.376713970852,27,1,1,1,1,1,1,1,1,0,34117.64705882353,9,56.666666666666664,15.882352941176471,8,15.803385043104912,15.7192417923152,16.066802461833923,False,True,False,True,False,True,False,False,False,False,False,False,False,False,False,False,False,False,False
3,3,135.0,30.099722797012,30.874499742543,16,0,0,0,0,1,1,0,0,1,67407.4074074074,9,45.0,11.851851851851851,3,16.02378508137718,16.01826016389439,16.01134442508541,False,False,True,False,True,True,False,False,False,False,False,False,False,False,False,False,False,False,False
3,2,108.0,30.09177585,31.6426486,2,0,0,0,0,0,0,0,0,0,93009.25925925926,6,36.0,1.8518518518518516,0,15.93111255107345,15.88868261241667,16.066802461833923,False,True,False,False,True,True,False,False,False,False,False,False,False,False,False,False,False,False,False
3,2,160.0,30.037431135041,30.97438097056,0,0,0,0,0,0,0,0,0,0,26875.0,6,53.333333333333336,0.0,0,16.02378508137718,15.274125813221904,16.01134442508541,False,True,False,True,False,True,False,False,False,False,False,False,False,False,False,False,False,False,False
3,3,172.0,30.0600801,31.5985531,8,0,0,1,1,0,1,0,0,0,72093.02325581395,9,57.333333333333336,4.651162790697675,3,16.282847171369255,16.29204904211537,16.066802461833923,False,True,False,False,True,True,False,False,False,False,False,False,False,False,False,False,False,False,False
3,1,130.0,30.03145,31.34338,0,0,0,0,0,0,0,0,0,0,23076.923076923078,3,43.333333333333336,0.0,0,15.501738199611221,15.519597237722468,16.066802461833923,False,True,False,True,False,True,False,False,False,False,False,False,False,False,False,False,False,False,False
3,3,160.0,30.07349031,31.60085522,13,0,1,1,1,1,1,0,0,1,45625.0,9,53.333333333333336,8.125,6,16.282847171369255,16.29204904211537,16.066802461833923,False,True,False,True,False,True,False,False,False,False,False,False,False,False,False,False,False,False,False
3,4,177.0,30.9628937,28.7565892,18,1,1,1,0,0,0,1,1,0,101694.91525423729,12,59.0,10.169491525423728,5,16.345788916607955,16.785925074816024,16.345788916607955,False,True,False,False,True,False,False,True,False,False,False,False,False,False,False,False,False,False,False
2,2,130.0,30.06805,31.406379,18,1,1,0,1,1,0,1,0,0,53846.153846153844,4,65.0,13.846153846153845,5,16.282847171369255,16.489659276356317,16.066802461833923,False,True,False,False,True,True,False,False,False,False,False,False,False,False,False,False,False,False,False
3,3,166.0,30.06805,31.406379,24,1,1,1,1,1,1,1,1,1,20000.0,9,55.333333333333336,14.457831325301205,9,16.282847171369255,16.489659276356317,16.066802461833923,False,True,False,False,True,True,False,False,False,False,False,False,False,False,False,False,False,False,False
4,5,400.0,30.0032958,31.0553032,6,0,0,0,1,0,1,0,0,0,128125.0,20,100.0,1.5,2,16.10616420501588,17.752226195494988,16.01134442508541,False,True,False,True,False,False,False,False,False,False,False,False,False,False,False,False,False,True,False
2,2,80.0,30.8412642,28.9270873,3,0,0,0,0,0,0,0,0,0,40000.0,4,40.0,3.75,0,16.345788916607955,15.76142084987672,16.345788916607955,True,False,False,True,False,False,False,True,False,False,False,False,False,False,False,False,False,False,False
2,1,109.0,30.09177585,31.6426486,9,0,0,1,0,1,1,0,0,0,42201.83486238532,2,54.5,8.256880733944953,3,15.93111255107345,15.88868261241667,16.066802461833923,False,True,False,True,False,True,False,False,False,False,False,False,False,False,False,False,False,False,False
3,2,175.0,30.084176505472,31.553512358984,0,0,0,0,0,0,0,0,0,0,26000.0,6,58.333333333333336,0.0,0,16.282847171369255,16.29204904211537,16.066802461833923,False,True,False,False,True,True,False,False,False,False,False,False,False,False,False,False,False,False,False
2,3,130.0,26.9653125,33.8830625,26,1,1,1,1,1,1,1,1,1,76923.07692307692,6,65.0,20.0,9,15.201805169084134,16.320219916747796,16.233206958474412,False,True,False,True,False,False,False,True,False,False,False,False,False,False,False,False,False,False,False
5,5,287.0,30.0029471,31.595582,0,0,0,0,0,0,0,0,0,0,129912.89198606272,25,57.4,0.0,0,15.616501940217244,16.956410275190038,16.066802461833923,False,False,True,True,False,False,False,False,False,False,False,False,False,False,False,False,False,True,False
2,1,100.0,30.9628937,28.7565892,13,1,1,1,0,1,1,1,0,0,145000.0,2,50.0,13.0,6,16.345788916607955,16.785925074816024,16.345788916607955,True,False,False,True,False,False,False,True,False,False,False,False,False,False,False,False,False,False,False
3,2,160.0,29.961857492505,31.529493650568,5,0,0,1,0,0,0,0,0,0,25000.0,6,53.333333333333336,3.125,1,16.282847171369255,16.29204904211537,16.066802461833923,False,True,False,True,False,True,False,False,False,False,False,False,False,False,False,False,False,False,False
3,3,300.0,30.073028969307,30.965373520242,7,0,0,0,1,1,1,0,0,1,88333.33333333333,9,100.0,2.3333333333333335,4,16.02378508137718,17.310868988875562,16.01134442508541,False,True,False,True,False,False,False,False,False,False,False,False,False,False,False,True,False,False,False
2,2,120.0,30.0377629,31.4827162,0,0,0,0,0,0,0,0,0,0,38333.333333333336,4,60.0,0.0,0,16.282847171369255,16.29204904211537,16.066802461833923,False,True,False,True,False,True,False,False,False,False,False,False,False,False,False,False,False,False,False
6,4,350.0,30.0574569,31.6018979,41,1,1,1,1,1,1,1,0,1,45000.0,24,58.333333333333336,11.714285714285714,8,16.282847171369255,16.29204904211537,16.066802461833923,False,True,False,True,False,False,False,False,True,False,False,False,False,False,False,False,False,False,False
3,2,110.0,31.0788548,27.9963244,9,1,0,1,0,0,0,0,0,0,95454.54545454546,6,36.666666666666664,8.181818181818182,2,16.345788916607955,16.264790116464905,16.345788916607955,False,True,False,True,False,False,False,True,False,False,False,False,False,False,False,False,False,False,False
2,3,168.0,30.0288434,31.4075884,9,1,1,1,0,0,0,0,0,0,98214.28571428571,6,84.0,5.357142857142858,3,16.282847171369255,16.29204904211537,16.066802461833923,False,True,False,True,False,True,False,False,False,False,False,False,False,False,False,False,False,False,False
3,2,205.0,30.03145,31.34338,0,0,0,0,0,0,0,0,0,0,27804.878048780487,6,68.33333333333333,0.0,0,15.501738199611221,15.555976908243359,16.066802461833923,False,True,False,True,False,True,False,False,False,False,False,False,False,False,False,False,False,False,False
3,4,185.0,31.07192223,28.22889797,16,1,1,0,1,1,0,0,0,1,98648.64864864865,12,61.666666666666664,8.648648648648647,5,16.345788916607955,16.491037636231447,16.345788916607955,False,True,False,False,True,False,False,False,False,False,False,False,False,False,False,True,False,False,False
2,2,135.0,30.080763829321,31.543997437428,12,1,1,1,1,1,0,0,0,1,54074.07407407407,4,67.5,8.888888888888888,6,16.282847171369255,16.29204904211537,16.066802461833923,False,True,False,False,True,True,False,False,False,False,False,False,False,False,False,False,False,False,False
2,2,135.0,30.0246926,31.4940262,20,0,1,1,1,1,1,0,0,1,77777.77037037037,4,67.5,14.814814814814813,6,16.282847171369255,16.29204904211537,16.066802461833923,True,False,False,True,False,True,False,False,False,False,False,False,False,False,False,False,False,False,False
2,3,120.0,30.9967183,28.6909805,25,1,1,1,1,1,1,1,1,1,235833.33333333334,6,60.0,20.833333333333336,9,16.345788916607955,16.785925074816024,16.345788916607955,False,True,False,False,True,False,False,True,False,False,False,False,False,False,False,False,False,False,False
3,3,198.0,31.17310014,29.9287022,12,0,0,0,1,1,1,0,0,1,56060.606060606064,9,66.0,6.0606060606060606,4,16.16000514993119,16.16000514993119,15.851522672265068,False,True,False,False,True,True,False,False,False,False,False,False,False,False,False,False,False,False,False
5,4,248.0,27.855874427197,31.246581787806,23,1,1,1,1,0,1,1,1,0,153225.8064516129,20,49.6,9.274193548387096,7,16.345788916607955,16.264790116464905,16.345788916607955,False,True,False,False,True,False,False,False,False,False,False,False,False,False,False,False,False,True,False
3,3,157.0,30.03902331,31.50602283,16,1,1,0,1,1,0,1,1,1,25477.707006369426,9,52.333333333333336,10.19108280254777,7,16.282847171369255,16.29204904211537,16.066802461833923,False,True,False,True,False,True,False,False,False,False,False,False,False,False,False,False,False,False,False
3,2,155.0,30.033246576666,31.514915831553,0,0,0,0,0,0,0,0,0,0,47096.77419354839,6,51.666666666666664,0.0,0,16.282847171369255,16.29204904211537,16.066802461833923,False,True,False,False,True,True,False,False,False,False,False,False,False,False,False,False,False,False,False
3,4,385.0,30.0920272,31.4838462,0,0,0,0,0,0,0,0,0,0,60916.88311688312,12,128.33333333333334,0.0,0,16.282847171369255,16.489659276356317,16.066802461833923,False,True,False,True,False,False,False,False,False,False,False,False,False,False,False,True,False,False,False
3,3,150.0,30.9868595,28.7155999,25,1,1,1,1,1,1,0,0,1,66666.66666666667,9,50.0,16.666666666666668,7,16.345788916607955,15.76142084987672,16.345788916607955,False,True,False,True,False,False,False,False,False,False,False,False,True,False,False,False,False,False,False
3,3,175.0,29.94522,30.99012,0,0,0,0,0,0,0,0,0,0,18000.0,9,58.333333333333336,0.0,0,16.10616420501588,15.319588176962746,16.01134442508541,False,False,True,False,True,True,False,False,False,False,False,False,False,False,False,False,False,False,False
2,2,115.0,30.996363,28.6804318,17,1,1,1,0,0,1,0,0,0,67826.08695652174,4,57.5,14.782608695652176,4,16.345788916607955,16.785925074816024,16.345788916607955,False,True,False,True,False,False,False,False,False,False,False,False,True,False,False,False,False,False,False
3,3,210.0,29.9462159,31.7122334,17,1,1,1,1,0,0,1,1,0,24562.876190476192,9,70.0,8.095238095238095,6,15.616501940217244,15.532650642238089,16.066802461833923,False,True,False,True,False,True,False,False,False,False,False,False,False,False,False,False,False,False,False
6,6,361.0,29.9885982,31.0445272,16,1,1,1,1,1,1,1,1,1,34626.038781163435,36,60.166666666666664,4.43213296398892,9,16.10616420501588,16.39933015491581,16.01134442508541,False,False,True,True,False,False,False,False,False,False,False,False,False,False,False,False,False,True,False
2,2,123.0,30.118908615659,31.652102804902,0,0,0,0,0,0,0,0,0,0,65691.05691056911,4,61.5,0.0,0,16.088423555642784,15.899927389451875,16.066802461833923,False,False,True,True,False,True,False,False,False,False,False,False,False,False,False,False,False,False,False
3,3,150.0,30.09177585,31.6426486,0,0,0,0,0,0,0,0,0,0,60000.0,9,50.0,0.0,0,15.93111255107345,15.88868261241667,16.066802461833923,False,True,False,True,False,True,False,False,False,False,False,False,False,False,False,False,False,False,False
3,3,167.0,30.99104,30.0537,39,1,1,1,1,1,0,1,1,1,53892.21556886227,9,55.666666666666664,23.353293413173652,8,16.02378508137718,15.585265227956793,16.01134442508541,False,True,False,True,False,True,False,False,False,False,False,False,False,False,False,False,False,False,False
2,2,118.0,30.0468424,30.998248,35,1,1,1,1,0,0,0,1,1,110169.49152542373,4,59.0,29.661016949152543,6,16.02378508137718,15.862682968241984,16.01134442508541,True,False,False,False,True,True,False,False,False,False,False,False,False,False,False,False,False,False,False
3,3,196.0,30.22834,31.47989,17,0,0,1,1,1,1,0,0,1,48469.38775510204,9,65.33333333333333,8.673469387755102,5,15.219188824173482,15.29452599349607,16.066802461833923,False,True,False,True,False,False,False,False,False,False,False,False,False,False,False,True,False,False,False
1,1,70.0,30.07349031,31.60085522,0,0,0,0,0,0,0,0,0,0,92857.14285714286,1,70.0,0.0,0,16.282847171369255,16.29204904211537,16.066802461833923,False,True,False,True,False,True,False,False,False,False,False,False,False,False,False,False,False,False,False
6,8,406.0,29.9885982,31.0445272,16,1,1,1,0,1,0,0,0,1,110837.43842364532,48,67.66666666666667,3.9408866995073897,5,16.10616420501588,16.39933015491581,16.01134442508541,False,True,False,False,True,False,False,False,False,False,False,False,False,False,False,False,False,True,False
3,3,225.0,30.07349031,31.60085522,9,0,0,0,1,1,0,1,0,1,56351.11111111111,9,75.0,4.0,4,16.282847171369255,16.29204904211537,16.066802461833923,False,False,True,True,False,False,False,False,False,False,False,False,False,False,False,False,False,False,True
2,2,95.0,31.0846702,27.9347746,31,1,1,1,0,1,0,1,1,1,88336.84210526316,4,47.5,32.631578947368425,7,16.345788916607955,16.548253436697504,16.345788916607955,False,True,False,True,False,False,False,True,False,False,False,False,False,False,False,False,False,False,False
3,3,140.0,31.075992693113,27.971111509728,48,1,1,1,1,1,1,1,1,1,117500.0,9,46.666666666666664,34.285714285714285,9,16.345788916607955,16.264790116464905,16.345788916607955,True,False,False,True,False,False,False,True,False,False,False,False,False,False,False,False,False,False,False
3,3,149.0,30.09177585,31.6426486,55,1,1,1,1,1,1,1,1,1,57718.12080536913,9,49.666666666666664,36.91275167785235,9,15.93111255107345,15.88868261241667,16.066802461833923,False,True,False,True,False,True,False,False,False,False,False,False,False,False,False,False,False,False,False
6,6,1000.0,29.9820789,30.9664711,0,0,0,0,0,0,0,0,0,0,29000.0,36,166.66666666666666,0.0,0,16.10616420501588,15.830413711839864,16.01134442508541,False,True,False,True,False,False,False,False,False,False,False,False,False,False,False,False,False,True,False
2,3,105.0,29.99599,31.0252763,9,0,0,1,1,0,0,0,0,0,105120.95238095238,6,52.5,8.571428571428571,2,16.10616420501588,16.216827334374067,16.01134442508541,False,False,True,True,False,True,False,False,False,False,False,False,False,False,False,False,False,False,False
4,4,450.0,30.14421,31.63972,0,0,0,0,0,0,0,0,0,0,32222.222222222223,16,112.5,0.0,0,16.088423555642784,15.35237799261728,16.066802461833923,False,True,False,True,False,False,False,False,False,False,False,False,False,False,False,False,False,True,False
3,3,149.0,30.0445728,31.0243959,48,1,0,1,1,1,1,1,1,1,35167.785234899326,9,49.666666666666664,32.214765100671144,8,16.02378508137718,16.115740211329367,16.01134442508541,False,True,False,False,True,True,False,False,False,False,False,False,False,False,False,False,False,False,False
2,2,108.0,29.6727347,32.3374381,17,1,1,1,1,1,1,1,1,1,27777.777777777777,4,54.0,15.74074074074074,9,15.747032114495013,15.967921456359903,15.747032114495013,False,False,True,False,True,False,False,True,False,False,False,False,False,False,False,False,False,False,False
3,3,242.0,30.090647810305,31.377698496569,21,1,1,0,1,1,0,1,1,1,48000.0,9,80.66666666666667,8.677685950413224,7,15.803385043104912,15.803385043104912,16.066802461833923,False,True,False,True,False,False,False,False,True,False,False,False,False,False,False,False,False,False,False
3,2,156.0,31.065661392699,28.397555312136,5,0,0,0,0,0,1,0,0,1,182692.3076923077,6,52.0,3.205128205128205,2,16.345788916607955,16.44313860719088,16.345788916607955,False,True,False,False,True,False,False,False,False,False,False,False,False,False,False,False,False,True,False
2,2,110.0,31.0842803,28.1066088,8,1,1,1,1,1,1,0,0,0,75454.54545454546,4,55.0,7.2727272727272725,6,16.345788916607955,16.264790116464905,16.345788916607955,False,False,True,False,True,False,False,True,False,False,False,False,False,False,False,False,False,False,False
2,2,89.0,30.09177585,31.6426486,0,0,0,0,0,0,0,0,0,0,44943.8202247191,4,44.5,0.0,0,15.93111255107345,15.88868261241667,16.066802461833923,False,True,False,True,False,True,False,False,False,False,False,False,False,False,False,False,False,False,False
3,2,155.0,29.7666672,31.0988357,4,0,0,1,0,0,0,0,0,0,43225.8064516129,6,51.666666666666664,2.5806451612903225,1,16.101268496405105,16.101268496405105,15.851522672265068,False,True,False,True,False,True,False,False,False,False,False,False,False,False,False,False,False,False,False
2,1,88.0,27.2579,33.81161,23,1,1,0,1,1,1,0,0,1,33500.0,2,44.0,26.136363636363637,6,15.201805169084134,14.837935966150166,16.233206958474412,False,True,False,True,False,True,False,False,False,False,False,False,False,False,False,False,False,False,False
3,3,145.0,30.10352719841,30.872270093253,22,1,1,1,1,1,1,1,1,1,46206.89655172414,9,48.333333333333336,15.172413793103448,9,16.02378508137718,15.764840252890174,16.01134442508541,False,True,False,False,True,True,False,False,False,False,False,False,False,False,False,False,False,False,False
3,4,170.0,26.9637262,33.8799191,43,1,1,1,1,1,1,1,1,1,135294.11764705883,12,56.666666666666664,25.294117647058822,9,16.801192546169812,16.320219916747796,16.233206958474412,False,True,False,False,True,False,False,False,False,False,False,False,False,False,False,False,True,False,False
3,3,165.0,30.025056,31.5948035,4,0,0,0,0,0,0,0,0,0,90909.09090909091,9,55.0,2.4242424242424243,0,16.282847171369255,16.29204904211537,16.066802461833923,False,False,True,False,True,True,False,False,False,False,False,False,False,False,False,False,False,False,False
3,4,170.0,31.03162569,28.58096116,17,1,1,1,1,0,0,1,0,0,229411.76470588235,12,56.666666666666664,10.0,5,16.345788916607955,16.785925074816024,16.345788916607955,True,False,False,True,False,False,False,False,False,False,False,False,False,False,False,False,False,True,False
3,2,145.0,30.0713212,31.5772612,30,1,1,1,0,1,1,1,1,1,46206.89655172414,6,48.333333333333336,20.689655172413794,8,16.282847171369255,16.29204904211537,16.066802461833923,False,True,False,True,False,True,False,False,False,False,False,False,False,False,False,False,False,False,False
4,4,383.0,29.9879568,31.0100011,17,1,1,1,1,1,1,1,1,1,37859.00783289817,16,95.75,4.43864229765013,9,16.10616420501588,16.489659276356317,16.01134442508541,False,False,True,True,False,False,False,False,False,False,False,False,False,False,False,False,True,False,False
3,2,123.0,30.06603,31.48561,0,0,0,0,0,0,0,0,0,0,56910.56910569106,6,41.0,0.0,0,16.282847171369255,15.86963441986494,16.066802461833923,True,False,False,True,False,True,False,False,False,False,False,False,False,False,False,False,False,False,False
1,1,65.0,31.0952654,27.9249993,0,0,0,0,0,0,0,0,0,0,132307.6923076923,1,65.0,0.0,0,16.345788916607955,16.264790116464905,16.345788916607955,False,False,True,True,False,False,False,True,False,False,False,False,False,False,False,False,False,False,False
3,2,156.0,30.0941611,31.7041108,9,0,1,0,1,0,1,0,0,0,35792.94871794872,6,52.0,5.769230769230769,3,15.82707481102028,15.793051943818522,16.066802461833923,False,True,False,False,True,True,False,False,False,False,False,False,False,False,False,False,False,False,False
2,1,122.0,31.065661392699,28.397555312136,5,0,0,0,0,1,1,0,0,0,113450.0,2,61.0,4.098360655737705,2,16.345788916607955,16.44313860719088,16.345788916607955,False,True,False,False,True,False,False,True,False,False,False,False,False,False,False,False,False,False,False
3,2,155.0,30.0381444,31.0381771,8,0,0,0,1,1,1,0,0,1,48387.096774193546,6,51.666666666666664,5.161290322580645,4,16.02378508137718,15.974254731399089,16.01134442508541,True,False,False,True,False,True,False,False,False,False,False,False,False,False,False,False,False,False,False
5,5,383.0,29.9879568,31.0100011,32,1,1,1,1,1,1,1,1,0,69190.60052219321,25,76.6,8.35509138381201,8,16.10616420501588,16.489659276356317,16.01134442508541,False,True,False,True,False,False,False,False,False,False,False,False,False,False,False,False,True,False,False
2,2,128.0,29.243784,32.6249357,13,0,0,1,1,0,1,0,0,0,24218.75,4,64.0,10.15625,3,15.747032114495013,14.946912992035967,15.747032114495013,False,True,False,True,False,False,False,False,True,False,False,False,False,False,False,False,False,False,False
3,3,166.0,30.041309,31.4771017,6,0,0,1,0,0,0,0,0,0,93072.2891566265,9,55.333333333333336,3.6144578313253013,1,16.282847171369255,16.29204904211537,16.066802461833923,False,True,False,True,False,True,False,False,False,False,False,False,False,False,False,False,False,False,False
2,2,115.0,31.21536,29.94034,0,0,0,0,0,0,0,0,0,0,51469.565217391304,4,57.5,0.0,0,15.830413711839864,15.754226482185867,15.851522672265068,False,True,False,False,True,True,False,False,False,False,False,False,False,False,False,False,False,False,False
2,2,140.0,30.0669117,31.3375553,11,1,1,1,1,1,0,0,0,1,50000.0,4,70.0,7.857142857142858,6,15.82707481102028,15.687312888712007,16.066802461833923,False,True,False,False,True,True,False,False,False,False,False,False,False,False,False,False,False,False,False
3,3,140.0,30.0478192,31.5372842,10,0,0,1,0,1,1,0,0,1,78571.42857142857,9,46.666666666666664,7.142857142857143,4,16.282847171369255,16.29204904211537,16.066802461833923,False,True,False,True,False,True,False,False,False,False,False,False,False,False,False,False,False,False,False
2,1,99.0,30.06603,31.48561,4,0,0,0,0,1,0,0,0,1,55555.555555555555,2,49.5,4.040404040404041,2,16.282847171369255,15.86963441986494,16.066802461833923,False,True,False,True,False,True,False,False,False,False,False,False,False,False,False,False,False,False,False
5,6,600.0,30.032588,31.5043778,12,0,0,1,1,0,0,0,0,0,100000.0,30,120.0,2.0,2,16.282847171369255,16.29204904211537,16.066802461833923,False,True,False,True,False,False,False,False,False,False,False,False,False,False,False,False,False,True,False
4,4,450.0,31.082957585789,28.032116949628,11,1,0,0,1,1,0,0,0,1,40000.0,16,112.5,2.4444444444444446,4,16.345788916607955,16.264790116464905,16.345788916607955,False,True,False,True,False,False,False,False,False,False,False,False,False,False,False,False,False,True,False
4,4,552.0,29.9747601205,31.565092165587,0,0,0,0,0,0,0,0,0,0,47101.44927536232,16,138.0,0.0,0,16.282847171369255,16.65585283324605,16.066802461833923,False,False,True,True,False,False,False,False,False,False,False,False,False,False,False,False,False,True,False
3,3,135.0,31.0789366,28.1843221,23,1,1,1,1,1,1,1,1,0,50706.07407407407,9,45.0,17.037037037037035,8,16.345788916607955,16.264790116464905,16.345788916607955,False,True,False,True,False,False,False,True,False,False,False,False,False,False,False,False,False,False,False
3,3,210.0,31.0789366,28.1843221,50,1,1,1,1,1,1,1,1,1,59761.90476190476,9,70.0,23.80952380952381,9,16.345788916607955,16.264790116464905,16.345788916607955,False,True,False,True,False,False,False,False,False,False,False,False,False,False,False,False,True,False,False
3,2,145.0,31.3543445,27.2373159,0,0,0,0,0,0,0,0,0,0,131034.4827586207,6,48.333333333333336,0.0,0,16.345788916607955,16.264790116464905,16.345788916607955,False,True,False,False,True,False,False,True,False,False,False,False,False,False,False,False,False,False,False
3,2,153.0,30.166137,31.6680496,0,0,0,0,0,0,0,0,0,0,81119.477124183,6,51.0,0.0,0,16.300417291085605,16.486367704879513,16.066802461833923,False,True,False,False,True,True,False,False,False,False,False,False,False,False,False,False,False,False,False
3,3,223.0,30.051488670818,30.932802884166,28,1,1,1,1,1,1,1,1,1,41973.09417040359,9,74.33333333333333,12.556053811659194,9,16.02378508137718,16.454567959008102,16.01134442508541,False,True,False,False,True,False,False,False,False,False,False,False,False,False,False,False,False,True,False
2,2,125.0,31.25182,29.97645,0,0,0,0,0,0,0,0,0,0,28000.0,4,62.5,0.0,0,15.068273812173887,15.068273812173887,15.851522672265068,False,True,False,True,False,True,False,False,False,False,False,False,False,False,False,False,False,False,False
2,1,77.0,27.2579,33.81161,26,1,1,0,1,1,1,0,0,1,23000.0,2,38.5,33.76623376623377,6,15.201805169084134,14.837935966150166,16.233206958474412,False,True,False,True,False,True,False,False,False,False,False,False,False,False,False,False,False,False,False
3,3,250.0,29.98644,31.16651,0,0,0,0,0,0,0,0,0,0,16000.0,9,83.33333333333333,0.0,0,14.88022163978423,14.751604309291395,16.01134442508541,False,True,False,True,False,True,False,False,False,False,False,False,False,False,False,False,False,False,False
3,2,170.0,30.14421,31.63972,33,0,0,1,1,1,1,0,0,1,20176.470588235294,6,56.666666666666664,19.411764705882355,5,16.088423555642784,15.35237799261728,16.066802461833923,False,True,False,True,False,True,False,False,False,False,False,False,False,False,False,False,False,False,False
0,1,54.0,27.0371151,33.876951,19,1,1,0,0,1,1,1,1,0,96296.29629629629,0,60.0,35.18518518518518,6,15.600326650597992,15.46416937585933,16.233206958474412,False,True,False,False,True,True,False,False,False,False,False,False,False,False,False,False,False,False,False
3,3,150.0,30.0941611,31.7041108,0,0,0,0,0,0,0,0,0,0,81906.66666666667,9,50.0,0.0,0,15.82707481102028,15.793051943818522,16.066802461833923,False,True,False,False,True,False,False,False,False,False,False,False,False,False,False,True,False,False,False
4,4,440.0,30.9967183,28.6909805,6,0,0,0,0,0,0,0,0,0,54545.454545454544,16,110.0,1.3636363636363635,0,16.345788916607955,16.785925074816024,16.345788916607955,True,False,False,True,False,False,False,True,False,False,False,False,False,False,False,False,False,False,False
3,2,164.0,30.025056,31.5948035,18,1,1,1,1,1,0,1,1,0,79268.29268292683,6,54.666666666666664,10.975609756097562,7,16.282847171369255,16.29204904211537,16.066802461833923,False,True,False,True,False,True,False,False,False,False,False,False,False,False,False,False,False,False,False
2,2,115.0,29.4705022,32.4537273,20,1,0,0,1,1,1,0,0,1,52173.913043478264,4,57.5,17.39130434782609,5,15.747032114495013,15.506518023422661,15.747032114495013,False,True,False,True,False,False,False,True,False,False,False,False,False,False,False,False,False,False,False
3,3,145.0,30.07349031,31.60085522,37,1,1,1,1,1,0,1,1,0,46465.8275862069,9,48.333333333333336,25.517241379310345,7,16.282847171369255,16.29204904211537,16.066802461833923,False,True,False,False,True,True,False,False,False,False,False,False,False,False,False,False,False,False,False
2,2,92.0,31.082957585789,28.032116949628,0,0,0,0,0,0,0,0,0,0,114130.43478260869,4,46.0,0.0,0,16.345788916607955,16.264790116464905,16.345788916607955,True,False,False,True,False,False,False,False,False,False,False,False,True,False,False,False,False,False,False
3,3,125.0,30.0364702,31.5525584,14,1,1,1,1,1,1,0,0,1,58400.0,9,41.666666666666664,11.2,7,16.282847171369255,16.29204904211537,16.066802461833923,False,True,False,False,True,True,False,False,False,False,False,False,False,False,False,False,False,False,False
3,2,179.0,31.208442946995,29.939799250338,2,0,0,0,0,0,0,0,0,1,69726.72067039106,6,59.666666666666664,1.1173184357541899,1,15.830413711839864,16.300417291085605,15.851522672265068,False,True,False,False,True,True,False,False,False,False,False,False,False,False,False,False,False,False,False
3,3,208.0,31.17310014,29.9287022,2,0,0,0,0,1,0,0,0,1,63000.0,9,69.33333333333333,0.9615384615384615,2,16.16000514993119,16.16000514993119,15.851522672265068,False,True,False,False,True,True,False,False,False,False,False,False,False,False,False,False,False,False,False
6,2,250.0,29.99352595,31.5196573,0,0,0,0,0,0,0,0,0,0,8000.0,12,41.666666666666664,0.0,0,16.282847171369255,16.29204904211537,16.066802461833923,False,True,False,True,False,True,False,False,False,False,False,False,False,False,False,False,False,False,False
3,2,192.0,30.8224695,28.954309,20,1,1,0,1,1,0,1,1,1,20520.833333333332,6,64.0,10.416666666666668,7,16.345788916607955,15.76142084987672,16.345788916607955,False,True,False,True,False,True,False,False,False,False,False,False,False,False,False,False,False,False,False
5,5,250.0,30.04842577295,31.501481164322,12,0,0,1,1,0,0,0,0,0,92000.0,25,50.0,4.8,2,16.282847171369255,16.29204904211537,16.066802461833923,False,False,True,True,False,False,False,False,False,False,False,False,False,False,False,False,False,True,False
3,4,245.0,30.04842577295,31.501481164322,7,0,0,1,0,0,0,0,0,0,64897.95918367347,12,81.66666666666667,2.8571428571428568,1,16.282847171369255,16.29204904211537,16.066802461833923,False,False,True,True,False,False,False,False,False,False,False,False,False,False,False,False,False,False,True
3,3,160.0,29.975602715328,31.539302153821,20,1,1,1,1,0,0,1,1,0,112500.0,9,53.333333333333336,12.5,6,16.282847171369255,16.29204904211537,16.066802461833923,False,True,False,False,True,True,False,False,False,False,False,False,False,False,False,False,False,False,False
5,5,580.0,30.073028969307,30.965373520242,45,1,1,1,1,1,1,1,1,1,86206.89655172414,25,116.0,7.758620689655173,9,16.02378508137718,17.310868988875562,16.01134442508541,False,True,False,True,False,False,False,False,False,False,False,False,False,False,False,False,False,True,False
3,2,126.0,31.1903125,27.5931875,24,1,1,1,1,1,1,1,1,1,63174.60317460317,6,42.0,19.047619047619047,9,16.345788916607955,16.87484358496413,16.345788916607955,False,True,False,False,True,False,False,True,False,False,False,False,False,False,False,False,False,False,False
5,4,244.0,29.99792889,31.49372067,18,0,1,1,1,0,0,1,1,0,155737.70491803277,20,48.8,7.377049180327869,5,16.282847171369255,16.29204904211537,16.066802461833923,False,True,False,False,True,False,False,False,False,False,False,False,False,False,False,False,False,True,False
2,2,125.0,30.166137,31.6680496,0,0,0,0,0,0,0,0,0,0,109920.0,4,62.5,0.0,0,16.300417291085605,16.486367704879513,16.066802461833923,False,True,False,False,True,True,False,False,False,False,False,False,False,False,False,False,False,False,False
1,2,96.0,30.8583492,28.9042079,11,0,0,1,1,0,1,0,0,0,50520.833333333336,2,96.0,11.458333333333334,3,16.345788916607955,15.76142084987672,16.345788916607955,False,False,True,True,False,False,False,True,False,False,False,False,False,False,False,False,False,False,False
3,3,319.0,30.0758544,31.4716547,10,0,1,0,1,0,1,0,0,0,100313.47962382445,9,106.33333333333333,3.134796238244514,3,16.282847171369255,16.489659276356317,16.066802461833923,False,True,False,False,True,False,False,False,True,False,False,False,False,False,False,False,False,False,False
4,4,383.0,30.0025075,31.0003656,41,1,1,1,1,1,1,1,1,1,39164.4908616188,16,95.75,10.704960835509139,9,16.10616420501588,16.52356082573315,16.01134442508541,False,True,False,True,False,False,False,False,False,False,False,False,False,False,False,False,True,False,False
2,3,241.0,30.14421,31.63972,10,0,0,1,1,0,0,0,0,0,13692.946058091286,6,120.5,4.149377593360995,2,16.088423555642784,15.35237799261728,16.066802461833923,False,True,False,True,False,True,False,False,False,False,False,False,False,False,False,False,False,False,False
3,2,122.0,31.0814176,28.0817098,9,0,0,0,0,1,1,0,0,1,68327.86885245901,6,40.666666666666664,7.377049180327869,3,16.345788916607955,16.264790116464905,16.345788916607955,False,True,False,False,True,False,False,True,False,False,False,False,False,False,False,False,False,False,False
3,3,232.0,30.0212161,31.5472488,15,1,1,1,1,1,1,1,1,1,125000.0,9,77.33333333333333,6.4655172413793105,9,16.282847171369255,16.29204904211537,16.066802461833923,True,False,False,True,False,True,False,False,False,False,False,False,False,False,False,False,False,False,False
3,3,168.0,30.9628937,28.7565892,10,1,0,1,1,1,1,0,0,0,208333.33333333334,9,56.0,5.9523809523809526,5,16.345788916607955,16.785925074816024,16.345788916607955,True,False,False,True,False,False,False,False,False,False,False,False,False,False,False,True,False,False,False
3,3,144.0,29.9711539,31.7296274,25,1,1,1,1,1,0,1,1,0,59722.22222222222,9,48.0,17.36111111111111,7,15.616501940217244,15.687312888712007,16.066802461833923,False,True,False,True,False,True,False,False,False,False,False,False,False,False,False,False,False,False,False
3,3,200.0,30.005083,30.9699516,12,1,1,1,1,1,0,0,0,0,55000.0,9,66.66666666666667,6.0,5,16.10616420501588,16.29693295701031,16.01134442508541,False,True,False,True,False,True,False,False,False,False,False,False,False,False,False,False,False,False,False
3,3,185.0,30.0029471,31.595582,0,0,0,0,0,0,0,0,0,0,110000.0,9,61.666666666666664,0.0,0,15.616501940217244,16.956410275190038,16.066802461833923,False,False,True,False,True,False,False,False,False,False,False,False,False,False,False,True,False,False,False
1,1,54.0,30.0346339,31.818525,0,0,0,0,0,0,0,0,0,0,99381.5925925926,1,54.0,0.0,0,15.616501940217244,15.495706423212354,16.066802461833923,False,False,True,False,True,False,False,False,False,True,False,False,False,False,False,False,False,False,False
3,3,250.0,29.9986558,31.426684,0,0,0,0,0,0,0,0,0,0,29000.0,9,83.33333333333333,0.0,0,16.282847171369255,16.489659276356317,16.066802461833923,False,True,False,True,False,True,False,False,False,False,False,False,False,False,False,False,False,False,False
3,2,125.0,31.082957585789,28.032116949628,26,1,1,1,1,1,1,0,1,1,39600.0,6,41.666666666666664,20.8,8,16.345788916607955,16.264790116464905,16.345788916607955,False,False,True,True,False,False,False,True,False,False,False,False,False,False,False,False,False,False,False
2,2,138.0,30.9628937,28.7565892,18,1,1,1,0,0,0,1,1,0,119565.21739130435,4,69.0,13.043478260869566,5,16.345788916607955,16.785925074816024,16.345788916607955,False,True,False,False,True,False,False,True,False,False,False,False,False,False,False,False,False,False,False
3,2,130.0,29.9714981,31.5292007,0,0,0,0,0,0,0,0,0,0,21923.076923076922,6,43.333333333333336,0.0,0,16.282847171369255,16.29204904211537,16.066802461833923,False,True,False,True,False,True,False,False,False,False,False,False,False,False,False,False,False,False,False
2,1,130.0,31.26527,30.00177,8,0,0,0,0,1,1,0,0,0,24615.384615384617,2,65.0,6.153846153846153,2,15.08156496579434,15.08156496579434,15.851522672265068,False,True,False,True,False,True,False,False,False,False,False,False,False,False,False,False,False,False,False
1,1,64.0,30.09177585,31.6426486,0,0,0,0,0,0,0,0,0,0,60937.5,1,64.0,0.0,0,15.93111255107345,15.88868261241667,16.066802461833923,False,True,False,True,False,True,False,False,False,False,False,False,False,False,False,False,False,False,False
3,3,150.0,29.1853853,32.6326142,18,1,1,1,1,1,1,1,1,1,60000.0,9,50.0,12.0,9,15.747032114495013,16.012735246411598,15.747032114495013,False,True,False,True,False,False,False,True,False,False,False,False,False,False,False,False,False,False,False
3,3,200.0,29.9842656,31.540594,0,0,0,0,0,0,0,0,0,0,80000.0,9,66.66666666666667,0.0,0,16.282847171369255,16.29204904211537,16.066802461833923,False,True,False,True,False,False,False,False,True,False,False,False,False,False,False,False,False,False,False
3,3,193.0,30.8365625,28.9590625,0,0,0,0,0,0,0,0,0,0,93264.24870466322,9,64.33333333333333,0.0,0,16.345788916607955,15.76142084987672,16.345788916607955,False,True,False,False,True,False,False,False,False,False,False,False,True,False,False,False,False,False,False
2,1,90.0,30.06603,31.48561,0,0,0,0,0,0,0,0,0,0,55555.555555555555,2,45.0,0.0,0,16.282847171369255,15.86963441986494,16.066802461833923,True,False,False,True,False,True,False,False,False,False,False,False,False,False,False,False,False,False,False
2,1,146.0,29.9978985,31.63101061,8,0,0,0,0,1,1,0,0,0,71335.61643835617,2,73.0,5.47945205479452,2,15.616501940217244,15.607270193858982,16.066802461833923,False,True,False,True,False,True,False,False,False,False,False,False,False,False,False,False,False,False,False
1,2,65.0,28.964784446296,30.833637483206,5,1,0,0,0,0,0,1,0,0,230769.23076923078,2,65.0,7.692307692307692,2,16.345788916607955,16.870134399346455,16.345788916607955,True,False,False,True,False,False,False,True,False,False,False,False,False,False,False,False,False,False,False
3,2,163.0,30.025056,31.5948035,25,1,1,1,1,0,1,1,1,0,76466.25766871165,6,54.333333333333336,15.337423312883436,7,16.282847171369255,16.29204904211537,16.066802461833923,False,False,True,True,False,True,False,False,False,False,False,False,False,False,False,False,False,False,False
1,1,75.0,28.715620708338,30.978711069679,6,0,0,0,0,0,1,0,0,0,85333.33333333333,1,75.0,8.0,1,16.345788916607955,15.795822271763136,16.345788916607955,False,True,False,False,True,False,False,True,False,False,False,False,False,False,False,False,False,False,False
2,2,115.0,30.296016240473,30.835012150923,28,1,1,1,1,1,1,0,0,1,39000.0,4,57.5,24.347826086956523,7,16.10616420501588,15.316249276440448,16.01134442508541,False,True,False,False,True,True,False,False,False,False,False,False,False,False,False,False,False,False,False
3,2,150.0,29.963261324748,31.771264172865,22,1,1,0,1,1,0,1,1,1,32550.0,6,50.0,14.666666666666666,7,15.616501940217244,15.384361031701085,16.066802461833923,False,True,False,False,True,True,False,False,False,False,False,False,False,False,False,False,False,False,False
3,2,600.0,30.0056533,31.4075951,9,0,0,0,0,1,1,0,0,1,130000.0,6,200.0,1.5,3,16.282847171369255,16.29204904211537,16.066802461833923,False,True,False,True,False,False,False,False,False,False,False,False,False,False,False,False,False,True,False
2,2,144.0,30.0259103,31.5359166,7,0,0,0,1,0,0,0,0,0,97222.22222222222,4,72.0,4.861111111111112,1,16.282847171369255,16.29204904211537,16.066802461833923,True,False,False,True,False,True,False,False,False,False,False,False,False,False,False,False,False,False,False
3,3,200.0,30.0478192,31.5372842,16,0,0,0,0,1,0,0,0,1,70000.0,9,66.66666666666667,8.0,2,16.282847171369255,16.29204904211537,16.066802461833923,False,False,True,True,False,True,False,False,False,False,False,False,False,False,False,False,False,False,False
3,2,143.0,30.069725035909,31.660034846981,48,1,1,1,1,1,1,1,1,1,69930.06993006993,6,47.666666666666664,33.56643356643357,9,15.82707481102028,16.118095750958314,16.066802461833923,True,False,False,False,True,True,False,False,False,False,False,False,False,False,False,False,False,False,False
2,2,140.0,30.0455507,31.6578556,5,0,0,1,0,0,0,0,0,0,48738.764285714286,4,70.0,3.5714285714285716,1,15.82707481102028,15.717618233614914,16.066802461833923,False,True,False,False,True,True,False,False,False,False,False,False,False,False,False,False,False,False,False
3,3,353.0,30.095655324801,31.634948228684,0,0,0,0,0,0,0,0,0,0,37535.41076487252,9,117.66666666666667,0.0,0,15.82707481102028,15.704245637578751,16.066802461833923,False,True,False,True,False,False,False,False,False,False,False,False,True,False,False,False,False,False,False
3,3,419.0,30.09177585,31.6426486,0,0,0,0,0,0,0,0,0,0,66825.77565632458,9,139.66666666666666,0.0,0,15.93111255107345,15.88868261241667,16.066802461833923,True,False,False,True,False,False,False,False,False,False,False,False,False,False,False,False,False,True,False
3,1,143.0,30.09177585,31.6426486,25,0,0,1,1,1,1,0,0,1,40839.545454545456,3,47.666666666666664,17.482517482517483,5,15.93111255107345,15.88868261241667,16.066802461833923,False,True,False,True,False,True,False,False,False,False,False,False,False,False,False,False,False,False,False
3,2,145.0,30.055711985811,30.832810731553,7,0,0,0,0,1,0,0,0,1,116579.31034482758,6,48.333333333333336,4.827586206896552,2,16.02378508137718,16.62486831228115,16.01134442508541,False,True,False,False,True,True,False,False,False,False,False,False,False,False,False,False,False,False,False
3,3,210.0,30.025056,31.5948035,6,0,0,0,0,1,1,0,0,0,61428.57142857143,9,70.0,2.857142857142857,2,16.282847171369255,16.29204904211537,16.066802461833923,False,True,False,True,False,True,False,False,False,False,False,False,False,False,False,False,False,False,False
3,3,155.0,29.963261324748,31.771264172865,0,0,0,0,0,0,0,0,0,0,29290.322580645163,9,51.666666666666664,0.0,0,15.616501940217244,15.384361031701085,16.066802461833923,False,True,False,False,True,True,False,False,False,False,False,False,False,False,False,False,False,False,False
2,2,120.0,29.939662391024,31.564651421584,0,0,0,0,0,0,0,0,0,0,44166.666666666664,4,60.0,0.0,0,16.282847171369255,16.200596964551092,16.066802461833923,False,True,False,False,True,True,False,False,False,False,False,False,False,False,False,False,False,False,False
2,3,124.0,30.0455507,31.6578556,9,0,0,0,1,1,1,0,0,0,58424.1935483871,6,62.0,7.258064516129032,3,15.82707481102028,15.717618233614914,16.066802461833923,False,True,False,False,True,True,False,False,False,False,False,False,False,False,False,False,False,False,False
3,3,186.0,30.090647810305,31.377698496569,17,1,1,1,1,1,1,0,0,1,45430.10752688172,9,62.0,9.139784946236558,7,15.803385043104912,15.803385043104912,16.066802461833923,False,True,False,True,False,True,False,False,False,False,False,False,False,False,False,False,False,False,False
3,3,198.0,31.23369,29.94885,6,0,0,0,0,0,1,0,0,0,41919.19191919192,9,66.0,3.0303030303030303,1,15.881089952544304,15.881089952544304,15.851522672265068,False,True,False,True,False,True,False,False,False,False,False,False,False,False,False,False,False,False,False
3,3,175.0,30.0941611,31.7041108,9,1,1,1,0,1,1,0,0,0,33142.857142857145,9,58.333333333333336,5.142857142857143,5,15.82707481102028,15.793051943818522,16.066802461833923,False,True,False,True,False,True,False,False,False,False,False,False,False,False,False,False,False,False,False
6,6,660.0,30.073028969307,30.965373520242,45,1,1,1,1,1,1,1,1,1,62121.21212121212,36,110.0,6.818181818181818,9,16.02378508137718,17.310868988875562,16.01134442508541,False,True,False,True,False,False,False,False,False,False,False,False,False,False,False,False,False,True,False
4,4,400.0,30.107832255957,31.596580211647,11,0,0,0,1,1,1,0,0,0,32500.0,16,100.0,2.75,3,16.088423555642784,16.380459992348886,16.066802461833923,False,True,False,True,False,False,False,False,False,False,False,False,False,False,False,True,False,False,False
3,2,140.0,29.2136814,32.6230538,5,0,1,1,1,1,1,0,0,0,67142.85714285714,6,46.666666666666664,3.5714285714285716,5,15.747032114495013,16.056220353623207,15.747032114495013,False,True,False,True,False,False,False,False,False,False,False,False,True,False,False,False,False,False,False
3,3,192.0,30.0111753,31.5161206,10,0,0,0,0,1,1,0,0,0,96354.16666666667,9,64.0,5.208333333333334,2,16.282847171369255,16.29204904211537,16.066802461833923,True,False,False,True,False,False,False,False,False,False,False,False,True,False,False,False,False,False,False
2,3,131.0,30.0527286,31.6173381,12,0,0,1,1,0,0,0,0,0,28244.274809160306,6,65.5,9.16030534351145,2,15.82707481102028,15.18922639004183,16.066802461833923,False,True,False,True,False,True,False,False,False,False,False,False,False,False,False,False,False,False,False
3,3,285.0,30.0050838,30.9290455,49,1,1,1,1,1,1,1,1,1,47368.42105263158,9,95.0,17.19298245614035,9,16.10616420501588,15.930560647738732,16.01134442508541,False,True,False,True,False,False,False,False,False,False,False,False,False,False,False,True,False,False,False
3,2,166.0,30.02834,31.83725,0,0,0,0,0,0,0,0,0,0,55348.0,6,55.333333333333336,0.0,0,15.616501940217244,16.033383700986175,16.066802461833923,False,False,True,False,True,True,False,False,False,False,False,False,False,False,False,False,False,False,False
4,4,530.0,29.9707309,31.0369528,19,0,1,1,1,1,1,0,0,1,22264.150943396227,16,132.5,3.5849056603773586,6,16.10616420501588,15.76142084987672,16.01134442508541,False,True,False,True,False,False,False,False,False,False,False,False,False,False,False,True,False,False,False
4,3,210.0,29.9294519,30.9148066,0,0,0,0,0,0,0,0,0,0,16000.0,12,52.5,0.0,0,16.10616420501588,15.027451829558391,16.01134442508541,False,True,False,True,False,True,False,False,False,False,False,False,False,False,False,False,False,False,False
3,3,175.0,29.9980428,31.5483088,11,0,1,0,1,1,1,0,0,0,33428.57142857143,9,58.333333333333336,6.285714285714286,4,16.282847171369255,16.29204904211537,16.066802461833923,False,True,False,True,False,True,False,False,False,False,False,False,False,False,False,False,False,False,False
3,3,198.0,30.09093,31.32778,24,0,0,1,1,1,1,0,0,1,75000.0,9,66.0,12.121212121212121,5,15.78142351648329,15.955576839107596,16.066802461833923,False,True,False,True,False,True,False,False,False,False,False,False,False,False,False,False,False,False,False
3,3,200.0,30.041309,31.4771017,7,1,1,1,0,0,0,0,0,0,62500.0,9,66.66666666666667,3.5,3,16.282847171369255,16.29204904211537,16.066802461833923,False,False,True,True,False,True,False,False,False,False,False,False,False,False,False,False,False,False,False
3,4,223.0,31.1903125,27.5931875,22,1,1,1,1,0,0,1,1,0,95575.49775784754,12,74.33333333333333,9.865470852017937,6,16.345788916607955,16.87484358496413,16.345788916607955,False,True,False,True,False,False,False,True,False,False,False,False,False,False,False,False,False,False,False
4,4,195.0,30.05888030941,31.017767063748,29,1,1,1,1,1,1,0,0,1,53000.0,16,48.75,14.871794871794872,7,16.02378508137718,15.932078710183575,16.01134442508541,False,True,False,False,True,True,False,False,False,False,False,False,False,False,False,False,False,False,False
3,4,158.0,31.069138194832,28.345086622088,9,0,0,0,0,1,1,0,0,0,101731.64556962025,12,52.666666666666664,5.69620253164557,2,16.345788916607955,16.592688794751677,16.345788916607955,False,True,False,False,True,False,False,True,False,False,False,False,False,False,False,False,False,False,False
6,6,370.0,31.0952654,27.9249993,17,1,1,0,0,0,0,1,1,0,105405.4054054054,36,61.666666666666664,4.594594594594595,4,16.345788916607955,16.264790116464905,16.345788916607955,False,True,False,True,False,False,False,False,False,False,False,False,False,False,False,False,False,True,False
4,4,250.0,30.0760241,30.9783104,0,0,0,0,0,0,0,0,0,0,88000.0,16,62.5,0.0,0,16.02378508137718,16.29077632722533,16.01134442508541,False,False,True,True,False,False,False,False,False,False,False,False,False,False,False,False,False,True,False
5,5,750.0,30.0550268,31.3366903,31,1,1,1,1,1,1,1,1,1,20000.0,25,150.0,4.133333333333334,9,16.345788916607955,16.264790116464905,16.345788916607955,False,True,False,True,False,False,False,False,False,False,False,False,False,False,False,False,False,True,False
3,3,530.0,30.0381444,31.0381771,22,1,1,1,1,1,1,0,0,1,22264.150943396227,9,176.66666666666666,4.150943396226415,7,16.02378508137718,15.974254731399089,16.01134442508541,False,True,False,True,False,False,False,False,False,False,False,False,False,False,False,True,False,False,False
3,2,109.0,30.043503322321,30.981163006747,5,0,0,0,0,1,0,0,0,1,64220.18348623853,6,36.333333333333336,4.587155963302752,2,16.02378508137718,15.79591728085829,16.01134442508541,False,True,False,True,False,True,False,False,False,False,False,False,False,False,False,False,False,False,False
1,2,83.0,29.98899914214,30.999439906718,22,1,1,1,1,0,1,1,1,0,107228.9156626506,2,83.0,26.506024096385545,7,16.02378508137718,16.26256138639753,16.01134442508541,False,False,True,False,True,False,False,False,False,True,False,False,False,False,False,False,False,False,False
2,2,145.0,30.0246926,31.4940262,23,0,1,1,1,0,0,0,1,0,78620.68965517242,4,72.5,15.862068965517242,4,16.282847171369255,16.29204904211537,16.066802461833923,False,True,False,False,True,True,False,False,False,False,False,False,False,False,False,False,False,False,False
1,2,73.0,31.2155235,29.9420061,6,0,1,1,1,0,1,0,0,0,72938.35616438356,2,73.0,8.219178082191782,4,15.830413711839864,15.805301014415544,15.851522672265068,False,True,False,False,True,True,False,False,False,False,False,False,False,False,False,False,False,False,False
3,3,172.0,30.0941611,31.7041108,16,1,1,0,0,1,0,1,1,1,31976.74418604651,9,57.333333333333336,9.30232558139535,6,15.82707481102028,15.793051943818522,16.066802461833923,False,True,False,True,False,True,False,False,False,False,False,False,False,False,False,False,False,False,False
1,2,100.0,30.9628937,28.7565892,0,0,0,0,0,0,0,0,0,0,600000.0,2,100.0,0.0,0,16.345788916607955,16.785925074816024,16.345788916607955,True,False,False,True,False,False,False,False,False,False,False,False,False,False,True,False,False,False,False
2,2,115.0,31.0248219,28.5953851,14,1,1,1,1,0,0,1,1,0,156521.73913043478,4,57.5,12.173913043478262,6,16.345788916607955,16.60912670859564,16.345788916607955,False,True,False,False,True,False,False,True,False,False,False,False,False,False,False,False,False,False,False
3,3,270.0,30.045667,31.6430115,0,0,0,0,0,0,0,0,0,0,44444.444444444445,9,90.0,0.0,0,15.82707481102028,16.176364653421913,16.066802461833923,False,True,False,True,False,False,False,False,False,False,False,False,False,False,False,False,False,True,False
3,2,155.0,30.0050838,30.9290455,38,1,1,1,1,1,1,1,1,1,35419.354838709674,6,51.666666666666664,24.516129032258064,9,16.10616420501588,15.930560647738732,16.01134442508541,False,True,False,False,True,True,False,False,False,False,False,False,False,False,False,False,False,False,False
0,1,65.0,31.0952654,27.9249993,37,1,1,0,1,1,1,1,1,1,130769.23076923077,0,60.0,56.92307692307692,8,16.345788916607955,16.264790116464905,16.345788916607955,False,True,False,True,False,False,False,True,False,False,False,False,False,False,False,False,False,False,False
2,2,114.0,30.0468424,30.998248,49,1,1,1,1,1,1,1,1,1,121052.63157894737,4,57.0,42.982456140350884,9,16.02378508137718,15.862682968241984,16.01134442508541,True,False,False,False,True,True,False,False,False,False,False,False,False,False,False,False,False,False,False
3,2,160.0,30.2248141,31.461707,21,1,0,0,0,1,1,0,0,1,29375.0,6,53.333333333333336,13.125,4,15.219188824173482,15.363073279446223,16.066802461833923,False,True,False,True,False,True,False,False,False,False,False,False,False,False,False,False,False,False,False
3,3,140.0,30.0556215,31.0263428,14,1,1,1,1,0,0,0,0,0,85714.28571428571,9,46.666666666666664,10.0,4,16.02378508137718,16.503358119776173,16.01134442508541,False,True,False,False,True,True,False,False,False,False,False,False,False,False,False,False,False,False,False
3,3,290.0,30.09177585,31.6426486,0,0,0,0,0,0,0,0,0,0,116034.4827586207,9,96.66666666666667,0.0,0,15.93111255107345,15.88868261241667,16.066802461833923,False,True,False,False,True,False,False,False,False,False,False,False,False,False,False,False,False,True,False
6,5,350.0,30.1233727,31.6306056,9,1,0,1,1,1,1,0,0,0,53914.28571428572,30,58.333333333333336,2.5714285714285716,5,16.088423555642784,16.83885804718937,16.066802461833923,False,False,True,True,False,False,False,False,False,False,False,False,False,False,False,False,True,False,False
3,3,155.0,29.963261324748,31.771264172865,21,1,1,0,1,1,0,1,1,1,30975.0,9,51.666666666666664,13.548387096774194,7,15.616501940217244,15.384361031701085,16.066802461833923,False,True,False,False,True,True,False,False,False,False,False,False,False,False,False,False,False,False,False
2,3,143.0,30.0701271,31.6670206,0,0,0,0,0,0,0,0,0,0,36552.44755244755,6,71.5,0.0,0,15.82707481102028,15.480135947781058,16.066802461833923,False,True,False,True,False,True,False,False,False,False,False,False,False,False,False,False,False,False,False
5,5,230.0,30.0350735,30.982366,45,1,1,1,1,1,1,1,1,1,45217.391304347824,25,46.0,19.565217391304348,9,16.02378508137718,16.15731646026544,16.01134442508541,False,True,False,True,False,False,False,False,False,False,False,False,False,False,False,False,True,False,False
3,3,200.0,30.0035761,31.4056766,19,1,1,1,1,0,0,1,1,0,63500.0,9,66.66666666666667,9.5,6,16.282847171369255,16.29204904211537,16.066802461833923,False,False,True,True,False,True,False,False,False,False,False,False,False,False,False,False,False,False,False
2,2,120.0,31.0846702,27.9347746,21,1,1,1,1,0,0,1,1,0,112500.0,4,60.0,17.5,6,16.345788916607955,16.548253436697504,16.345788916607955,True,False,False,True,False,False,False,True,False,False,False,False,False,False,False,False,False,False,False
6,6,311.0,30.0522673,31.4792058,0,0,0,0,0,0,0,0,0,0,105466.23794212218,36,51.833333333333336,0.0,0,16.282847171369255,16.29204904211537,16.066802461833923,False,True,False,True,False,False,False,False,False,False,False,False,False,False,False,False,False,True,False
2,2,123.0,30.118908615659,31.652102804902,0,0,0,0,0,0,0,0,0,0,65691.05691056911,4,61.5,0.0,0,16.088423555642784,15.899927389451875,16.066802461833923,False,False,True,True,False,True,False,False,False,False,False,False,False,False,False,False,False,False,False
5,6,410.0,30.0758544,31.4716547,13,1,1,1,1,0,1,0,0,0,78048.78048780488,30,82.0,3.1707317073170733,5,16.282847171369255,16.489659276356317,16.066802461833923,False,True,False,False,True,False,False,False,True,False,False,False,False,False,False,False,False,False,False
2,2,92.0,31.082957585789,28.032116949628,8,1,0,0,0,1,0,0,0,1,82032.60869565218,4,46.0,8.695652173913043,3,16.345788916607955,16.264790116464905,16.345788916607955,False,True,False,False,True,False,False,False,False,False,False,False,True,False,False,False,False,False,False
3,3,175.0,30.09177585,31.6426486,6,0,0,0,0,1,0,0,0,0,64000.0,9,58.333333333333336,3.4285714285714284,1,15.93111255107345,15.88868261241667,16.066802461833923,False,True,False,True,False,True,False,False,False,False,False,False,False,False,False,False,False,False,False
3,3,220.0,29.9903602,31.5105811,9,0,0,0,1,1,1,0,0,0,59090.90909090909,9,73.33333333333333,4.090909090909091,3,16.282847171369255,16.29204904211537,16.066802461833923,False,True,False,True,False,False,False,False,True,False,False,False,False,False,False,False,False,False,False
1,2,70.0,30.86460964,28.93906663,31,1,1,1,1,1,1,0,1,0,67500.0,2,70.0,44.28571428571429,7,16.345788916607955,15.76142084987672,16.345788916607955,False,False,True,False,True,False,False,False,False,True,False,False,False,False,False,False,False,False,False
3,3,200.0,29.9771723615544,31.7754428113756,20,1,1,0,1,1,0,1,0,1,47750.0,9,66.66666666666667,10.0,6,15.616501940217244,15.384361031701085,16.066802461833923,False,True,False,False,True,True,False,False,False,False,False,False,False,False,False,False,False,False,False
5,3,360.0,30.0110084,31.4332232,6,0,0,0,0,1,0,0,0,1,29166.666666666668,15,72.0,1.6666666666666665,2,16.282847171369255,16.29204904211537,16.066802461833923,False,True,False,True,False,False,False,False,True,False,False,False,False,False,False,False,False,False,False
3,1,120.0,29.9986558,31.426684,28,0,1,1,1,0,1,0,0,0,38333.333333333336,3,40.0,23.333333333333336,4,16.282847171369255,16.489659276356317,16.066802461833923,False,True,False,True,False,True,False,False,False,False,False,False,False,False,False,False,False,False,False
3,3,187.0,29.9633661,31.0009178,24,1,1,1,1,1,1,1,1,1,20624.524064171124,9,62.333333333333336,12.834224598930481,9,16.10616420501588,15.988839917212927,16.01134442508541,False,True,False,False,True,True,False,False,False,False,False,False,False,False,False,False,False,False,False
4,5,324.0,30.0074176,31.4887433,42,1,1,1,1,1,1,1,1,1,131790.1234567901,20,81.0,12.962962962962962,9,16.282847171369255,16.29204904211537,16.066802461833923,False,True,False,False,True,False,False,False,False,False,False,False,False,False,False,False,False,True,False
5,6,280.0,30.163528044741,31.677762679717,19,0,0,1,1,1,1,0,0,1,32142.85714285714,30,56.0,6.7857142857142865,5,16.300417291085605,16.066802461833923,16.066802461833923,False,False,True,True,False,False,False,False,False,False,False,False,False,False,False,True,False,False,False
5,4,274.0,29.99792889,31.49372067,18,0,1,1,1,0,0,1,1,0,175182.48175182482,20,54.8,6.56934306569343,5,16.282847171369255,16.29204904211537,16.066802461833923,False,True,False,False,True,False,False,False,False,False,False,False,False,False,False,False,False,True,False
3,2,150.0,31.21536,29.94034,6,0,0,0,0,0,0,0,0,0,32600.0,6,50.0,4.0,0,15.830413711839864,15.754226482185867,15.851522672265068,False,True,False,False,True,True,False,False,False,False,False,False,False,False,False,False,False,False,False
4,4,183.0,30.1218272,31.6481835,0,0,0,0,0,0,0,0,0,0,36612.0218579235,16,45.75,0.0,0,16.088423555642784,15.890818693880256,16.066802461833923,False,True,False,True,False,False,False,False,False,False,False,False,True,False,False,False,False,False,False
3,3,250.0,30.0050838,30.9290455,9,1,0,0,1,1,1,0,0,1,44336.0,9,83.33333333333333,3.6,5,16.10616420501588,15.930560647738732,16.01134442508541,False,False,True,False,True,False,False,False,False,False,False,False,False,False,False,False,False,False,True
2,2,115.0,29.948435630627,31.066704307476,0,0,0,0,0,0,0,0,0,0,37581.495652173915,4,57.5,0.0,0,15.279199431073042,15.22784339929157,16.01134442508541,False,True,False,False,True,True,False,False,False,False,False,False,False,False,False,False,False,False,False
0,1,75.0,30.9628937,28.7565892,30,1,1,1,1,1,1,1,0,1,146666.66666666666,0,60.0,40.0,8,16.345788916607955,16.785925074816024,16.345788916607955,False,True,False,True,False,False,False,False,False,False,False,False,False,False,True,False,False,False,False
2,2,120.0,30.05862789,30.99841055,16,1,0,0,1,1,1,1,0,1,75833.33333333333,4,60.0,13.333333333333334,6,16.02378508137718,16.02378508137718,16.01134442508541,False,False,True,True,False,True,False,False,False,False,False,False,False,False,False,False,False,False,False
3,2,135.0,29.98644,31.16651,0,0,0,0,0,0,0,0,0,0,18518.51851851852,6,45.0,0.0,0,14.88022163978423,14.751604309291395,16.01134442508541,False,True,False,True,False,True,False,False,False,False,False,False,False,False,False,False,False,False,False
2,2,125.0,30.996363,28.6804318,12,0,0,0,0,0,0,0,0,0,72000.0,4,62.5,9.6,0,16.345788916607955,16.785925074816024,16.345788916607955,True,False,False,True,False,False,False,True,False,False,False,False,False,False,False,False,False,False,False
3,3,174.0,30.0600801,31.5985531,21,1,1,1,1,0,0,1,1,0,70689.6551724138,9,58.0,12.068965517241379,6,16.282847171369255,16.29204904211537,16.066802461833923,False,True,False,True,False,True,False,False,False,False,False,False,False,False,False,False,False,False,False
3,3,154.0,30.055153892816,31.014525035582,24,1,1,1,1,1,1,0,0,1,54155.844155844155,9,51.333333333333336,15.584415584415584,7,16.02378508137718,15.64416833410825,16.01134442508541,False,True,False,False,True,True,False,False,False,False,False,False,False,False,False,False,False,False,False
5,5,450.0,30.0035761,31.4056766,7,0,0,1,0,0,0,0,0,0,91111.11111111111,25,90.0,1.5555555555555556,1,16.282847171369255,16.29204904211537,16.066802461833923,False,False,True,True,False,False,False,False,False,False,False,False,False,False,False,False,False,True,False
4,4,204.0,29.9723236,31.7154944,50,1,1,1,1,1,1,1,1,1,30775.936274509804,16,51.0,24.509803921568626,9,15.616501940217244,15.593931631657787,16.066802461833923,False,True,False,True,False,True,False,False,False,False,False,False,False,False,False,False,False,False,False
4,4,280.0,30.14421,31.63972,10,0,0,0,1,0,0,0,0,0,48571.42857142857,16,70.0,3.5714285714285716,1,16.088423555642784,15.35237799261728,16.066802461833923,False,True,False,True,False,False,False,False,False,False,False,False,False,False,False,True,False,False,False
3,3,190.0,29.8561331,30.9018623,8,0,0,1,0,0,0,0,0,0,54500.0,9,63.333333333333336,4.2105263157894735,1,16.10616420501588,16.19413042991272,16.01134442508541,False,True,False,False,True,False,False,False,False,False,False,False,False,False,False,True,False,False,False
3,3,200.0,29.975602715328,31.539302153821,19,1,1,1,1,0,0,1,1,0,225000.0,9,66.66666666666667,9.5,6,16.282847171369255,16.29204904211537,16.066802461833923,False,True,False,False,True,False,False,False,False,False,False,False,False,False,False,False,False,True,False
2,1,100.0,29.9942411,31.5091649,7,0,0,0,0,1,1,0,0,1,42500.0,2,50.0,7.0,3,16.282847171369255,16.29204904211537,16.066802461833923,False,True,False,True,False,True,False,False,False,False,False,False,False,False,False,False,False,False,False
2,3,130.0,31.3543445,27.2373159,18,1,1,1,1,0,0,1,1,0,100000.0,6,65.0,13.846153846153845,6,16.345788916607955,16.264790116464905,16.345788916607955,False,False,True,True,False,False,False,False,False,False,False,False,False,False,False,False,False,True,False
2,2,133.0,30.1218272,31.6481835,6,0,0,0,1,1,0,0,0,0,47744.36090225564,4,66.5,4.511278195488722,2,16.088423555642784,15.890818693880256,16.066802461833923,True,False,False,True,False,True,False,False,False,False,False,False,False,False,False,False,False,False,False
3,3,160.0,30.0648376,30.94684,30,1,1,0,1,1,0,1,1,1,50000.0,9,53.333333333333336,18.75,7,16.02378508137718,15.803385043104912,16.01134442508541,False,True,False,True,False,True,False,False,False,False,False,False,False,False,False,False,False,False,False
3,3,195.0,30.025231853058,31.477361069955,0,0,0,0,0,0,0,0,0,0,53846.153846153844,9,65.0,0.0,0,16.282847171369255,16.489659276356317,16.066802461833923,False,True,False,True,False,True,False,False,False,False,False,False,False,False,False,False,False,False,False
3,3,180.0,29.63256,32.33002,49,1,1,1,1,1,1,1,1,0,33888.88888888889,9,60.0,27.22222222222222,8,15.747032114495013,15.526421620030112,15.747032114495013,True,False,False,True,False,False,False,False,False,False,False,False,False,False,False,False,False,True,False
4,4,202.0,29.9633661,31.0009178,0,0,0,0,0,0,0,0,0,0,66831.68316831683,16,50.5,0.0,0,16.10616420501588,15.988839917212927,16.01134442508541,False,True,False,True,False,False,False,False,False,False,False,False,False,False,False,True,False,False,False
3,3,190.0,30.99104,30.0537,3,0,0,0,0,0,0,0,0,0,34210.52631578947,9,63.333333333333336,1.5789473684210527,0,16.02378508137718,15.585265227956793,16.01134442508541,False,False,True,True,False,True,False,False,False,False,False,False,False,False,False,False,False,False,False
3,3,151.0,29.8561331,30.9018623,19,1,0,1,1,1,1,1,1,0,99337.74834437086,9,50.333333333333336,12.582781456953642,7,16.10616420501588,16.19413042991272,16.01134442508541,False,False,True,True,False,True,False,False,False,False,False,False,False,False,False,False,False,False,False
2,2,94.0,30.8412642,28.9270873,0,0,0,0,0,0,0,0,0,0,31382.978723404256,4,47.0,0.0,0,16.345788916607955,15.76142084987672,16.345788916607955,True,False,False,True,False,False,False,True,False,False,False,False,False,False,False,False,False,False,False
3,2,152.0,30.0530995,30.95826952,6,0,0,0,0,1,1,0,0,1,95394.73684210527,6,50.666666666666664,3.9473684210526314,3,16.02378508137718,16.489659276356317,16.01134442508541,False,True,False,True,False,True,False,False,False,False,False,False,False,False,False,False,False,False,False
2,2,100.0,31.0724538,28.2011747,23,1,1,1,1,1,1,0,0,1,153200.0,4,50.0,23.0,7,16.345788916607955,16.264790116464905,16.345788916607955,False,False,True,False,True,False,False,True,False,False,False,False,False,False,False,False,False,False,False
1,1,70.0,29.9771006,31.5720476,10,0,1,1,0,1,1,0,0,1,112678.92857142857,1,70.0,14.285714285714286,5,16.282847171369255,16.200596964551092,16.066802461833923,False,False,True,False,True,True,False,False,False,False,False,False,False,False,False,False,False,False,False
4,4,228.0,30.0102788,31.5379067,0,0,0,0,0,0,0,0,0,0,285087.7192982456,16,57.0,0.0,0,16.282847171369255,16.29204904211537,16.066802461833923,False,True,False,True,False,False,False,False,False,False,False,False,False,False,False,False,False,True,False
4,3,270.0,30.0504169,31.5077373,16,1,1,1,1,0,0,1,1,0,55555.555555555555,12,67.5,5.925925925925926,6,16.282847171369255,16.489659276356317,16.066802461833923,False,False,True,False,True,False,False,False,False,False,False,False,False,False,False,False,False,False,True
4,3,206.0,30.0941611,31.7041108,13,1,1,1,1,1,1,1,0,0,21844.660194174758,12,51.5,6.310679611650485,7,15.82707481102028,15.793051943818522,16.066802461833923,False,True,False,True,False,True,False,False,False,False,False,False,False,False,False,False,False,False,False
2,2,95.0,29.6727347,32.3374381,4,0,0,0,0,0,0,0,0,0,126315.78947368421,4,47.5,4.2105263157894735,0,15.747032114495013,15.967921456359903,15.747032114495013,False,False,True,True,False,False,False,True,False,False,False,False,False,False,False,False,False,False,False
3,2,170.0,30.0202659,31.5409692,17,0,0,1,0,1,1,0,0,1,58823.529411764706,6,56.666666666666664,10.0,4,16.282847171369255,16.29204904211537,16.066802461833923,True,False,False,True,False,True,False,False,False,False,False,False,False,False,False,False,False,False,False
4,3,360.0,30.0648376,30.94684,0,0,0,0,0,0,0,0,0,0,38888.88888888889,12,90.0,0.0,0,16.02378508137718,15.803385043104912,16.01134442508541,False,False,True,True,False,False,False,False,False,False,False,False,True,False,False,False,False,False,False
1,1,65.0,30.0600801,31.5985531,22,0,0,0,0,1,1,0,0,1,100400.0,1,65.0,33.84615384615385,3,16.282847171369255,16.29204904211537,16.066802461833923,False,True,False,False,True,True,False,False,False,False,False,False,False,False,False,False,False,False,False
3,2,170.0,29.999066529633,31.002288720817,23,1,1,1,1,1,0,1,1,1,64705.882352941175,6,56.666666666666664,13.529411764705882,8,16.02378508137718,16.722411672456456,16.01134442508541,False,True,False,False,True,True,False,False,False,False,False,False,False,False,False,False,False,False,False
1,2,98.0,31.3543445,27.2373159,22,1,1,0,1,0,0,1,1,0,169602.04081632654,2,98.0,22.448979591836736,5,16.345788916607955,16.264790116464905,16.345788916607955,False,True,False,False,True,False,False,False,False,False,False,False,True,False,False,False,False,False,False
0,0,694.0,30.024231608038,30.968810549077,0,0,0,0,0,0,0,0,0,0,11815.561959654178,0,60.0,0.0,0,16.02378508137718,15.627681187785777,16.01134442508541,False,True,False,True,False,False,False,False,False,False,True,False,False,False,False,False,False,False,False
4,4,200.0,29.8561331,30.9018623,23,1,1,1,1,1,0,0,0,1,60000.0,16,50.0,11.5,6,16.10616420501588,16.19413042991272,16.01134442508541,False,True,False,True,False,False,False,False,False,False,False,False,False,False,False,False,False,True,False
2,2,110.0,31.0886599,27.9534117,8,1,1,1,1,1,0,0,0,0,145454.54545454544,4,55.0,7.2727272727272725,5,16.345788916607955,16.264790116464905,16.345788916607955,False,True,False,True,False,False,False,True,False,False,False,False,False,False,False,False,False,False,False
5,4,300.0,30.0727158,30.9749918,27,1,1,1,1,1,1,1,1,0,50000.0,20,60.0,9.0,8,16.02378508137718,16.52356082573315,16.01134442508541,False,False,True,True,False,False,False,False,False,False,False,False,False,False,False,False,True,False,False
2,1,70.0,30.09177585,31.6426486,0,0,0,0,0,0,0,0,0,0,54285.71428571428,2,35.0,0.0,0,15.93111255107345,15.88868261241667,16.066802461833923,False,True,False,True,False,True,False,False,False,False,False,False,False,False,False,False,False,False,False
2,2,140.0,30.0527286,31.6173381,30,1,1,1,1,0,1,1,1,0,28214.285714285714,4,70.0,21.42857142857143,7,15.82707481102028,15.18922639004183,16.066802461833923,False,True,False,True,False,True,False,False,False,False,False,False,False,False,False,False,False,False,False
2,2,116.0,29.976979,31.7797175,21,0,0,1,1,1,1,0,0,1,30689.655172413793,4,58.0,18.10344827586207,5,15.616501940217244,15.384361031701085,16.066802461833923,False,True,False,False,True,True,False,False,False,False,False,False,False,False,False,False,False,False,False
1,1,87.0,29.8561331,30.9018623,50,1,1,1,1,1,1,1,1,1,40229.88505747126,1,87.0,57.47126436781609,9,16.10616420501588,16.19413042991272,16.01134442508541,True,False,False,True,False,True,False,False,False,False,False,False,False,False,False,False,False,False,False
3,3,182.0,30.0941611,31.7041108,17,1,1,1,1,0,0,1,0,0,31868.13186813187,9,60.666666666666664,9.340659340659341,5,15.82707481102028,15.793051943818522,16.066802461833923,False,True,False,True,False,True,False,False,False,False,False,False,False,False,False,False,False,False,False
2,2,160.0,30.030874631378,31.466974206747,17,0,1,1,1,1,1,0,0,1,43749.99375,4,80.0,10.625,6,16.282847171369255,16.29204904211537,16.066802461833923,False,False,True,True,False,True,False,False,False,False,False,False,False,False,False,False,False,False,False
5,5,605.0,30.055711985811,30.832810731553,21,1,1,1,1,0,0,1,1,0,23140.495867768594,25,121.0,3.4710743801652892,6,16.02378508137718,16.62486831228115,16.01134442508541,False,True,False,False,True,False,False,False,False,False,False,False,False,False,False,False,False,True,False
2,1,115.0,29.1853853,32.6326142,29,1,1,1,1,1,1,1,1,0,43478.260869565216,2,57.5,25.217391304347828,8,15.747032114495013,16.012735246411598,15.747032114495013,True,False,False,True,False,False,False,True,False,False,False,False,False,False,False,False,False,False,False
3,2,107.0,30.09177585,31.6426486,8,1,1,0,0,1,1,0,0,0,81775.70093457944,6,35.666666666666664,7.4766355140186915,4,15.93111255107345,15.88868261241667,16.066802461833923,False,True,False,False,True,True,False,False,False,False,False,False,False,False,False,False,False,False,False
2,2,190.0,29.9978985,31.63101061,15,1,1,1,1,0,0,1,0,0,33157.89473684211,4,95.0,7.894736842105264,5,15.616501940217244,15.607270193858982,16.066802461833923,False,True,False,True,False,True,False,False,False,False,False,False,False,False,False,False,False,False,False
5,6,502.0,29.9552825,30.9496056,13,0,0,0,1,1,1,0,0,0,50597.609561752986,30,100.4,2.5896414342629486,3,16.10616420501588,17.050259771358842,16.01134442508541,True,False,False,True,False,False,False,False,False,False,False,False,False,False,False,False,False,True,False
4,4,199.0,30.0600801,31.5985531,50,1,1,1,1,1,1,1,1,1,87939.69849246231,16,49.75,25.12562814070352,9,16.282847171369255,16.29204904211537,16.066802461833923,False,True,False,False,True,False,False,False,False,False,False,False,False,False,False,False,False,True,False
3,3,150.0,30.07349031,31.60085522,5,1,1,1,1,1,0,0,0,0,48512.09333333333,9,50.0,3.3333333333333335,5,16.282847171369255,16.29204904211537,16.066802461833923,False,True,False,False,True,True,False,False,False,False,False,False,False,False,False,False,False,False,False
3,3,220.0,29.9924715,30.8920785,7,0,0,0,1,0,0,0,0,1,56804.545454545456,9,73.33333333333333,3.1818181818181817,2,16.10616420501588,16.360729622918004,16.01134442508541,False,False,True,False,True,False,False,False,False,False,False,False,False,False,False,True,False,False,False
3,2,140.0,30.0050838,30.9290455,21,1,1,1,0,1,1,0,0,1,53571.42857142857,6,46.666666666666664,15.000000000000002,6,16.10616420501588,15.930560647738732,16.01134442508541,False,False,True,False,True,True,False,False,False,False,False,False,False,False,False,False,False,False,False
2,3,150.0,30.0662855,31.4744728,0,0,0,0,0,0,0,0,0,0,82000.0,6,75.0,0.0,0,16.282847171369255,16.29204904211537,16.066802461833923,True,False,False,True,False,True,False,False,False,False,False,False,False,False,False,False,False,False,False
3,3,250.0,30.006310382392,30.886741296615,13,1,0,1,1,1,1,0,0,0,36000.0,9,83.33333333333333,5.2,5,16.02378508137718,16.15731646026544,16.01134442508541,False,True,False,False,True,False,False,False,False,False,False,False,False,False,False,False,True,False,False
2,1,82.0,30.125082,31.8853002,0,0,0,0,0,0,0,0,0,0,50426.829268292684,2,41.0,0.0,0,15.616501940217244,16.012735246411598,16.066802461833923,False,True,False,False,True,True,False,False,False,False,False,False,False,False,False,False,False,False,False
5,7,320.0,31.0816536,28.1777634,13,0,0,1,0,1,1,0,0,1,153125.0,35,64.0,4.0625,4,16.345788916607955,17.605860456780636,16.345788916607955,False,True,False,False,True,False,False,False,False,False,False,False,False,False,False,False,False,True,False
3,4,331.0,30.0141854,31.0769017,11,0,0,1,1,0,1,0,0,1,78549.84894259818,12,110.33333333333333,3.323262839879154,4,16.10616420501588,16.20423135360026,16.01134442508541,False,False,True,True,False,False,False,False,False,False,False,False,False,False,False,True,False,False,False
5,5,555.0,30.09177585,31.6426486,39,1,1,1,1,1,1,1,1,1,93693.6936936937,25,111.0,7.027027027027027,9,15.93111255107345,15.88868261241667,16.066802461833923,False,True,False,True,False,False,False,False,False,False,False,False,False,False,False,False,False,True,False
2,2,160.0,30.0669117,31.3375553,0,0,0,0,0,0,0,0,0,0,73750.0,4,80.0,0.0,0,15.82707481102028,15.687312888712007,16.066802461833923,False,True,False,True,False,True,False,False,False,False,False,False,False,False,False,False,False,False,False
5,6,286.0,29.9771006,31.5720476,23,1,1,1,1,1,1,0,0,0,175174.82517482518,30,57.2,8.041958041958042,6,16.282847171369255,16.200596964551092,16.066802461833923,True,False,False,False,True,False,False,False,False,False,False,False,False,False,False,False,False,True,False
3,3,147.0,29.7248626,32.3673853,7,0,1,0,1,1,1,0,0,0,46938.77551020408,9,49.0,4.761904761904762,4,15.747032114495013,17.034386422832473,15.747032114495013,False,True,False,True,False,False,False,True,False,False,False,False,False,False,False,False,False,False,False
2,2,144.0,29.958606281376,30.953335782311,1,0,0,0,0,0,0,0,0,0,37000.0,4,72.0,0.6944444444444444,0,16.10616420501588,15.488486678890032,16.01134442508541,False,True,False,False,True,True,False,False,False,False,False,False,False,False,False,False,False,False,False
2,3,150.0,30.0600801,31.5985531,22,1,1,1,1,0,0,1,1,0,50000.0,6,75.0,14.666666666666666,6,16.282847171369255,16.29204904211537,16.066802461833923,False,True,False,True,False,True,False,False,False,False,False,False,False,False,False,False,False,False,False
2,2,125.0,30.0050838,30.9290455,25,1,1,1,0,1,1,1,0,1,44000.0,4,62.5,20.0,7,16.10616420501588,15.930560647738732,16.01134442508541,False,True,False,False,True,True,False,False,False,False,False,False,False,False,False,False,False,False,False
5,5,360.0,30.09177585,31.6426486,22,1,1,0,1,1,1,1,1,1,138888.88888888888,25,72.0,6.111111111111111,8,15.93111255107345,15.88868261241667,16.066802461833923,False,True,False,True,False,False,False,False,False,False,False,False,False,False,False,False,False,True,False
3,3,148.0,30.0445728,31.0243959,50,1,1,1,1,1,1,1,1,1,37837.83783783784,9,49.333333333333336,33.78378378378378,9,16.02378508137718,16.115740211329367,16.01134442508541,False,True,False,False,True,True,False,False,False,False,False,False,False,False,False,False,False,False,False
3,2,132.0,31.082957585789,28.032116949628,15,1,1,0,1,1,0,0,0,1,73772.72727272728,6,44.0,11.363636363636363,5,16.345788916607955,16.264790116464905,16.345788916607955,False,True,False,False,True,False,False,True,False,False,False,False,False,False,False,False,False,False,False
3,2,168.0,30.0522673,31.4792058,0,0,0,0,0,0,0,0,0,0,59523.80952380953,6,56.0,0.0,0,16.282847171369255,16.29204904211537,16.066802461833923,False,True,False,True,False,True,False,False,False,False,False,False,False,False,False,False,False,False,False
4,3,197.0,30.0212161,31.5472488,20,0,1,1,1,0,0,1,0,0,91375.1269035533,12,49.25,10.152284263959391,4,16.282847171369255,16.29204904211537,16.066802461833923,False,False,True,True,False,True,False,False,False,False,False,False,False,False,False,False,False,False,False
3,3,250.0,30.0111753,31.5161206,8,0,0,1,0,1,0,0,0,1,100000.0,9,83.33333333333333,3.2,3,16.282847171369255,16.29204904211537,16.066802461833923,True,False,False,True,False,False,False,False,True,False,False,False,False,False,False,False,False,False,False
3,3,230.0,30.0696585,31.5454876,0,0,0,0,0,0,0,0,0,0,26369.565217391304,9,76.66666666666667,0.0,0,16.282847171369255,16.29204904211537,16.066802461833923,False,True,False,False,True,True,False,False,False,False,False,False,False,False,False,False,False,False,False
2,1,107.0,30.09177585,31.6426486,0,0,0,0,0,0,0,0,0,0,44392.52336448598,2,53.5,0.0,0,15.93111255107345,15.88868261241667,16.066802461833923,False,True,False,True,False,True,False,False,False,False,False,False,False,False,False,False,False,False,False
2,2,115.0,29.4705022,32.4537273,20,1,0,0,1,1,1,0,0,1,46956.52173913043,4,57.5,17.39130434782609,5,15.747032114495013,15.506518023422661,15.747032114495013,False,True,False,True,False,False,False,True,False,False,False,False,False,False,False,False,False,False,False
2,1,110.0,29.9678067,31.5159872,10,0,0,1,0,1,1,0,0,1,29854.545454545456,2,55.0,9.09090909090909,4,16.282847171369255,16.29204904211537,16.066802461833923,False,False,True,False,True,True,False,False,False,False,False,False,False,False,False,False,False,False,False
3,3,190.0,30.0908048,31.6968659,6,0,1,1,0,1,1,0,0,1,34210.52631578947,9,63.333333333333336,3.1578947368421053,5,15.82707481102028,15.687312888712007,16.066802461833923,False,True,False,True,False,True,False,False,False,False,False,False,False,False,False,False,False,False,False
3,2,166.0,29.987561546586,31.794456304433,47,1,1,1,1,1,1,1,1,1,22633.0,6,55.333333333333336,28.313253012048193,9,15.616501940217244,15.139152351750525,16.066802461833923,False,True,False,False,True,True,False,False,False,False,False,False,False,False,False,False,False,False,False
3,2,140.0,30.0713212,31.5772612,2,0,0,0,0,1,1,0,0,0,52142.857142857145,6,46.666666666666664,1.4285714285714286,2,16.282847171369255,16.29204904211537,16.066802461833923,True,False,False,True,False,True,False,False,False,False,False,False,False,False,False,False,False,False,False
3,4,280.0,30.07349031,31.60085522,12,0,0,1,1,0,0,0,0,0,44642.857142857145,12,93.33333333333333,4.285714285714286,2,16.282847171369255,16.29204904211537,16.066802461833923,False,False,True,True,False,False,False,False,False,False,False,False,False,False,False,False,False,False,True
4,3,376.0,30.0425422,31.4307796,2,0,0,0,0,0,0,0,0,0,38563.82978723404,12,94.0,0.5319148936170213,0,16.282847171369255,16.489659276356317,16.066802461833923,False,True,False,True,False,False,False,False,True,False,False,False,False,False,False,False,False,False,False
3,3,133.0,30.07814,31.5941829,19,0,0,1,1,1,0,0,0,1,73684.21052631579,9,44.333333333333336,14.285714285714285,4,16.282847171369255,16.29204904211537,16.066802461833923,False,True,False,False,True,True,False,False,False,False,False,False,False,False,False,False,False,False,False
3,2,131.0,30.09177585,31.6426486,13,0,0,0,0,0,1,0,0,0,47328.24427480916,6,43.666666666666664,9.923664122137405,1,15.93111255107345,15.88868261241667,16.066802461833923,False,True,False,True,False,True,False,False,False,False,False,False,False,False,False,False,False,False,False
2,2,130.0,31.1775597,27.618041,13,0,0,1,1,1,0,0,0,1,144307.6923076923,4,65.0,10.0,4,16.345788916607955,16.642021803226616,16.345788916607955,False,True,False,False,True,False,False,True,False,False,False,False,False,False,False,False,False,False,False
2,2,105.0,31.089549212598,28.160593150923,19,1,1,1,1,0,0,1,1,0,85714.28571428571,4,52.5,18.095238095238095,6,16.345788916607955,16.264790116464905,16.345788916607955,False,True,False,False,True,False,False,True,False,False,False,False,False,False,False,False,False,False,False
3,2,185.0,30.0276183,30.9770894,9,0,0,0,0,1,1,0,0,1,29729.72972972973,6,61.666666666666664,4.864864864864865,3,16.02378508137718,15.520258832020865,16.01134442508541,False,True,False,True,False,True,False,False,False,False,False,False,False,False,False,False,False,False,False
4,4,225.0,30.084482192642,30.963006624909,48,1,1,1,1,1,1,1,1,1,100000.0,16,56.25,21.333333333333332,9,16.02378508137718,16.759949589762293,16.01134442508541,False,True,False,False,True,False,False,False,False,False,False,False,False,False,False,False,True,False,False
6,5,351.0,30.0504169,31.5077373,49,1,1,1,1,1,1,1,1,1,49857.54985754986,30,58.5,13.960113960113961,9,16.282847171369255,16.489659276356317,16.066802461833923,False,True,False,True,False,False,False,False,False,False,False,False,False,False,False,False,False,True,False
3,2,160.0,30.14005,31.74103,0,0,0,0,0,0,0,0,0,0,10937.5,6,53.333333333333336,0.0,0,14.375126917328105,14.375126917328105,16.066802461833923,False,True,False,True,False,True,False,False,False,False,False,False,False,False,False,False,False,False,False
4,5,225.0,30.030146891835,31.529958797884,5,0,1,1,1,1,1,0,0,0,83066.66666666667,20,56.25,2.2222222222222223,5,16.282847171369255,16.29204904211537,16.066802461833923,False,True,False,True,False,False,False,False,False,False,False,False,False,False,False,True,False,False,False
9,6,402.0,29.550836851327,30.867589850082,6,0,0,1,0,1,0,0,0,1,34328.35820895522,54,44.666666666666664,1.492537313432836,3,16.552148280706213,16.552148280706213,15.851522672265068,False,True,False,False,True,False,False,False,False,False,False,False,False,False,False,False,False,True,False
3,4,155.0,30.9447479,28.7978345,6,0,0,0,0,1,0,0,0,1,79439.54838709677,12,51.666666666666664,3.8709677419354835,2,16.345788916607955,16.785925074816024,16.345788916607955,False,False,True,True,False,False,False,False,False,False,False,False,True,False,False,False,False,False,False
3,3,165.0,31.43093,31.7656,4,0,0,0,0,0,0,0,0,0,26000.0,9,55.0,2.4242424242424243,0,15.286724002151303,15.286724002151303,15.271797524004405,False,True,False,False,True,True,False,False,False,False,False,False,False,False,False,False,False,False,False
5,4,200.0,30.05502997,30.93064211,27,1,1,1,1,1,1,1,1,0,75000.0,20,40.0,13.5,8,16.02378508137718,16.52356082573315,16.01134442508541,False,False,True,False,True,False,False,False,False,False,False,False,False,False,False,False,True,False,False
3,3,175.0,30.99104,30.0537,0,0,0,0,0,0,0,0,0,0,30285.714285714286,9,58.333333333333336,0.0,0,16.02378508137718,15.585265227956793,16.01134442508541,False,True,False,True,False,True,False,False,False,False,False,False,False,False,False,False,False,False,False
3,2,155.0,28.964784446296,30.833637483206,26,1,1,1,1,1,1,1,1,1,193548.38709677418,6,51.666666666666664,16.774193548387096,9,16.345788916607955,16.870134399346455,16.345788916607955,True,False,False,True,False,False,False,True,False,False,False,False,False,False,False,False,False,False,False
4,4,565.0,30.076691,30.8767599,25,1,1,1,1,1,1,1,1,1,21238.938053097347,16,141.25,4.424778761061947,9,16.02378508137718,16.300417291085605,16.01134442508541,False,False,True,True,False,False,False,False,False,False,False,False,False,False,False,False,False,True,False
3,3,165.0,30.02804181,31.04420832,49,1,1,1,1,1,1,1,1,1,32424.242424242424,9,55.0,29.6969696969697,9,16.02378508137718,15.49260730578806,16.01134442508541,False,True,False,False,True,True,False,False,False,False,False,False,False,False,False,False,False,False,False
3,2,140.0,31.2155235,29.9420061,0,0,0,0,0,0,0,0,0,0,49000.0,6,46.666666666666664,0.0,0,15.830413711839864,15.805301014415544,15.851522672265068,False,True,False,False,True,True,False,False,False,False,False,False,False,False,False,False,False,False,False
3,3,211.0,30.09177585,31.6426486,6,0,0,0,1,1,1,0,0,1,59715.63981042654,9,70.33333333333333,2.843601895734597,4,15.93111255107345,15.88868261241667,16.066802461833923,False,True,False,True,False,True,False,False,False,False,False,False,False,False,False,False,False,False,False
0,1,50.0,30.932462024063,28.808993078316,0,0,0,0,0,0,0,0,0,0,304000.0,0,60.0,0.0,0,16.345788916607955,16.785925074816024,16.345788916607955,False,False,True,False,True,False,True,False,False,False,False,False,False,False,False,False,False,False,False
5,7,650.0,30.0513441,31.4692533,25,1,1,1,1,1,1,1,1,0,26923.076923076922,35,130.0,3.8461538461538463,8,16.282847171369255,16.489659276356317,16.066802461833923,True,False,False,True,False,False,False,False,True,False,False,False,False,False,False,False,False,False,False
2,4,168.0,30.0455507,31.6578556,10,1,1,0,0,0,1,1,1,0,32440.47619047619,8,84.0,5.9523809523809526,5,15.82707481102028,15.717618233614914,16.066802461833923,False,True,False,True,False,True,False,False,False,False,False,False,False,False,False,False,False,False,False
3,3,168.0,30.080763829321,31.543997437428,12,1,1,1,1,1,0,0,0,1,47023.80952380953,9,56.0,7.142857142857143,6,16.282847171369255,16.29204904211537,16.066802461833923,False,True,False,False,True,True,False,False,False,False,False,False,False,False,False,False,False,False,False
3,3,202.0,30.9628937,28.7565892,23,1,1,1,1,0,0,1,1,0,118811.88118811882,9,67.33333333333333,11.386138613861386,6,16.345788916607955,16.785925074816024,16.345788916607955,True,False,False,True,False,False,False,True,False,False,False,False,False,False,False,False,False,False,False
3,3,200.0,30.09177585,31.6426486,0,0,0,0,0,0,0,0,0,0,55000.0,9,66.66666666666667,0.0,0,15.93111255107345,15.88868261241667,16.066802461833923,False,True,False,True,False,True,False,False,False,False,False,False,False,False,False,False,False,False,False
3,2,142.0,30.09177585,31.6426486,29,0,1,1,1,1,1,0,0,1,74003.66197183098,6,47.333333333333336,20.422535211267608,6,15.93111255107345,15.88868261241667,16.066802461833923,False,True,False,False,True,True,False,False,False,False,False,False,False,False,False,False,False,False,False
3,2,135.0,30.063065438879,31.526755167631,0,0,0,0,0,0,0,0,0,0,29629.62962962963,6,45.0,0.0,0,16.282847171369255,16.489659276356317,16.066802461833923,False,True,False,True,False,True,False,False,False,False,False,False,False,False,False,False,False,False,False
4,5,608.0,30.107832255957,31.596580211647,11,0,0,0,1,1,1,0,0,0,27960.526315789473,20,152.0,1.8092105263157894,3,16.088423555642784,16.380459992348886,16.066802461833923,False,True,False,True,False,False,False,False,False,False,False,False,False,False,False,False,False,True,False
3,2,120.0,28.3758068,31.0726657,23,1,1,1,1,0,0,1,1,0,91928.13333333333,6,40.0,19.166666666666668,6,16.345788916607955,16.264790116464905,16.345788916607955,False,True,False,True,False,False,False,True,False,False,False,False,False,False,False,False,False,False,False
3,3,165.0,30.0050838,30.9290455,8,0,0,1,0,0,1,0,0,0,39393.93939393939,9,55.0,4.848484848484849,2,16.10616420501588,15.930560647738732,16.01134442508541,False,False,True,False,True,True,False,False,False,False,False,False,False,False,False,False,False,False,False
1,1,84.0,29.976979,31.7797175,21,0,0,1,1,1,1,0,0,1,32142.85714285714,1,84.0,25.0,5,15.616501940217244,15.384361031701085,16.066802461833923,False,True,False,False,True,True,False,False,False,False,False,False,False,False,False,False,False,False,False
5,4,237.0,30.0941611,31.7041108,18,1,1,1,1,1,0,0,0,1,82278.48101265823,20,47.4,7.594936708860759,6,15.82707481102028,15.793051943818522,16.066802461833923,False,True,False,True,False,False,False,False,False,False,False,False,False,False,False,False,False,True,False
3,1,140.0,29.9530003,30.9190691,0,0,0,0,0,0,0,0,0,0,21428.571428571428,3,46.666666666666664,0.0,0,16.10616420501588,15.045305273737881,16.01134442508541,False,True,False,True,False,True,False,False,False,False,False,False,False,False,False,False,False,False,False
3,2,130.0,30.0569,31.22129,7,0,0,1,0,0,0,0,0,0,69230.76923076923,6,43.333333333333336,5.384615384615384,1,15.94118483313827,15.94118483313827,16.066802461833923,False,False,True,True,False,True,False,False,False,False,False,False,False,False,False,False,False,False,False
3,3,175.0,30.09177585,31.6426486,0,0,0,0,0,0,0,0,0,0,61142.857142857145,9,58.333333333333336,0.0,0,15.93111255107345,15.88868261241667,16.066802461833923,False,True,False,True,False,True,False,False,False,False,False,False,False,False,False,False,False,False,False
3,4,209.0,29.9633661,31.0009178,11,0,0,0,1,1,1,0,0,0,59533.49282296651,12,69.66666666666667,5.2631578947368425,3,16.10616420501588,15.988839917212927,16.01134442508541,False,True,False,False,True,False,False,False,True,False,False,False,False,False,False,False,False,False,False
3,2,133.0,30.09177585,31.6426486,0,0,0,0,0,0,0,0,0,0,45864.661654135336,6,44.333333333333336,0.0,0,15.93111255107345,15.88868261241667,16.066802461833923,False,True,False,True,False,True,False,False,False,False,False,False,False,False,False,False,False,False,False
3,2,120.0,31.089549212598,28.160593150923,27,1,1,1,1,1,0,1,1,1,40000.0,6,40.0,22.5,8,16.345788916607955,16.264790116464905,16.345788916607955,False,True,False,True,False,False,False,True,False,False,False,False,False,False,False,False,False,False,False
3,3,160.0,31.204643285686,29.972258408593,3,0,0,0,0,1,1,0,0,0,65000.0,9,53.333333333333336,1.875,2,15.830413711839864,15.8522413701896,15.851522672265068,False,True,False,False,True,True,False,False,False,False,False,False,False,False,False,False,False,False,False
2,2,128.0,30.09093,31.32778,3,0,0,0,0,1,0,0,0,1,45312.5,4,64.0,2.34375,2,15.78142351648329,15.955576839107596,16.066802461833923,False,True,False,True,False,True,False,False,False,False,False,False,False,False,False,False,False,False,False
2,2,115.0,27.3956998,33.6509513,13,0,0,1,1,0,0,0,0,0,172173.91304347827,4,57.5,11.304347826086957,2,16.807478748496784,16.801192546169812,16.233206958474412,False,True,False,False,True,False,False,True,False,False,False,False,False,False,False,False,False,False,False
2,2,147.0,29.9819025,31.3772485,19,1,1,1,1,1,0,1,1,1,57142.857142857145,4,73.5,12.925170068027212,8,16.087842710858826,16.034714150714915,16.066802461833923,False,True,False,False,True,True,False,False,False,False,False,False,False,False,False,False,False,False,False
3,3,210.0,30.0050838,30.9290455,33,1,0,1,1,1,1,1,1,0,38333.333333333336,9,70.0,15.714285714285714,7,16.10616420501588,15.930560647738732,16.01134442508541,False,False,True,False,True,False,False,False,False,False,False,False,False,False,False,False,False,False,True
2,2,116.0,29.960553427645,30.968816252504,29,1,1,1,1,1,1,0,0,1,39737.456896551725,4,58.0,25.0,7,16.10616420501588,15.359227321287209,16.01134442508541,False,True,False,False,True,True,False,False,False,False,False,False,False,False,False,False,False,False,False
4,5,393.0,30.052395,30.99094,27,1,1,1,1,1,1,1,1,0,38167.93893129771,20,98.25,6.870229007633587,8,16.02378508137718,16.52356082573315,16.01134442508541,False,False,True,True,False,False,False,False,False,False,False,False,False,False,False,False,True,False,False
5,6,360.0,29.9885982,31.0445272,44,1,1,1,1,1,1,1,1,1,41666.666666666664,30,72.0,12.222222222222221,9,16.10616420501588,16.39933015491581,16.01134442508541,False,True,False,True,False,False,False,False,False,False,False,False,False,False,False,False,False,True,False
3,3,130.0,30.0009056,30.9008539,35,1,1,1,1,1,1,1,1,1,69230.76923076923,9,43.333333333333336,26.923076923076923,9,16.10616420501588,15.684848316063478,16.01134442508541,False,True,False,True,False,True,False,False,False,False,False,False,False,False,False,False,False,False,False
3,1,200.0,30.22834,31.47989,0,0,0,0,0,0,0,0,0,0,17500.0,3,66.66666666666667,0.0,0,15.219188824173482,15.29452599349607,16.066802461833923,False,True,False,True,False,True,False,False,False,False,False,False,False,False,False,False,False,False,False
3,1,120.0,30.00711,31.18413,37,0,0,1,0,1,1,0,0,1,12500.0,3,40.0,30.833333333333336,4,14.547138745203274,14.220976332738882,16.01134442508541,False,True,False,True,False,True,False,False,False,False,False,False,False,False,False,False,False,False,False
3,1,135.0,31.1672,29.87326,7,0,0,0,0,1,1,0,0,0,37037.03703703704,3,45.0,5.185185185185185,2,15.490462789320857,15.490462789320857,15.851522672265068,False,True,False,True,False,True,False,False,False,False,False,False,False,False,False,False,False,False,False
4,3,240.0,29.9780594,31.5043259,14,1,0,0,1,0,0,1,1,0,45166.666666666664,12,60.0,5.833333333333334,4,16.282847171369255,16.29204904211537,16.066802461833923,False,True,False,True,False,True,False,False,False,False,False,False,False,False,False,False,False,False,False
3,2,330.0,29.9930252,31.4414573,9,0,0,0,0,1,1,0,0,1,21212.121212121212,6,110.0,2.7272727272727275,3,16.282847171369255,16.29204904211537,16.066802461833923,False,True,False,False,True,True,False,False,False,False,False,False,False,False,False,False,False,False,False
3,3,190.0,30.996363,28.6804318,23,1,1,1,1,0,0,1,1,0,78947.36842105263,9,63.333333333333336,12.105263157894738,6,16.345788916607955,16.785925074816024,16.345788916607955,False,True,False,True,False,False,False,True,False,False,False,False,False,False,False,False,False,False,False
4,3,186.0,31.2155235,29.9420061,2,0,0,0,0,1,0,0,0,1,34408.602150537634,12,46.5,1.075268817204301,2,15.830413711839864,15.805301014415544,15.851522672265068,False,True,False,False,True,True,False,False,False,False,False,False,False,False,False,False,False,False,False
3,3,270.0,30.0050838,30.9290455,20,1,1,1,1,1,1,1,1,0,22222.222222222223,9,90.0,7.4074074074074066,8,16.10616420501588,15.930560647738732,16.01134442508541,False,False,True,True,False,False,False,False,False,False,False,False,False,False,False,False,False,False,True
9,7,240.0,30.14005,31.74103,12,0,0,1,1,0,0,0,0,0,19375.0,63,26.666666666666668,5.0,2,14.375126917328105,14.375126917328105,16.066802461833923,False,True,False,True,False,False,False,False,False,False,False,False,False,False,False,False,False,True,False
3,3,190.0,30.0050838,30.9290455,16,1,1,0,0,1,0,0,0,1,39868.42105263158,9,63.333333333333336,8.421052631578947,4,16.10616420501588,15.930560647738732,16.01134442508541,False,False,True,False,True,False,False,False,False,False,False,False,False,False,False,False,False,False,True
4,4,200.0,30.073028969307,30.965373520242,6,0,0,1,0,0,0,0,0,0,30000.0,16,50.0,3.0,1,16.02378508137718,17.310868988875562,16.01134442508541,False,True,False,True,False,True,False,False,False,False,False,False,False,False,False,False,False,False,False
4,4,390.0,30.07582038,31.51507649,0,0,0,0,0,0,0,0,0,0,110256.41025641025,16,97.5,0.0,0,16.282847171369255,16.489659276356317,16.066802461833923,False,True,False,True,False,False,False,False,False,False,False,False,False,False,False,False,False,True,False
3,2,130.0,29.3247202,32.5933239,24,1,1,1,1,1,1,0,0,1,50000.0,6,43.333333333333336,18.46153846153846,7,15.747032114495013,15.687312888712007,15.747032114495013,False,True,False,True,False,False,False,True,False,False,False,False,False,False,False,False,False,False,False
3,3,151.0,31.07192223,28.22889797,9,0,0,0,0,1,1,0,0,1,96158.94039735099,9,50.333333333333336,5.960264900662252,3,16.345788916607955,16.491037636231447,16.345788916607955,False,True,False,False,True,False,False,False,True,False,False,False,False,False,False,False,False,False,False
3,2,175.0,29.9819025,31.3772485,26,1,1,1,1,1,1,1,1,0,52571.42857142857,6,58.333333333333336,14.857142857142858,8,16.087842710858826,16.034714150714915,16.066802461833923,False,False,True,True,False,True,False,False,False,False,False,False,False,False,False,False,False,False,False
3,3,150.0,30.0870528,31.5124185,19,1,1,1,1,1,0,1,0,0,60000.0,9,50.0,12.666666666666666,6,16.282847171369255,16.29204904211537,16.066802461833923,False,True,False,False,True,True,False,False,False,False,False,False,False,False,False,False,False,False,False
4,5,447.0,30.076691,30.8767599,31,1,0,1,1,1,1,0,0,0,26845.637583892618,20,111.75,6.935123042505594,5,16.02378508137718,16.300417291085605,16.01134442508541,False,True,False,True,False,False,False,False,False,False,False,False,False,False,False,False,False,True,False
4,4,180.0,30.084482192642,30.963006624909,45,1,1,1,1,1,1,1,1,1,105555.55555555556,16,45.0,25.0,9,16.02378508137718,16.759949589762293,16.01134442508541,False,True,False,False,True,False,False,False,False,False,False,False,False,False,False,False,False,True,False
4,3,197.0,30.0697535,31.6307883,13,1,1,0,0,1,1,0,0,0,41837.56345177665,12,49.25,6.598984771573604,4,15.82707481102028,15.968744479311132,16.066802461833923,False,True,False,True,False,False,False,False,True,False,False,False,False,False,False,False,False,False,False
4,3,231.0,30.166137,31.6680496,46,1,1,1,1,1,1,1,1,1,109523.80952380953,12,57.75,19.91341991341991,9,16.300417291085605,16.486367704879513,16.066802461833923,False,True,False,True,False,False,False,False,False,False,False,False,False,False,False,True,False,False,False
3,2,145.0,30.0941611,31.7041108,23,1,1,1,1,1,1,0,0,1,34482.75862068965,6,48.333333333333336,15.862068965517242,7,15.82707481102028,15.793051943818522,16.066802461833923,False,True,False,True,False,True,False,False,False,False,False,False,False,False,False,False,False,False,False
6,4,475.0,29.9633661,31.0009178,33,1,1,1,1,1,1,0,0,1,63157.89473684211,24,79.16666666666667,6.947368421052632,7,16.10616420501588,15.988839917212927,16.01134442508541,False,True,False,True,False,False,False,False,False,False,False,False,False,False,False,False,False,True,False
3,3,136.0,31.3543445,27.2373159,27,1,1,1,1,1,0,1,1,1,134867.64705882352,9,45.333333333333336,19.852941176470587,8,16.345788916607955,16.264790116464905,16.345788916607955,False,True,False,False,True,False,False,True,False,False,False,False,False,False,False,False,False,False,False
3,3,188.0,29.9637831,31.5383442,0,0,0,0,0,0,0,0,0,0,79787.23404255319,9,62.666666666666664,0.0,0,16.282847171369255,16.29204904211537,16.066802461833923,True,False,False,True,False,True,False,False,False,False,False,False,False,False,False,False,False,False,False
3,3,135.0,29.960553427645,30.968816252504,29,1,1,1,1,1,1,0,0,1,35226.0,9,45.0,21.48148148148148,7,16.10616420501588,15.359227321287209,16.01134442508541,False,True,False,False,True,True,False,False,False,False,False,False,False,False,False,False,False,False,False
4,4,160.0,30.0941611,31.7041108,47,1,1,1,1,1,1,1,1,1,92500.0,16,40.0,29.375,9,15.82707481102028,15.793051943818522,16.066802461833923,False,True,False,False,True,False,False,False,False,False,False,False,False,False,False,False,False,True,False
3,3,150.0,29.980785898065,31.790816010333,33,1,1,1,1,1,0,1,1,1,27500.0,9,50.0,22.0,8,15.616501940217244,15.387613514087482,16.066802461833923,False,True,False,False,True,True,False,False,False,False,False,False,False,False,False,False,False,False,False
3,3,173.0,30.0208035,31.4247196,4,1,1,1,0,0,0,0,0,0,40173.41040462428,9,57.666666666666664,2.3121387283236996,3,16.282847171369255,16.29204904211537,16.066802461833923,False,True,False,True,False,True,False,False,False,False,False,False,False,False,False,False,False,False,False
4,7,356.0,30.0141854,31.0769017,8,0,0,1,1,1,0,0,0,0,47612.3595505618,28,89.0,2.247191011235955,3,16.10616420501588,16.20423135360026,16.01134442508541,False,False,True,False,True,False,False,False,False,False,False,False,False,False,False,False,True,False,False
2,2,130.0,29.9462159,31.7122334,5,0,0,0,0,1,1,0,0,0,57154.161538461536,4,65.0,3.846153846153846,2,15.616501940217244,15.532650642238089,16.066802461833923,False,True,False,True,False,True,False,False,False,False,False,False,False,False,False,False,False,False,False
3,4,279.0,29.9842656,31.540594,9,0,0,0,1,1,1,0,0,0,82437.27598566309,12,93.0,3.225806451612903,3,16.282847171369255,16.29204904211537,16.066802461833923,False,True,False,True,False,False,False,False,False,False,False,False,False,False,False,False,True,False,False
5,6,490.0,30.1208374,31.64358,11,0,0,0,1,1,1,0,0,0,31632.65306122449,30,98.0,2.2448979591836733,3,16.088423555642784,16.80526982826713,16.066802461833923,False,True,False,True,False,False,False,False,False,False,False,False,False,False,False,False,False,True,False
5,5,355.0,30.076691,30.8767599,6,0,0,1,0,0,0,0,0,0,27661.971830985916,25,71.0,1.6901408450704227,1,16.02378508137718,16.300417291085605,16.01134442508541,False,True,False,True,False,False,False,False,False,False,False,False,False,False,False,False,False,True,False
3,2,147.0,31.2155235,29.9420061,0,0,0,0,0,0,0,0,0,0,52000.0,6,49.0,0.0,0,15.830413711839864,15.805301014415544,15.851522672265068,False,True,False,False,True,True,False,False,False,False,False,False,False,False,False,False,False,False,False
3,2,135.0,29.9978985,31.63101061,5,0,0,1,0,0,0,0,0,0,77777.77777777778,6,45.0,3.7037037037037033,1,15.616501940217244,15.607270193858982,16.066802461833923,False,False,True,True,False,True,False,False,False,False,False,False,False,False,False,False,False,False,False
3,4,268.0,30.0259103,31.5359166,24,0,0,1,0,0,1,0,0,0,90671.64179104478,12,89.33333333333333,8.955223880597014,2,16.282847171369255,16.29204904211537,16.066802461833923,False,False,True,True,False,True,False,False,False,False,False,False,False,False,False,False,False,False,False
2,1,96.0,30.06603,31.48561,19,0,0,0,1,1,1,0,0,1,56250.0,2,48.0,19.791666666666668,4,16.282847171369255,15.86963441986494,16.066802461833923,False,True,False,True,False,True,False,False,False,False,False,False,False,False,False,False,False,False,False
2,2,130.0,30.06805,31.406379,28,1,1,1,1,1,1,1,1,1,90700.0,4,65.0,21.538461538461537,9,16.282847171369255,16.489659276356317,16.066802461833923,False,True,False,False,True,True,False,False,False,False,False,False,False,False,False,False,False,False,False
3,3,155.0,29.99146941,31.02896271,18,0,0,1,1,1,0,0,0,1,70322.58064516129,9,51.666666666666664,11.612903225806452,4,16.10616420501588,16.204273438942487,16.01134442508541,False,False,True,False,True,True,False,False,False,False,False,False,False,False,False,False,False,False,False
6,5,249.0,29.9633661,31.0009178,46,1,1,1,1,1,1,1,1,1,84337.34939759035,30,41.5,18.473895582329316,9,16.10616420501588,15.988839917212927,16.01134442508541,False,True,False,True,False,False,False,False,False,False,False,False,False,False,False,False,False,True,False
3,4,300.0,29.999066529633,31.002288720817,27,1,1,1,1,1,0,1,1,1,95000.0,12,100.0,9.0,8,16.02378508137718,16.722411672456456,16.01134442508541,False,False,True,True,False,False,False,False,False,False,False,False,False,False,False,False,False,True,False
3,4,205.0,30.0466368,31.6336039,31,1,1,1,0,1,1,0,0,0,32682.926829268294,12,68.33333333333333,15.121951219512196,5,15.82707481102028,16.257857680289998,16.066802461833923,False,True,False,True,False,True,False,False,False,False,False,False,False,False,False,False,False,False,False
3,3,188.0,29.9693233,31.7834684,0,0,0,0,0,0,0,0,0,0,18478.72340425532,9,62.666666666666664,0.0,0,15.616501940217244,15.100852141726765,16.066802461833923,False,True,False,False,True,True,False,False,False,False,False,False,False,False,False,False,False,False,False
3,3,200.0,29.96820431083,31.794533164418,18,1,1,1,1,0,0,1,1,0,28000.0,9,66.66666666666667,9.0,6,15.616501940217244,15.384361031701085,16.066802461833923,False,True,False,False,True,False,False,False,True,False,False,False,False,False,False,False,False,False,False
2,2,115.0,26.77628,33.93678,6,0,0,0,0,1,1,0,0,1,71739.13043478261,4,57.5,5.217391304347826,3,15.925723879522977,15.925723879522977,16.233206958474412,False,True,False,True,False,False,False,True,False,False,False,False,False,False,False,False,False,False,False
1,1,70.0,30.0303648,31.530564,6,1,1,0,1,1,0,0,0,0,60000.0,1,70.0,8.571428571428571,4,16.282847171369255,16.29204904211537,16.066802461833923,False,True,False,False,True,True,False,False,False,False,False,False,False,False,False,False,False,False,False
3,3,158.0,30.0639796,30.8829127,28,0,0,1,0,1,0,1,1,1,28481.01265822785,9,52.666666666666664,17.72151898734177,5,16.02378508137718,16.588099342704055,16.01134442508541,False,True,False,True,False,True,False,False,False,False,False,False,False,False,False,False,False,False,False
4,4,300.0,29.96606753363,31.574051437428,22,1,1,1,1,0,0,0,0,0,60000.0,16,75.0,7.333333333333333,4,16.282847171369255,16.200596964551092,16.066802461833923,False,False,True,True,False,False,False,False,False,False,False,False,False,False,False,False,False,True,False
3,3,119.0,30.09177585,31.6426486,0,0,0,0,0,0,0,0,0,0,52100.84033613445,9,39.666666666666664,0.0,0,15.93111255107345,15.88868261241667,16.066802461833923,False,True,False,False,True,True,False,False,False,False,False,False,False,False,False,False,False,False,False
3,3,175.0,30.0600801,31.5985531,10,0,0,1,0,0,0,0,0,0,64820.0,9,58.333333333333336,5.714285714285714,1,16.282847171369255,16.29204904211537,16.066802461833923,False,False,True,True,False,True,False,False,False,False,False,False,False,False,False,False,False,False,False
3,3,170.0,29.989265,31.0075456,25,1,1,1,1,1,1,1,1,1,58823.529411764706,9,56.666666666666664,14.705882352941178,9,16.10616420501588,15.984548045826063,16.01134442508541,False,True,False,False,True,True,False,False,False,False,False,False,False,False,False,False,False,False,False
3,3,222.0,30.9447479,28.7978345,0,0,0,0,0,0,0,0,0,0,69819.81981981982,9,74.0,0.0,0,16.345788916607955,16.785925074816024,16.345788916607955,True,False,False,True,False,False,False,True,False,False,False,False,False,False,False,False,False,False,False
2,2,120.0,30.033246576666,31.514915831553,0,0,0,0,0,0,0,0,0,0,47500.0,4,60.0,0.0,0,16.282847171369255,16.29204904211537,16.066802461833923,False,True,False,False,True,True,False,False,False,False,False,False,False,False,False,False,False,False,False
4,4,383.0,30.003115594494,31.008246905209,33,1,1,1,1,1,1,1,1,1,41775.45691906005,16,95.75,8.616187989556135,9,16.10616420501588,16.588099342704055,16.01134442508541,False,True,False,True,False,False,False,False,False,False,False,False,False,False,False,False,True,False,False
5,4,508.0,30.0478192,31.5372842,18,1,1,1,1,0,0,1,1,0,29527.55905511811,20,101.6,3.543307086614173,6,16.282847171369255,16.29204904211537,16.066802461833923,False,False,True,True,False,False,False,False,False,False,False,False,False,False,False,False,False,True,False
2,2,145.0,27.855874427197,31.246581787806,11,0,0,0,1,0,0,0,0,0,76551.72413793103,4,72.5,7.586206896551724,1,16.345788916607955,16.264790116464905,16.345788916607955,False,True,False,False,True,True,False,False,False,False,False,False,False,False,False,False,False,False,False
3,2,183.0,29.95833430058,31.758356812362,0,0,0,0,0,0,0,0,0,0,21857.92349726776,6,61.0,0.0,0,15.616501940217244,15.297238039382105,16.066802461833923,False,True,False,False,True,True,False,False,False,False,False,False,False,False,False,False,False,False,False
2,2,150.0,29.9978985,31.63101061,12,1,1,1,0,0,0,1,0,0,32666.666666666668,4,75.0,8.0,4,15.616501940217244,15.607270193858982,16.066802461833923,False,True,False,True,False,True,False,False,False,False,False,False,False,False,False,False,False,False,False
1,1,76.0,30.0669117,31.3375553,0,0,0,0,0,0,0,0,0,0,76473.68421052632,1,76.0,0.0,0,15.82707481102028,15.687312888712007,16.066802461833923,False,False,True,False,True,True,False,False,False,False,False,False,False,False,False,False,False,False,False
1,1,86.0,29.9771006,31.5720476,4,0,0,0,0,0,0,0,0,0,137209.3023255814,1,86.0,4.651162790697675,0,16.282847171369255,16.200596964551092,16.066802461833923,False,False,True,False,True,True,False,False,False,False,False,False,False,False,False,False,False,False,False
3,1,120.0,30.055142227158,31.385161146392,4,0,0,0,0,0,0,0,0,0,27500.0,3,40.0,3.3333333333333335,0,15.501738199611221,15.264846080743915,16.066802461833923,False,True,False,True,False,True,False,False,False,False,False,False,False,False,False,False,False,False,False
4,3,210.0,29.985209678113,31.080067422088,11,1,1,0,0,0,0,1,1,0,119047.61904761905,12,52.5,5.238095238095238,4,16.10616420501588,17.044287736088407,16.01134442508541,False,True,False,True,False,False,False,False,False,False,False,False,False,False,False,False,False,True,False
4,3,210.0,29.9980428,31.5483088,13,0,1,1,0,1,1,0,0,1,47619.04761904762,12,52.5,6.19047619047619,5,16.282847171369255,16.29204904211537,16.066802461833923,False,True,False,True,False,True,False,False,False,False,False,False,False,False,False,False,False,False,False
3,4,175.0,29.949263582262,31.533930046858,19,0,1,0,1,1,0,1,1,1,76571.42857142857,12,58.333333333333336,10.857142857142858,6,16.282847171369255,16.410765339548004,16.066802461833923,False,True,False,False,True,False,False,False,False,False,False,False,False,False,False,True,False,False,False
1,2,87.0,30.83361005,29.06649948,7,0,0,0,1,1,1,0,0,1,56896.55172413793,2,87.0,8.045977011494253,4,16.345788916607955,15.76142084987672,16.345788916607955,False,True,False,False,True,False,False,False,True,False,False,False,False,False,False,False,False,False,False
2,2,85.0,29.9842656,31.540594,7,0,0,1,0,0,0,0,0,0,74117.64705882352,4,42.5,8.23529411764706,1,16.282847171369255,16.29204904211537,16.066802461833923,True,False,False,True,False,True,False,False,False,False,False,False,False,False,False,False,False,False,False
3,3,196.0,30.0211431,31.0518675,47,1,1,1,1,1,1,1,1,1,91836.73469387754,9,65.33333333333333,23.979591836734695,9,16.10616420501588,16.705882371415992,16.01134442508541,False,True,False,True,False,True,False,False,False,False,False,False,False,False,False,False,False,False,False
3,3,175.0,30.0445728,31.0243959,9,0,0,1,0,1,1,0,0,0,63297.142857142855,9,58.333333333333336,5.142857142857143,3,16.02378508137718,16.115740211329367,16.01134442508541,False,False,True,True,False,True,False,False,False,False,False,False,False,False,False,False,False,False,False
3,3,250.0,30.166137,31.6680496,35,1,1,1,1,1,1,1,0,1,92000.0,9,83.33333333333333,14.0,8,16.300417291085605,16.486367704879513,16.066802461833923,True,False,False,True,False,False,False,False,False,False,False,False,False,False,False,False,False,True,False
3,3,140.0,30.04842577295,31.501481164322,21,1,1,1,1,0,0,1,1,0,64285.71428571428,9,46.666666666666664,15.000000000000002,6,16.282847171369255,16.29204904211537,16.066802461833923,False,True,False,False,True,True,False,False,False,False,False,False,False,False,False,False,False,False,False
2,2,140.0,30.02201225,31.3100159,6,0,0,0,0,1,1,0,0,1,100000.0,4,70.0,4.285714285714286,3,15.830413711839864,16.97569742890161,16.066802461833923,False,False,True,True,False,True,False,False,False,False,False,False,False,False,False,False,False,False,False
5,6,540.0,30.0059337,31.5089714,15,0,0,0,1,1,1,0,0,1,66435.18518518518,30,108.0,2.7777777777777777,4,16.282847171369255,16.29204904211537,16.066802461833923,False,False,True,True,False,False,False,False,False,False,False,False,False,False,False,False,False,True,False
3,3,285.0,30.006310382392,30.886741296615,29,1,1,1,1,1,1,1,1,0,38596.491228070176,9,95.0,10.175438596491228,8,16.02378508137718,16.15731646026544,16.01134442508541,False,True,False,False,True,False,False,False,False,False,False,False,False,False,False,False,False,True,False
3,3,375.0,30.0920272,31.4838462,9,0,0,1,0,0,0,0,0,0,93333.33333333333,9,125.0,2.4,1,16.282847171369255,16.489659276356317,16.066802461833923,False,True,False,True,False,False,False,False,False,False,False,False,False,False,False,False,False,True,False
3,3,175.0,30.0478192,31.5372842,4,0,0,0,0,1,1,0,0,0,73142.85714285714,9,58.333333333333336,2.2857142857142856,2,16.282847171369255,16.29204904211537,16.066802461833923,False,True,False,True,False,False,False,False,False,False,False,False,True,False,False,False,False,False,False
2,2,115.0,29.4705022,32.4537273,20,1,0,0,1,1,1,0,0,1,40434.782608695656,4,57.5,17.39130434782609,5,15.747032114495013,15.506518023422661,15.747032114495013,False,True,False,True,False,False,False,True,False,False,False,False,False,False,False,False,False,False,False
3,2,95.0,30.866252658312,28.929261844291,0,0,0,0,0,0,0,0,0,0,63157.89473684211,6,31.666666666666668,0.0,0,16.345788916607955,15.76142084987672,16.345788916607955,False,True,False,False,True,False,False,True,False,False,False,False,False,False,False,False,False,False,False
4,4,252.0,30.153125250041,31.645421749033,43,1,1,1,1,1,1,1,1,1,25000.0,16,63.0,17.063492063492063,9,16.088423555642784,15.068273812173887,16.066802461833923,False,True,False,False,True,False,False,False,True,False,False,False,False,False,False,False,False,False,False
3,1,90.0,31.50846,31.82701,5,0,0,0,0,0,0,0,0,0,47777.77777777778,3,30.0,5.555555555555555,0,15.226497775576945,15.226497775576945,15.271797524004405,True,False,False,True,False,True,False,False,False,False,False,False,False,False,False,False,False,False,False
4,3,260.0,30.06603,31.48561,44,1,1,1,1,1,1,1,1,1,65384.61538461538,12,65.0,16.923076923076923,9,16.282847171369255,15.86963441986494,16.066802461833923,False,True,False,True,False,False,False,False,True,False,False,False,False,False,False,False,False,False,False
4,2,212.0,30.0941611,31.7041108,24,1,1,1,1,1,1,0,0,1,47169.811320754714,8,53.0,11.320754716981131,7,15.82707481102028,15.793051943818522,16.066802461833923,False,True,False,True,False,False,False,False,False,False,False,False,False,False,False,False,False,True,False
3,2,130.0,29.9633661,31.0009178,33,1,1,1,1,1,1,1,1,1,35769.230769230766,6,43.333333333333336,25.384615384615383,9,16.10616420501588,15.988839917212927,16.01134442508541,False,True,False,False,True,True,False,False,False,False,False,False,False,False,False,False,False,False,False
4,2,160.0,31.21536,29.94034,5,0,0,0,0,0,1,0,0,0,34375.0,8,40.0,3.125,1,15.830413711839864,15.754226482185867,15.851522672265068,False,True,False,True,False,True,False,False,False,False,False,False,False,False,False,False,False,False,False
4,2,275.0,29.980463,31.3854644,23,1,1,1,1,0,0,1,1,0,54545.454545454544,8,68.75,8.363636363636363,6,16.087842710858826,16.185754392890075,16.066802461833923,True,False,False,True,False,False,False,False,False,False,False,False,True,False,False,False,False,False,False
2,2,77.0,31.08028619097,28.015131024311,27,1,1,1,1,1,0,1,1,1,54935.06493506493,4,38.5,35.064935064935064,8,16.345788916607955,16.264790116464905,16.345788916607955,False,True,False,True,False,False,False,True,False,False,False,False,False,False,False,False,False,False,False
3,3,276.0,30.2013484,31.6804732,4,0,0,0,0,0,0,0,0,0,32105.072463768116,9,92.0,1.4492753623188408,0,16.088423555642784,16.15957650726579,16.066802461833923,False,False,True,True,False,False,False,False,False,False,False,False,True,False,False,False,False,False,False
3,3,178.0,29.9980428,31.5483088,5,0,1,1,1,1,1,0,0,0,48033.70786516854,9,59.333333333333336,2.8089887640449436,5,16.282847171369255,16.29204904211537,16.066802461833923,False,True,False,True,False,True,False,False,False,False,False,False,False,False,False,False,False,False,False
3,2,210.0,30.032755,31.4620516,2,0,0,0,0,0,0,0,0,0,39047.619047619046,6,70.0,0.9523809523809523,0,16.282847171369255,16.29204904211537,16.066802461833923,False,True,False,True,False,True,False,False,False,False,False,False,False,False,False,False,False,False,False
4,5,424.0,31.075992693113,27.971111509728,43,1,1,1,1,1,1,1,1,0,94339.62264150943,20,106.0,10.141509433962264,8,16.345788916607955,16.264790116464905,16.345788916607955,False,True,False,True,False,False,False,False,False,False,False,False,False,False,False,False,False,True,False
3,3,155.0,31.082957585789,28.032116949628,17,1,0,0,1,1,0,0,1,1,80645.16129032258,9,51.666666666666664,10.96774193548387,5,16.345788916607955,16.264790116464905,16.345788916607955,False,True,False,True,False,False,False,False,False,False,False,False,False,False,False,False,True,False,False
2,2,123.0,30.118908615659,31.652102804902,15,1,1,1,1,1,0,0,0,1,49593.49593495935,4,61.5,12.195121951219512,6,16.088423555642784,15.899927389451875,16.066802461833923,False,True,False,False,True,True,False,False,False,False,False,False,False,False,False,False,False,False,False
4,4,210.0,30.084482192642,30.963006624909,7,0,0,1,1,0,0,0,0,0,143333.33333333334,16,52.5,3.333333333333333,2,16.02378508137718,16.759949589762293,16.01134442508541,False,True,False,False,True,False,False,False,False,False,False,False,False,False,False,False,False,True,False
1,1,65.0,31.0952654,27.9249993,0,0,0,0,0,0,0,0,0,0,132307.6923076923,1,65.0,0.0,0,16.345788916607955,16.264790116464905,16.345788916607955,False,False,True,True,False,False,False,True,False,False,False,False,False,False,False,False,False,False,False
3,5,232.0,30.005083,30.9699516,11,1,1,1,0,0,0,1,1,0,71120.68965517242,15,77.33333333333333,4.741379310344828,5,16.10616420501588,16.29693295701031,16.01134442508541,False,True,False,True,False,True,False,False,False,False,False,False,False,False,False,False,False,False,False
2,1,90.0,30.06603,31.48561,22,0,0,1,1,0,0,0,0,0,57777.77777777778,2,45.0,24.444444444444443,2,16.282847171369255,15.86963441986494,16.066802461833923,True,False,False,True,False,True,False,False,False,False,False,False,False,False,False,False,False,False,False
3,2,163.0,30.0713212,31.5772612,20,1,1,1,1,1,1,1,1,1,45398.77300613497,6,54.333333333333336,12.269938650306749,9,16.282847171369255,16.29204904211537,16.066802461833923,False,True,False,True,False,True,False,False,False,False,False,False,False,False,False,False,False,False,False
4,4,211.0,30.09177585,31.6426486,11,0,0,1,1,1,1,0,0,1,107582.9383886256,16,52.75,5.213270142180095,5,15.93111255107345,15.88868261241667,16.066802461833923,False,True,False,False,True,False,False,False,False,False,False,False,False,False,False,False,False,True,False
3,3,185.0,30.9868595,28.7155999,19,1,1,1,1,0,0,1,1,0,45945.94594594595,9,61.666666666666664,10.27027027027027,6,16.345788916607955,15.76142084987672,16.345788916607955,False,False,True,True,False,False,False,True,False,False,False,False,False,False,False,False,False,False,False
1,1,89.0,30.0445728,31.0243959,40,1,1,1,1,1,0,1,1,1,66292.13483146067,1,89.0,44.9438202247191,8,16.02378508137718,16.115740211329367,16.01134442508541,True,False,False,False,True,True,False,False,False,False,False,False,False,False,False,False,False,False,False
3,2,110.0,29.6727347,32.3374381,0,0,0,0,0,0,0,0,0,0,56818.181818181816,6,36.666666666666664,0.0,0,15.747032114495013,15.967921456359903,15.747032114495013,False,True,False,True,False,False,False,True,False,False,False,False,False,False,False,False,False,False,False
2,2,110.0,30.084482192642,30.963006624909,51,1,1,1,1,1,1,1,1,1,92727.27272727272,4,55.0,46.36363636363636,9,16.02378508137718,16.759949589762293,16.01134442508541,False,True,False,False,True,True,False,False,False,False,False,False,False,False,False,False,False,False,False
2,2,172.0,29.9879568,31.0100011,19,1,1,1,1,1,1,1,0,1,46220.93023255814,4,86.0,11.046511627906977,8,16.10616420501588,16.489659276356317,16.01134442508541,False,True,False,True,False,True,False,False,False,False,False,False,False,False,False,False,False,False,False
1,1,67.0,30.9628937,28.7565892,0,0,0,0,0,0,0,0,0,0,187417.91044776118,1,67.0,0.0,0,16.345788916607955,16.785925074816024,16.345788916607955,False,True,False,True,False,False,False,True,False,False,False,False,False,False,False,False,False,False,False
3,2,155.0,29.91637,31.06103,0,0,0,0,0,0,0,0,0,0,11935.483870967742,6,51.666666666666664,0.0,0,15.279199431073042,15.10749451433816,16.01134442508541,False,True,False,False,True,True,False,False,False,False,False,False,False,False,False,False,False,False,False
2,2,110.0,30.07349031,31.60085522,9,1,1,1,1,0,0,0,1,0,140454.54545454544,4,55.0,8.181818181818182,5,16.282847171369255,16.29204904211537,16.066802461833923,False,True,False,True,False,True,False,False,False,False,False,False,False,False,False,False,False,False,False
2,2,130.0,29.951709071432,31.572522435582,0,0,0,0,0,0,0,0,0,0,65384.61538461538,4,65.0,0.0,0,16.282847171369255,16.200596964551092,16.066802461833923,False,False,True,True,False,True,False,False,False,False,False,False,False,False,False,False,False,False,False
3,3,140.0,30.055832724421,30.902109822001,42,1,1,1,1,1,1,1,1,1,57142.857142857145,9,46.666666666666664,30.000000000000004,9,16.02378508137718,15.820992169569557,16.01134442508541,False,True,False,True,False,True,False,False,False,False,False,False,False,False,False,False,False,False,False
2,2,90.0,31.0665111,28.344066,15,0,0,1,0,1,0,0,0,0,66666.66666666667,4,45.0,16.666666666666668,2,16.345788916607955,15.572773764067886,16.345788916607955,False,True,False,False,True,False,False,True,False,False,False,False,False,False,False,False,False,False,False
3,3,195.0,30.0696585,31.5454876,5,0,0,0,0,0,0,0,0,0,22051.28205128205,9,65.0,2.5641025641025643,0,16.282847171369255,16.29204904211537,16.066802461833923,False,True,False,False,True,True,False,False,False,False,False,False,False,False,False,False,False,False,False
5,3,279.0,31.2155235,29.9420061,0,0,0,0,0,0,0,0,0,0,77060.93189964158,15,55.8,0.0,0,15.830413711839864,15.805301014415544,15.851522672265068,False,True,False,True,False,False,False,False,False,False,False,False,False,False,False,False,False,True,False
3,3,180.0,30.0478192,31.5372842,0,0,0,0,0,0,0,0,0,0,66666.66666666667,9,60.0,0.0,0,16.282847171369255,16.29204904211537,16.066802461833923,True,False,False,True,False,True,False,False,False,False,False,False,False,False,False,False,False,False,False
2,2,132.0,29.990186,31.53627878,14,1,1,1,1,1,1,0,0,1,52272.72727272727,4,66.0,10.606060606060606,7,16.282847171369255,16.29204904211537,16.066802461833923,False,True,False,False,True,True,False,False,False,False,False,False,False,False,False,False,False,False,False
3,3,204.0,30.14421,31.63972,0,0,0,0,0,0,0,0,0,0,16127.450980392157,9,68.0,0.0,0,16.088423555642784,15.35237799261728,16.066802461833923,False,True,False,True,False,True,False,False,False,False,False,False,False,False,False,False,False,False,False
3,4,183.0,31.3543445,27.2373159,1,0,0,0,0,0,0,0,0,0,120218.57923497268,12,61.0,0.5464480874316939,0,16.345788916607955,16.264790116464905,16.345788916607955,False,True,False,False,True,False,False,True,False,False,False,False,False,False,False,False,False,False,False
6,2,316.0,30.9954216,28.6611835,12,1,0,0,1,0,0,0,0,0,98101.26582278482,12,52.666666666666664,3.7974683544303796,2,16.345788916607955,16.785925074816024,16.345788916607955,True,False,False,True,False,False,False,True,False,False,False,False,False,False,False,False,False,False,False
1,1,84.0,29.9978985,31.63101061,8,0,0,1,1,1,0,0,0,0,41666.666666666664,1,84.0,9.523809523809524,3,15.616501940217244,15.607270193858982,16.066802461833923,False,True,False,True,False,True,False,False,False,False,False,False,False,False,False,False,False,False,False
4,4,267.0,29.9842656,31.540594,0,0,0,0,0,0,0,0,0,0,138576.77902621723,16,66.75,0.0,0,16.282847171369255,16.29204904211537,16.066802461833923,False,False,True,True,False,False,False,False,False,False,False,False,False,False,False,False,False,True,False
11,6,1000.0,30.0524,31.2595,0,0,0,0,0,0,0,0,0,0,49000.0,66,90.9090909090909,0.0,0,17.707330876483063,17.707330876483063,16.066802461833923,False,True,False,True,False,False,False,False,False,False,False,True,False,False,False,False,False,False,False
6,6,529.0,30.0920272,31.4838462,47,1,1,1,1,1,1,1,1,1,45368.62003780718,36,88.16666666666667,8.88468809073724,9,16.282847171369255,16.489659276356317,16.066802461833923,False,True,False,True,False,False,False,False,False,False,False,False,False,False,False,False,False,True,False
1,1,54.0,30.0346339,31.818525,0,0,0,0,0,0,0,0,0,0,99381.5925925926,1,54.0,0.0,0,15.616501940217244,15.495706423212354,16.066802461833923,False,False,True,False,True,False,False,False,False,True,False,False,False,False,False,False,False,False,False
5,5,307.0,30.0600801,31.5985531,8,0,0,1,1,0,0,0,0,0,83135.17915309446,25,61.4,2.6058631921824107,2,16.282847171369255,16.29204904211537,16.066802461833923,False,True,False,True,False,False,False,False,False,False,False,False,False,False,False,False,False,True,False
3,3,220.0,29.9637831,31.5383442,19,1,1,1,1,1,1,1,0,1,50000.0,9,73.33333333333333,8.636363636363635,8,16.282847171369255,16.29204904211537,16.066802461833923,False,True,False,True,False,True,False,False,False,False,False,False,False,False,False,False,False,False,False
3,2,190.0,29.9382418,31.0521456,0,0,0,0,0,0,0,0,0,0,34210.52631578947,6,63.333333333333336,0.0,0,15.279199431073042,15.687312888712007,16.01134442508541,False,True,False,True,False,True,False,False,False,False,False,False,False,False,False,False,False,False,False
3,2,109.0,30.09177585,31.6426486,0,0,0,0,0,0,0,0,0,0,66972.47706422018,6,36.333333333333336,0.0,0,15.93111255107345,15.88868261241667,16.066802461833923,False,True,False,True,False,True,False,False,False,False,False,False,False,False,False,False,False,False,False
2,1,140.0,30.0387899,30.9657115,3,0,0,0,0,0,1,0,0,0,30000.0,2,70.0,2.142857142857143,1,16.02378508137718,15.250595321348806,16.01134442508541,False,True,False,True,False,True,False,False,False,False,False,False,False,False,False,False,False,False,False
2,2,130.0,30.07349031,31.60085522,11,0,1,1,0,0,0,0,0,0,57692.307692307695,4,65.0,8.461538461538462,2,16.282847171369255,16.29204904211537,16.066802461833923,False,True,False,False,True,True,False,False,False,False,False,False,False,False,False,False,False,False,False
2,2,91.0,29.3088415,32.5997754,20,1,1,1,1,0,0,1,1,0,68131.86813186813,4,45.5,21.978021978021978,6,15.747032114495013,15.64006001130563,15.747032114495013,False,True,False,True,False,False,False,True,False,False,False,False,False,False,False,False,False,False,False
3,3,162.0,29.9678067,31.5159872,23,1,1,1,1,0,0,1,1,0,33950.61728395062,9,54.0,14.19753086419753,6,16.282847171369255,16.29204904211537,16.066802461833923,False,True,False,False,True,True,False,False,False,False,False,False,False,False,False,False,False,False,False
2,2,88.0,31.0665111,28.344066,49,1,1,1,1,1,1,1,1,1,59090.90909090909,4,44.0,55.68181818181818,9,16.345788916607955,15.572773764067886,16.345788916607955,False,True,False,True,False,False,False,True,False,False,False,False,False,False,False,False,False,False,False
3,3,160.0,29.9382418,31.0521456,18,0,1,1,1,1,1,0,0,1,32500.0,9,53.333333333333336,11.25,6,15.279199431073042,15.687312888712007,16.01134442508541,False,True,False,True,False,True,False,False,False,False,False,False,False,False,False,False,False,False,False
2,2,148.0,30.0259103,31.5359166,0,0,0,0,0,0,0,0,0,0,68918.91891891892,4,74.0,0.0,0,16.282847171369255,16.29204904211537,16.066802461833923,False,True,False,True,False,True,False,False,False,False,False,False,False,False,False,False,False,False,False
3,2,184.0,31.3543445,27.2373159,3,0,0,0,0,0,0,0,0,0,114130.43478260869,6,61.333333333333336,1.6304347826086956,0,16.345788916607955,16.264790116464905,16.345788916607955,True,False,False,False,True,False,False,True,False,False,False,False,False,False,False,False,False,False,False
4,4,225.0,29.9885982,31.0445272,41,1,1,1,1,1,1,1,1,1,84444.44444444444,16,56.25,18.22222222222222,9,16.10616420501588,16.39933015491581,16.01134442508541,False,True,False,True,False,False,False,False,False,False,False,False,False,False,False,False,False,True,False
4,2,280.0,30.1233727,31.6306056,38,1,1,1,1,1,1,1,1,1,81428.57142857143,8,70.0,13.571428571428573,9,16.088423555642784,16.83885804718937,16.066802461833923,False,True,False,True,False,True,False,False,False,False,False,False,False,False,False,False,False,False,False
2,2,92.0,31.082957585789,28.032116949628,19,0,0,0,1,1,0,0,0,1,78586.95652173914,4,46.0,20.652173913043477,3,16.345788916607955,16.264790116464905,16.345788916607955,False,True,False,False,True,False,False,True,False,False,False,False,False,False,False,False,False,False,False
4,1,310.0,31.2135223,29.9200615,6,0,0,0,0,0,1,0,0,0,32258.064516129034,4,77.5,1.9354838709677418,1,16.142490830662076,16.142490830662076,15.851522672265068,False,True,False,True,False,True,False,False,False,False,False,False,False,False,False,False,False,False,False
2,2,80.0,26.9637262,33.8799191,50,1,1,1,1,1,1,1,1,1,153000.0,4,40.0,62.5,9,16.801192546169812,16.320219916747796,16.233206958474412,False,True,False,False,True,True,False,False,False,False,False,False,False,False,False,False,False,False,False
3,3,225.0,30.14421,31.63972,36,0,0,1,1,1,1,0,0,1,18222.222222222223,9,75.0,16.0,5,16.088423555642784,15.35237799261728,16.066802461833923,False,True,False,True,False,True,False,False,False,False,False,False,False,False,False,False,False,False,False
3,2,400.0,30.8351558,29.233206,3,0,0,0,0,0,0,0,0,0,32500.0,6,133.33333333333334,0.75,0,16.345788916607955,15.956959012430428,16.345788916607955,False,True,False,True,False,False,False,False,False,False,False,False,False,False,False,False,False,True,False
3,3,175.0,30.0050838,30.9290455,15,0,0,0,0,0,0,1,1,1,43068.57142857143,9,58.333333333333336,8.571428571428571,3,16.10616420501588,15.930560647738732,16.01134442508541,False,False,True,False,True,False,False,False,False,False,False,False,False,False,False,False,False,False,True
3,2,142.0,29.9937516,30.9323647,0,0,0,0,0,0,0,0,0,0,14788.732394366198,6,47.333333333333336,0.0,0,16.10616420501588,15.109392850014181,16.01134442508541,False,True,False,True,False,True,False,False,False,False,False,False,False,False,False,False,False,False,False
2,1,132.0,26.8608814,33.944639,8,0,0,1,0,0,0,0,0,0,72727.27272727272,2,66.0,6.0606060606060606,1,16.3394119477972,16.189539487919134,16.233206958474412,True,False,False,True,False,False,False,True,False,False,False,False,False,False,False,False,False,False,False
4,4,220.0,29.970745778017,30.862376349077,17,1,1,1,1,0,0,1,1,0,113636.36363636363,16,55.0,7.727272727272727,6,16.10616420501588,16.747326199740595,16.01134442508541,False,True,False,False,True,False,False,False,False,False,False,False,False,False,False,False,False,True,False
3,2,170.0,30.0859375,31.3680496,42,1,1,1,1,1,1,1,1,1,76470.58823529411,6,56.666666666666664,24.705882352941178,9,15.803385043104912,16.213405921671733,16.066802461833923,False,True,False,True,False,True,False,False,False,False,False,False,False,False,False,False,False,False,False
2,2,130.0,30.0050838,30.9290455,24,0,0,1,1,1,1,0,0,0,35769.230769230766,4,65.0,18.46153846153846,4,16.10616420501588,15.930560647738732,16.01134442508541,False,True,False,True,False,True,False,False,False,False,False,False,False,False,False,False,False,False,False
3,4,210.0,31.0748331,28.0612823,9,0,0,1,0,0,0,0,0,0,89809.52380952382,12,70.0,4.285714285714286,1,16.345788916607955,17.128471962635032,16.345788916607955,False,True,False,True,False,False,False,True,False,False,False,False,False,False,False,False,False,False,False
4,3,210.0,29.9294519,30.9148066,0,0,0,0,0,0,0,0,0,0,16000.0,12,52.5,0.0,0,16.10616420501588,15.027451829558391,16.01134442508541,False,True,False,True,False,True,False,False,False,False,False,False,False,False,False,False,False,False,False
1,1,81.0,29.9391835,31.0267927,22,1,1,1,1,1,1,0,0,1,64074.07407407407,1,81.0,27.160493827160494,7,16.10616420501588,15.656740161647143,16.01134442508541,False,True,False,True,False,True,False,False,False,False,False,False,False,False,False,False,False,False,False
4,3,290.0,30.0000227,31.0342844,18,1,1,0,1,1,1,1,1,0,44827.58620689655,12,72.5,6.206896551724138,7,16.10616420501588,17.216707972959764,16.01134442508541,False,True,False,True,False,False,False,False,False,False,False,False,False,False,False,True,False,False,False
2,2,134.0,30.9628937,28.7565892,41,1,1,1,1,1,1,1,1,0,246268.6567164179,4,67.0,30.597014925373134,8,16.345788916607955,16.785925074816024,16.345788916607955,True,False,False,True,False,False,False,False,False,True,False,False,False,False,False,False,False,False,False
4,3,235.0,30.0696585,31.5454876,10,0,0,1,0,0,1,0,0,0,16800.0,12,58.75,4.25531914893617,2,16.282847171369255,16.29204904211537,16.066802461833923,False,True,False,False,True,True,False,False,False,False,False,False,False,False,False,False,False,False,False
3,3,190.0,30.054415376423,31.008923110908,27,1,1,1,1,1,1,1,1,1,17105.263157894737,9,63.333333333333336,14.210526315789474,9,16.02378508137718,15.366597512397448,16.01134442508541,False,True,False,True,False,True,False,False,False,False,False,False,False,False,False,False,False,False,False
3,2,155.0,29.9678067,31.5159872,28,1,0,1,1,1,1,0,0,1,19354.83870967742,6,51.666666666666664,18.064516129032256,6,16.282847171369255,16.29204904211537,16.066802461833923,False,True,False,False,True,True,False,False,False,False,False,False,False,False,False,False,False,False,False
3,2,140.0,30.0713212,31.5772612,8,0,0,0,0,1,1,0,0,0,60714.28571428572,6,46.666666666666664,5.714285714285714,2,16.282847171369255,16.29204904211537,16.066802461833923,False,True,False,True,False,True,False,False,False,False,False,False,False,False,False,False,False,False,False
4,5,377.0,29.9875186,31.5555302,8,0,0,1,1,1,1,0,0,0,68965.5172413793,20,94.25,2.1220159151193636,4,16.282847171369255,16.29204904211537,16.066802461833923,False,False,True,True,False,False,False,False,False,False,False,False,False,False,False,False,True,False,False
7,4,231.0,30.0025075,31.0003656,4,0,0,1,0,0,0,0,0,0,82251.08225108225,28,33.0,1.7316017316017316,1,16.10616420501588,16.52356082573315,16.01134442508541,True,False,False,True,False,False,False,False,False,False,False,False,False,False,False,False,False,True,False
3,2,140.0,29.977172361554,31.775442811376,31,1,1,1,1,1,1,1,1,1,48171.42857142857,6,46.666666666666664,22.142857142857146,9,15.616501940217244,15.384361031701085,16.066802461833923,False,True,False,False,True,True,False,False,False,False,False,False,False,False,False,False,False,False,False
5,5,330.0,30.0600801,31.5985531,22,1,1,1,1,0,0,1,1,0,69696.9696969697,25,66.0,6.666666666666667,6,16.282847171369255,16.29204904211537,16.066802461833923,False,True,False,True,False,False,False,False,False,False,False,False,False,False,False,False,True,False,False
3,3,225.0,30.0211431,31.0518675,17,1,1,1,1,1,0,1,1,1,31111.11111111111,9,75.0,7.555555555555555,8,16.10616420501588,16.705882371415992,16.01134442508541,False,True,False,True,False,True,False,False,False,False,False,False,False,False,False,False,False,False,False
6,6,357.0,29.9885982,31.0445272,9,1,1,1,0,0,0,0,0,0,37815.12605042017,36,59.5,2.5210084033613445,3,16.10616420501588,16.39933015491581,16.01134442508541,False,True,False,True,False,False,False,False,False,False,False,False,False,False,False,False,False,True,False
4,3,218.0,29.7666672,31.0988357,1,0,0,0,0,0,0,0,0,1,38532.11009174312,12,54.5,0.4587155963302752,1,16.101268496405105,16.101268496405105,15.851522672265068,False,True,False,True,False,True,False,False,False,False,False,False,False,False,False,False,False,False,False
3,4,269.0,30.0074176,31.4887433,12,0,0,0,1,1,1,0,0,0,139232.34200743496,12,89.66666666666667,4.4609665427509295,3,16.282847171369255,16.29204904211537,16.066802461833923,False,True,False,False,True,False,False,False,False,False,False,False,False,False,False,False,False,True,False
4,4,270.0,30.0760241,30.9783104,26,1,1,1,1,1,1,1,1,1,41851.851851851854,16,67.5,9.62962962962963,9,16.02378508137718,16.29077632722533,16.01134442508541,False,True,False,True,False,False,False,False,False,False,False,False,False,False,False,False,False,True,False
3,2,168.0,31.2155235,29.9420061,0,0,0,0,0,0,0,0,0,0,48500.0,6,56.0,0.0,0,15.830413711839864,15.805301014415544,15.851522672265068,False,True,False,False,True,True,False,False,False,False,False,False,False,False,False,False,False,False,False
3,4,355.0,29.961225660102,31.532771538224,49,1,1,1,1,1,1,1,1,1,95774.64788732394,12,118.33333333333333,13.802816901408452,9,16.282847171369255,15.79591728085829,16.066802461833923,True,False,False,True,False,False,False,False,False,False,False,False,False,False,False,False,False,True,False
3,3,230.0,30.032755,31.4620516,12,0,0,0,0,1,1,0,0,1,36521.739130434784,9,76.66666666666667,5.217391304347826,3,16.282847171369255,16.29204904211537,16.066802461833923,False,True,False,True,False,True,False,False,False,False,False,False,False,False,False,False,False,False,False
0,0,650.0,29.97725811,30.88446554,0,0,0,0,0,0,0,0,0,0,5384.615384615385,0,60.0,0.0,0,16.10616420501588,15.068273812173887,16.01134442508541,False,True,False,True,False,False,False,False,False,False,True,False,False,False,False,False,False,False,False
3,4,223.0,30.0211431,31.0518675,51,0,1,1,1,1,1,0,1,1,85201.7937219731,12,74.33333333333333,22.869955156950674,7,16.10616420501588,16.705882371415992,16.01134442508541,True,False,False,True,False,True,False,False,False,False,False,False,False,False,False,False,False,False,False
3,2,150.0,31.0682429,28.3598287,9,1,1,0,1,0,0,0,0,0,105000.0,6,50.0,6.0,3,16.345788916607955,16.572350986727976,16.345788916607955,False,True,False,True,False,False,False,True,False,False,False,False,False,False,False,False,False,False,False
3,3,183.0,30.0076608,31.0894755,44,1,1,1,1,1,1,1,1,1,71038.25136612022,9,61.0,24.043715846994534,9,16.10616420501588,16.620246517827816,16.01134442508541,False,True,False,True,False,True,False,False,False,False,False,False,False,False,False,False,False,False,False
3,3,198.0,30.10226,31.37633,23,0,0,1,1,1,1,0,0,1,75000.0,9,66.0,11.616161616161616,5,15.803385043104912,16.112782623645305,16.066802461833923,False,True,False,True,False,True,False,False,False,False,False,False,False,False,False,False,False,False,False
2,2,114.0,29.977172361554,31.775442811376,30,1,1,1,1,1,1,1,1,1,49070.17543859649,4,57.0,26.315789473684212,9,15.616501940217244,15.384361031701085,16.066802461833923,False,True,False,False,True,True,False,False,False,False,False,False,False,False,False,False,False,False,False
4,4,212.0,30.0941611,31.7041108,34,1,1,1,0,0,0,1,1,1,47169.811320754714,16,53.0,16.037735849056602,6,15.82707481102028,15.793051943818522,16.066802461833923,False,False,True,False,True,False,False,False,False,False,False,False,False,False,False,False,False,True,False
4,4,542.0,30.0758544,31.4716547,52,1,1,1,1,1,1,1,1,1,105996.30996309963,16,135.5,9.59409594095941,9,16.282847171369255,16.489659276356317,16.066802461833923,False,True,False,True,False,False,False,False,False,False,False,False,False,False,False,False,False,True,False
3,3,250.0,30.14421,31.63972,11,0,0,1,0,0,0,0,0,0,18600.0,9,83.33333333333333,4.4,1,16.088423555642784,15.35237799261728,16.066802461833923,False,True,False,True,False,True,False,False,False,False,False,False,False,False,False,False,False,False,False
3,3,140.0,30.04842577295,31.501481164322,9,0,1,1,0,1,1,0,0,0,78531.42857142857,9,46.666666666666664,6.428571428571429,4,16.282847171369255,16.29204904211537,16.066802461833923,False,True,False,True,False,True,False,False,False,False,False,False,False,False,False,False,False,False,False
2,2,125.0,30.166137,31.6680496,49,1,1,1,1,1,1,1,1,1,52000.0,4,62.5,39.2,9,16.300417291085605,16.486367704879513,16.066802461833923,True,False,False,True,False,True,False,False,False,False,False,False,False,False,False,False,False,False,False
2,3,103.0,29.9651603,31.5327758,0,0,0,0,0,0,0,0,0,0,74271.84466019417,6,51.5,0.0,0,16.282847171369255,16.29204904211537,16.066802461833923,False,True,False,True,False,True,False,False,False,False,False,False,False,False,False,False,False,False,False
3,2,300.0,30.29267,31.74234,0,0,0,0,0,0,0,0,0,0,34166.666666666664,6,100.0,0.0,0,16.142788361109663,16.142788361109663,16.142788361109663,False,True,False,True,False,False,False,False,False,False,False,True,False,False,False,False,False,False,False
3,3,120.0,31.1903125,27.5931875,15,1,1,1,1,1,0,1,0,0,216612.09166666667,9,40.0,12.5,6,16.345788916607955,16.87484358496413,16.345788916607955,False,True,False,True,False,False,False,True,False,False,False,False,False,False,False,False,False,False,False
11,9,660.0,30.14421,31.63972,0,0,0,0,0,0,0,0,0,0,31818.18181818182,99,60.0,0.0,0,16.088423555642784,15.35237799261728,16.066802461833923,False,True,False,True,False,False,False,False,False,False,False,False,False,False,False,False,False,True,False
3,2,144.0,29.9538021,31.7213706,25,1,1,1,1,1,1,0,0,1,54166.666666666664,6,48.0,17.36111111111111,7,15.616501940217244,15.86963441986494,16.066802461833923,False,True,False,True,False,True,False,False,False,False,False,False,False,False,False,False,False,False,False
3,4,228.0,30.041309,31.4771017,7,0,0,0,1,0,0,0,0,0,140350.87719298244,12,76.0,3.0701754385964914,1,16.282847171369255,16.29204904211537,16.066802461833923,True,False,False,False,True,True,False,False,False,False,False,False,False,False,False,False,False,False,False
3,3,175.0,29.96838486,31.78096352,0,0,0,0,0,0,0,0,0,0,26257.14285714286,9,58.333333333333336,0.0,0,15.616501940217244,15.47387486262937,16.066802461833923,False,True,False,False,True,True,False,False,False,False,False,False,False,False,False,False,False,False,False
3,4,266.0,30.0600801,31.5985531,10,0,1,1,1,1,1,0,0,0,90225.56390977444,12,88.66666666666667,3.7593984962406015,5,16.282847171369255,16.29204904211537,16.066802461833923,False,True,False,False,True,False,False,False,False,False,False,False,False,False,False,True,False,False,False
3,4,287.0,30.0111753,31.5161206,17,1,1,1,1,0,0,1,0,0,65505.22648083624,12,95.66666666666667,5.923344947735192,5,16.282847171369255,16.29204904211537,16.066802461833923,False,True,False,True,False,False,False,False,True,False,False,False,False,False,False,False,False,False,False
5,3,282.0,30.041309,31.4771017,5,0,0,1,0,0,0,0,0,0,106382.97872340426,15,56.4,1.773049645390071,1,16.282847171369255,16.29204904211537,16.066802461833923,False,False,True,True,False,True,False,False,False,False,False,False,False,False,False,False,False,False,False
3,3,180.0,30.0468424,30.998248,8,1,1,1,0,1,1,0,0,1,33333.333333333336,9,60.0,4.444444444444445,6,16.02378508137718,15.862682968241984,16.01134442508541,False,False,True,True,False,True,False,False,False,False,False,False,False,False,False,False,False,False,False
2,1,60.0,30.866252658312,28.929261844291,5,0,0,1,1,0,0,0,0,0,61666.666666666664,2,30.0,8.333333333333334,2,16.345788916607955,15.76142084987672,16.345788916607955,False,True,False,True,False,False,False,True,False,False,False,False,False,False,False,False,False,False,False
2,2,148.0,30.0212024,31.4938471,27,0,0,1,1,1,1,0,0,1,60135.13513513513,4,74.0,18.243243243243242,5,16.282847171369255,16.29204904211537,16.066802461833923,True,False,False,True,False,True,False,False,False,False,False,False,False,False,False,False,False,False,False
3,2,145.0,29.976979,31.7797175,0,0,0,0,0,0,0,0,0,0,28965.51724137931,6,48.333333333333336,0.0,0,15.616501940217244,15.384361031701085,16.066802461833923,False,True,False,False,True,True,False,False,False,False,False,False,False,False,False,False,False,False,False
3,4,180.0,30.0050838,30.9290455,3,0,0,0,0,1,1,0,0,0,51763.01111111111,12,60.0,1.6666666666666665,2,16.10616420501588,15.930560647738732,16.01134442508541,False,True,False,False,True,True,False,False,False,False,False,False,False,False,False,False,False,False,False
3,5,315.0,30.0920272,31.4838462,0,0,0,0,0,0,0,0,0,0,86031.74603174604,15,105.0,0.0,0,16.282847171369255,16.489659276356317,16.066802461833923,False,True,False,True,False,False,False,False,False,False,False,False,False,False,False,False,True,False,False
2,3,156.0,30.0111753,31.5161206,39,1,1,1,1,1,1,1,1,1,80128.20512820513,6,78.0,25.0,9,16.282847171369255,16.29204904211537,16.066802461833923,False,True,False,True,False,True,False,False,False,False,False,False,False,False,False,False,False,False,False
2,2,101.0,29.3088415,32.5997754,24,1,1,1,1,1,0,1,1,1,98761.38613861386,4,50.5,23.762376237623762,8,15.747032114495013,15.64006001130563,15.747032114495013,False,True,False,True,False,False,False,True,False,False,False,False,False,False,False,False,False,False,False
3,2,130.0,30.0009056,30.9008539,27,1,1,1,1,1,0,1,1,1,31615.384615384617,6,43.333333333333336,20.76923076923077,8,16.10616420501588,15.684848316063478,16.01134442508541,False,True,False,True,False,True,False,False,False,False,False,False,False,False,False,False,False,False,False
3,3,140.0,30.203621600201,31.646063680947,34,1,1,1,1,1,1,0,0,1,26106.428571428572,9,46.666666666666664,24.28571428571429,7,15.219188824173482,15.150968362481294,16.066802461833923,False,True,False,False,True,True,False,False,False,False,False,False,False,False,False,False,False,False,False
2,2,124.0,30.0669117,31.3375553,0,0,0,0,0,0,0,0,0,0,28225.8064516129,4,62.0,0.0,0,15.82707481102028,15.687312888712007,16.066802461833923,False,True,False,False,True,True,False,False,False,False,False,False,False,False,False,False,False,False,False
4,3,220.0,30.06603,31.48561,0,0,0,0,0,0,0,0,0,0,122727.27272727272,12,55.0,0.0,0,16.282847171369255,15.86963441986494,16.066802461833923,False,True,False,True,False,False,False,False,False,False,False,False,False,False,False,False,False,True,False
7,6,400.0,29.9842656,31.540594,10,0,1,0,1,1,0,1,0,1,127500.0,42,57.142857142857146,2.5,5,16.282847171369255,16.29204904211537,16.066802461833923,True,False,False,True,False,False,False,False,False,False,False,False,False,False,False,False,False,True,False
3,3,190.0,30.0050838,30.9290455,15,0,0,1,1,1,1,0,0,1,47489.47368421053,9,63.333333333333336,7.894736842105264,5,16.10616420501588,15.930560647738732,16.01134442508541,False,False,True,True,False,False,False,False,False,False,False,False,False,False,False,False,False,True,False
3,2,134.0,30.043503322321,30.981163006747,12,1,0,0,0,1,1,0,0,0,55970.149253731346,6,44.666666666666664,8.955223880597014,3,16.02378508137718,15.79591728085829,16.01134442508541,False,True,False,True,False,True,False,False,False,False,False,False,False,False,False,False,False,False,False
3,2,122.0,31.0814176,28.0817098,9,0,0,0,0,1,1,0,0,1,68327.86885245901,6,40.666666666666664,7.377049180327869,3,16.345788916607955,16.264790116464905,16.345788916607955,False,True,False,False,True,False,False,True,False,False,False,False,False,False,False,False,False,False,False
3,3,210.0,30.07349031,31.60085522,18,1,1,1,1,0,0,1,1,0,57142.857142857145,9,70.0,8.571428571428571,6,16.282847171369255,16.29204904211537,16.066802461833923,False,False,True,False,True,False,False,False,False,False,False,False,False,False,False,False,False,False,True
2,3,156.0,30.0111753,31.5161206,14,0,0,1,0,1,1,0,0,1,80128.20512820513,6,78.0,8.974358974358974,4,16.282847171369255,16.29204904211537,16.066802461833923,False,False,True,True,False,True,False,False,False,False,False,False,False,False,False,False,False,False,False
4,5,261.0,30.0577847,30.939106,42,1,1,1,1,1,1,1,1,0,57855.555555555555,20,65.25,16.091954022988507,8,16.02378508137718,16.2791374856878,16.01134442508541,False,True,False,False,True,False,False,False,False,False,False,False,False,False,False,False,True,False,False
1,1,80.0,29.9633661,31.0009178,0,0,0,0,0,0,0,0,0,0,98637.5,1,80.0,0.0,0,16.10616420501588,15.988839917212927,16.01134442508541,False,True,False,False,True,True,False,False,False,False,False,False,False,False,False,False,False,False,False
2,2,122.0,30.06805,31.406379,17,1,1,0,1,1,1,1,1,1,50000.0,4,61.0,13.934426229508198,8,16.282847171369255,16.489659276356317,16.066802461833923,True,False,False,True,False,True,False,False,False,False,False,False,False,False,False,False,False,False,False
3,2,129.0,29.91637,31.06103,17,1,1,1,1,1,1,0,0,1,34000.0,6,43.0,13.178294573643411,7,15.279199431073042,15.10749451433816,16.01134442508541,False,True,False,False,True,True,False,False,False,False,False,False,False,False,False,False,False,False,False
3,3,160.0,30.0729479,31.4132904,7,0,1,1,1,0,1,0,0,0,38400.0,9,53.333333333333336,4.375,4,16.282847171369255,16.29204904211537,16.066802461833923,False,True,False,True,False,True,False,False,False,False,False,False,False,False,False,False,False,False,False
3,3,242.0,30.2013484,31.6804732,8,0,0,1,0,1,1,0,0,1,72314.04958677686,9,80.66666666666667,3.3057851239669422,4,16.088423555642784,16.15957650726579,16.066802461833923,False,True,False,True,False,False,False,False,False,False,False,False,False,False,False,True,False,False,False
2,1,92.0,29.91637,31.06103,13,0,0,0,1,1,0,0,0,1,41268.11956521739,2,46.0,14.130434782608695,3,15.279199431073042,15.10749451433816,16.01134442508541,False,True,False,False,True,True,False,False,False,False,False,False,False,False,False,False,False,False,False
1,1,70.0,30.834438,28.963224,28,1,1,1,1,0,1,1,1,0,142857.14285714287,1,70.0,40.0,7,16.345788916607955,15.76142084987672,16.345788916607955,False,False,True,True,False,False,False,True,False,False,False,False,False,False,False,False,False,False,False
2,3,125.0,31.0248219,28.5953851,0,0,0,0,0,0,0,0,0,0,130720.0,6,62.5,0.0,0,16.345788916607955,16.60912670859564,16.345788916607955,False,False,True,True,False,False,False,True,False,False,False,False,False,False,False,False,False,False,False
4,3,255.0,29.8561331,30.9018623,4,0,0,1,1,1,1,0,0,0,51330.39215686275,12,63.75,1.5686274509803924,4,16.10616420501588,16.19413042991272,16.01134442508541,False,True,False,True,False,False,False,False,False,False,False,False,False,False,False,False,False,True,False
3,2,193.0,31.21536,29.94034,2,0,0,0,0,0,0,0,0,1,25647.668393782384,6,64.33333333333333,1.0362694300518136,1,15.830413711839864,15.754226482185867,15.851522672265068,False,True,False,True,False,True,False,False,False,False,False,False,False,False,False,False,False,False,False
2,2,111.0,30.837009,29.2395417,4,0,0,0,0,1,1,0,0,0,36036.036036036036,4,55.5,3.603603603603603,2,16.345788916607955,15.956959012430428,16.345788916607955,False,True,False,True,False,False,False,True,False,False,False,False,False,False,False,False,False,False,False
2,3,130.0,27.3956998,33.6509513,50,1,1,1,1,1,1,1,1,1,123076.92307692308,6,65.0,38.46153846153846,9,16.807478748496784,16.801192546169812,16.233206958474412,False,True,False,False,True,False,False,True,False,False,False,False,False,False,False,False,False,False,False
4,4,185.0,26.9817908,33.8615265,50,1,1,1,1,1,1,1,1,1,139988.64864864864,16,46.25,27.027027027027025,9,16.801192546169812,16.652330986156194,16.233206958474412,False,True,False,False,True,False,False,False,False,False,False,False,False,False,False,False,False,True,False
2,2,105.0,31.0788548,27.9963244,25,1,1,1,0,0,1,1,1,0,81904.76190476191,4,52.5,23.80952380952381,6,16.345788916607955,16.264790116464905,16.345788916607955,False,False,True,False,True,False,False,True,False,False,False,False,False,False,False,False,False,False,False
4,4,325.0,30.14421,31.63972,16,0,1,1,1,0,0,1,1,0,101538.46153846153,16,81.25,4.923076923076923,5,16.088423555642784,15.35237799261728,16.066802461833923,False,False,True,True,False,False,False,False,False,False,False,False,False,False,False,False,False,True,False
3,2,124.0,29.950191175817,30.954068529609,9,0,0,1,1,0,0,0,0,0,39661.290322580644,6,41.333333333333336,7.258064516129032,2,16.10616420501588,15.408412705092942,16.01134442508541,False,True,False,False,True,True,False,False,False,False,False,False,False,False,False,False,False,False,False
3,4,180.0,30.0050838,30.9290455,3,0,0,0,0,1,1,0,0,0,51763.01111111111,12,60.0,1.6666666666666665,2,16.10616420501588,15.930560647738732,16.01134442508541,False,True,False,False,True,True,False,False,False,False,False,False,False,False,False,False,False,False,False
3,2,205.0,31.217609907318,29.956761057671,3,0,0,0,0,0,0,0,0,0,40800.0,6,68.33333333333333,1.4634146341463417,0,15.830413711839864,16.10196637065445,15.851522672265068,False,True,False,True,False,True,False,False,False,False,False,False,False,False,False,False,False,False,False
3,3,145.0,31.082957585789,28.032116949628,12,0,0,1,1,1,1,0,0,0,79862.06896551725,9,48.333333333333336,8.275862068965518,4,16.345788916607955,16.264790116464905,16.345788916607955,False,False,True,False,True,False,False,False,False,False,False,False,False,False,False,False,False,False,True
3,3,310.0,30.118908615659,31.652102804902,41,1,1,1,0,1,1,1,1,1,49677.41935483871,9,103.33333333333333,13.225806451612902,8,16.088423555642784,15.899927389451875,16.066802461833923,False,True,False,True,False,False,False,False,True,False,False,False,False,False,False,False,False,False,False
1,1,65.0,31.0952654,27.9249993,0,0,0,0,0,0,0,0,0,0,132307.6923076923,1,65.0,0.0,0,16.345788916607955,16.264790116464905,16.345788916607955,False,False,True,True,False,False,False,True,False,False,False,False,False,False,False,False,False,False,False
2,2,115.0,31.0952654,27.9249993,38,1,1,1,1,1,1,1,1,1,130434.78260869565,4,57.5,33.04347826086957,9,16.345788916607955,16.264790116464905,16.345788916607955,False,True,False,False,True,False,False,True,False,False,False,False,False,False,False,False,False,False,False
1,1,106.0,30.9628937,28.7565892,30,1,1,1,1,1,1,0,0,0,103773.58490566038,1,106.0,28.30188679245283,6,16.345788916607955,16.785925074816024,16.345788916607955,True,False,False,True,False,False,False,True,False,False,False,False,False,False,False,False,False,False,False
4,4,275.0,30.09177585,31.6426486,0,0,0,0,0,0,0,0,0,0,109090.90909090909,16,68.75,0.0,0,15.93111255107345,15.88868261241667,16.066802461833923,False,True,False,True,False,False,False,False,False,False,False,False,False,False,False,False,False,True,False
3,3,206.0,30.0074176,31.4887433,8,0,0,1,0,1,1,0,0,0,101456.31067961165,9,68.66666666666667,3.883495145631068,3,16.282847171369255,16.29204904211537,16.066802461833923,False,True,False,False,True,False,False,False,False,False,False,False,True,False,False,False,False,False,False
3,2,133.0,29.9842656,31.540594,9,0,0,0,0,0,0,0,0,0,61654.13533834586,6,44.333333333333336,6.7669172932330826,0,16.282847171369255,16.29204904211537,16.066802461833923,False,True,False,True,False,True,False,False,False,False,False,False,False,False,False,False,False,False,False
4,4,280.0,30.0753933,31.6265648,17,1,1,1,1,0,0,1,1,0,53571.42857142857,16,70.0,6.071428571428572,6,15.82707481102028,16.221521518404195,16.066802461833923,False,False,True,False,True,False,False,False,False,False,False,False,False,False,False,False,False,False,True
3,3,181.0,29.9633661,31.0009178,47,1,1,1,1,1,1,1,1,1,39668.50828729282,9,60.333333333333336,25.96685082872928,9,16.10616420501588,15.988839917212927,16.01134442508541,False,True,False,True,False,True,False,False,False,False,False,False,False,False,False,False,False,False,False
3,3,167.0,30.0669117,31.3375553,0,0,0,0,0,0,0,0,0,0,58083.83233532934,9,55.666666666666664,0.0,0,15.82707481102028,15.687312888712007,16.066802461833923,False,False,True,True,False,True,False,False,False,False,False,False,False,False,False,False,False,False,False
3,2,138.0,29.98644,31.16651,0,0,0,0,0,0,0,0,0,0,14855.072463768116,6,46.0,0.0,0,14.88022163978423,14.751604309291395,16.01134442508541,False,True,False,True,False,True,False,False,False,False,False,False,False,False,False,False,False,False,False
3,3,145.0,30.068527462055,31.64004459621,20,1,1,0,1,1,0,1,1,1,70896.55172413793,9,48.333333333333336,13.793103448275863,7,15.82707481102028,16.06690771944096,16.066802461833923,False,True,False,False,True,True,False,False,False,False,False,False,False,False,False,False,False,False,False
2,1,100.0,31.21536,29.94034,4,0,0,0,0,0,1,0,0,0,42000.0,2,50.0,4.0,1,15.830413711839864,15.754226482185867,15.851522672265068,False,True,False,True,False,True,False,False,False,False,False,False,False,False,False,False,False,False,False
3,3,130.0,27.4123183,33.6621411,50,1,1,1,1,1,1,1,1,1,207692.3076923077,9,43.333333333333336,38.46153846153846,9,16.807478748496784,17.19629697650982,16.233206958474412,True,False,False,True,False,True,False,False,False,False,False,False,False,False,False,False,False,False,False
4,4,248.0,31.069445,28.121653,47,1,1,1,1,1,1,1,1,1,161290.32258064515,16,62.0,18.951612903225808,9,16.345788916607955,16.803467733629535,16.345788916607955,True,False,False,True,False,False,False,False,False,False,False,False,False,False,False,False,True,False,False
3,1,140.0,31.25568,29.98389,11,0,0,0,0,1,1,0,0,1,25000.0,3,46.666666666666664,7.857142857142858,3,14.991198496069774,14.991198496069774,15.851522672265068,False,True,False,True,False,True,False,False,False,False,False,False,False,False,False,False,False,False,False
3,3,184.0,30.0550268,31.3366903,6,1,1,1,1,1,0,0,0,0,103260.86956521739,9,61.333333333333336,3.260869565217391,5,16.345788916607955,16.264790116464905,16.345788916607955,False,True,False,True,False,False,False,True,False,False,False,False,False,False,False,False,False,False,False
2,2,100.0,30.163528044741,31.677762679717,14,1,1,1,1,1,0,1,0,0,87000.0,4,50.0,14.0,6,16.300417291085605,16.066802461833923,16.066802461833923,False,True,False,False,True,True,False,False,False,False,False,False,False,False,False,False,False,False,False
3,3,125.0,26.9637262,33.8799191,46,1,1,1,1,1,1,1,1,1,100800.0,9,41.666666666666664,36.8,9,16.801192546169812,16.320219916747796,16.233206958474412,False,True,False,False,True,False,False,False,False,False,False,False,True,False,False,False,False,False,False
4,3,210.0,29.9294519,30.9148066,0,0,0,0,0,0,0,0,0,0,16000.0,12,52.5,0.0,0,16.10616420501588,15.027451829558391,16.01134442508541,False,True,False,True,False,True,False,False,False,False,False,False,False,False,False,False,False,False,False
3,3,220.0,30.0671696,31.4693123,9,0,1,1,1,0,1,0,0,0,31818.18181818182,9,73.33333333333333,4.090909090909091,4,16.282847171369255,16.489659276356317,16.066802461833923,True,False,False,True,False,True,False,False,False,False,False,False,False,False,False,False,False,False,False
3,3,150.0,30.0678135,31.5215178,20,1,1,1,1,1,1,0,0,1,53333.333333333336,9,50.0,13.333333333333334,7,16.282847171369255,16.29204904211537,16.066802461833923,False,False,True,True,False,True,False,False,False,False,False,False,False,False,False,False,False,False,False
3,3,231.0,30.09177585,31.6426486,0,0,0,0,0,0,0,0,0,0,90909.09090909091,9,77.0,0.0,0,15.93111255107345,15.88868261241667,16.066802461833923,False,True,False,True,False,False,False,False,False,False,False,False,False,False,False,True,False,False,False
3,3,160.0,30.06603,31.48561,0,0,0,0,0,0,0,0,0,0,57500.0,9,53.333333333333336,0.0,0,16.282847171369255,15.86963441986494,16.066802461833923,False,True,False,True,False,True,False,False,False,False,False,False,False,False,False,False,False,False,False
3,3,167.0,30.0556215,31.0263428,39,1,1,1,1,1,1,1,1,1,53892.21556886227,9,55.666666666666664,23.353293413173652,9,16.02378508137718,16.503358119776173,16.01134442508541,False,True,False,True,False,True,False,False,False,False,False,False,False,False,False,False,False,False,False
3,3,225.0,30.0550268,31.3366903,4,0,0,1,1,0,0,0,0,0,133333.33333333334,9,75.0,1.7777777777777777,2,16.345788916607955,16.264790116464905,16.345788916607955,False,False,True,True,False,False,False,False,False,False,False,False,False,False,False,False,False,True,False
4,3,224.0,30.0303648,31.530564,19,1,1,0,1,1,1,0,0,0,89285.71428571429,12,56.0,8.482142857142856,5,16.282847171369255,16.29204904211537,16.066802461833923,False,False,True,True,False,False,False,False,False,False,False,False,False,False,False,False,False,True,False
4,4,255.0,29.995487505055,31.026012893253,27,1,1,1,1,1,1,1,1,0,50980.39215686275,16,63.75,10.588235294117649,8,16.10616420501588,16.263182720601904,16.01134442508541,False,False,True,False,True,False,False,False,False,False,False,False,False,False,False,False,False,True,False
5,4,313.0,29.954044893872,31.567046406747,29,1,1,1,1,0,1,1,1,0,172523.96166134186,20,62.6,9.265175718849841,7,16.282847171369255,16.200596964551092,16.066802461833923,False,True,False,False,True,False,False,False,False,False,False,False,False,False,False,False,False,True,False
4,4,180.0,31.0846702,27.9347746,0,0,0,0,0,0,0,0,0,0,88888.88888888889,16,45.0,0.0,0,16.345788916607955,16.548253436697504,16.345788916607955,True,False,False,True,False,False,False,True,False,False,False,False,False,False,False,False,False,False,False
1,1,65.0,31.0952654,27.9249993,0,0,0,0,0,0,0,0,0,0,132307.6923076923,1,65.0,0.0,0,16.345788916607955,16.264790116464905,16.345788916607955,False,False,True,True,False,False,False,True,False,False,False,False,False,False,False,False,False,False,False
2,2,140.0,29.980463,31.3854644,0,0,0,0,0,0,0,0,0,0,69300.0,4,70.0,0.0,0,16.087842710858826,16.185754392890075,16.066802461833923,False,False,True,True,False,True,False,False,False,False,False,False,False,False,False,False,False,False,False
3,2,143.0,30.0696585,31.5454876,0,0,0,0,0,0,0,0,0,0,26000.0,6,47.666666666666664,0.0,0,16.282847171369255,16.29204904211537,16.066802461833923,False,True,False,False,True,True,False,False,False,False,False,False,False,False,False,False,False,False,False
4,4,600.0,30.09177585,31.6426486,8,0,0,1,1,1,1,0,0,0,70000.0,16,150.0,1.3333333333333333,4,15.93111255107345,15.88868261241667,16.066802461833923,False,True,False,True,False,False,False,False,False,False,False,False,False,False,False,False,False,True,False
3,3,210.0,30.025056,31.5948035,12,0,0,1,1,0,0,0,0,0,119047.61904761905,9,70.0,5.714285714285714,2,16.282847171369255,16.29204904211537,16.066802461833923,False,True,False,True,False,True,False,False,False,False,False,False,False,False,False,False,False,False,False
3,2,175.0,30.058711,30.9977847,50,1,1,1,1,1,1,1,1,1,35142.857142857145,6,58.333333333333336,28.571428571428573,9,16.02378508137718,15.453044307803108,16.01134442508541,False,True,False,True,False,True,False,False,False,False,False,False,False,False,False,False,False,False,False
4,4,166.0,30.06603,31.48561,25,0,0,1,1,1,0,0,0,1,102409.63855421687,16,41.5,15.060240963855422,4,16.282847171369255,15.86963441986494,16.066802461833923,False,True,False,True,False,False,False,False,False,False,False,False,False,False,False,False,False,True,False
2,3,214.0,30.013687,31.0706419,23,1,1,1,1,1,1,1,1,1,70093.45794392523,6,107.0,10.74766355140187,9,16.10616420501588,16.300417291085605,16.01134442508541,False,True,False,False,True,False,False,False,True,False,False,False,False,False,False,False,False,False,False
3,2,217.0,31.212957902821,29.9531708968,6,0,1,0,0,0,1,0,0,0,34562.21198156682,6,72.33333333333333,2.7649769585253456,2,15.830413711839864,15.787997749983788,15.851522672265068,False,True,False,True,False,True,False,False,False,False,False,False,False,False,False,False,False,False,False
1,1,58.0,30.06805,31.406379,5,0,1,1,1,1,1,0,0,0,50862.06896551724,1,58.0,8.620689655172415,5,16.282847171369255,16.489659276356317,16.066802461833923,False,True,False,True,False,True,False,False,False,False,False,False,False,False,False,False,False,False,False
2,2,110.0,31.075992693113,27.971111509728,0,0,0,0,0,0,0,0,0,0,145454.54545454544,4,55.0,0.0,0,16.345788916607955,16.264790116464905,16.345788916607955,False,True,False,False,True,False,False,True,False,False,False,False,False,False,False,False,False,False,False
4,2,300.0,30.996363,28.6804318,0,0,0,0,0,0,0,0,0,0,36666.666666666664,8,75.0,0.0,0,16.345788916607955,16.785925074816024,16.345788916607955,True,False,False,True,False,False,False,True,False,False,False,False,False,False,False,False,False,False,False
4,5,312.0,29.9633661,31.0009178,17,0,0,1,0,0,0,0,0,0,64570.51282051282,20,78.0,5.448717948717949,1,16.10616420501588,15.988839917212927,16.01134442508541,False,True,False,True,False,False,False,False,False,False,False,False,False,False,False,False,False,True,False
4,4,384.0,31.24281,29.96275,0,0,0,0,0,0,0,0,0,0,143229.16666666666,16,96.0,0.0,0,17.822843761378564,17.822843761378564,15.851522672265068,False,True,False,True,False,True,False,False,False,False,False,False,False,False,False,False,False,False,False
3,3,375.0,29.948210571523,30.942374950245,14,0,0,1,1,0,0,0,0,0,26842.666666666668,9,125.0,3.7333333333333334,2,16.10616420501588,16.53566078892768,16.01134442508541,False,True,False,True,False,True,False,False,False,False,False,False,False,False,False,False,False,False,False
2,1,115.0,29.976979,31.7797175,37,1,1,1,1,1,1,1,1,1,33043.47826086957,2,57.5,32.173913043478265,9,15.616501940217244,15.384361031701085,16.066802461833923,False,True,False,False,True,True,False,False,False,False,False,False,False,False,False,False,False,False,False
3,4,310.0,29.994222768472,31.657762279758,32,1,1,1,1,1,0,1,1,1,75870.96774193548,12,103.33333333333333,10.32258064516129,8,15.616501940217244,16.983463076745295,16.066802461833923,False,True,False,True,False,False,False,False,False,False,False,False,False,False,False,False,True,False,False
2,2,133.0,30.0870528,31.5124185,17,0,1,1,1,1,0,1,0,1,48120.3007518797,4,66.5,12.781954887218044,6,16.282847171369255,16.29204904211537,16.066802461833923,False,True,False,False,True,True,False,False,False,False,False,False,False,False,False,False,False,False,False
2,1,98.0,29.972452115727,31.32859791534,4,0,0,0,0,0,0,0,0,0,30612.244897959183,2,49.0,4.081632653061225,0,15.230349646082692,14.914123179965662,16.066802461833923,False,True,False,True,False,True,False,False,False,False,False,False,False,False,False,False,False,False,False
3,3,135.0,29.970071021625,31.787148974251,49,1,1,1,1,1,1,1,1,1,41844.444444444445,9,45.0,36.29629629629629,9,15.616501940217244,15.384361031701085,16.066802461833923,False,True,False,False,True,True,False,False,False,False,False,False,False,False,False,False,False,False,False
3,2,210.0,30.0035761,31.4056766,5,0,0,0,0,0,0,0,0,0,37383.57142857143,6,70.0,2.380952380952381,0,16.282847171369255,16.29204904211537,16.066802461833923,False,True,False,True,False,True,False,False,False,False,False,False,False,False,False,False,False,False,False
1,2,85.0,29.9771006,31.5720476,5,0,0,0,0,0,0,0,0,0,68235.29411764706,2,85.0,5.882352941176471,0,16.282847171369255,16.200596964551092,16.066802461833923,False,True,False,False,True,True,False,False,False,False,False,False,False,False,False,False,False,False,False
4,4,270.0,29.9842656,31.540594,8,0,0,1,1,1,1,0,0,0,139259.25925925927,16,67.5,2.962962962962963,4,16.282847171369255,16.29204904211537,16.066802461833923,False,False,True,True,False,False,False,False,False,False,False,False,False,False,False,False,False,True,False
3,3,149.0,30.0550268,31.3366903,0,0,0,0,0,0,0,0,0,0,153429.53020134228,9,49.666666666666664,0.0,0,16.345788916607955,16.264790116464905,16.345788916607955,False,False,True,False,True,False,False,True,False,False,False,False,False,False,False,False,False,False,False
6,5,210.0,30.0522673,31.4792058,50,1,1,1,1,1,1,1,1,1,82142.85714285714,30,35.0,23.80952380952381,9,16.282847171369255,16.29204904211537,16.066802461833923,False,True,False,True,False,False,False,False,False,False,False,False,False,False,False,False,True,False,False
8,8,712.0,29.550836851327,30.867589850082,10,0,1,0,1,1,1,0,0,1,24527.52808988764,64,89.0,1.4044943820224718,5,16.552148280706213,16.552148280706213,15.851522672265068,False,True,False,False,True,False,False,False,False,False,False,False,False,False,False,False,False,True,False
1,1,76.0,29.973206647261,31.235360355157,13,0,0,1,0,1,1,0,0,0,212925.0,1,76.0,17.105263157894736,3,16.23365160270985,16.599428672091523,16.066802461833923,True,False,False,True,False,True,False,False,False,False,False,False,False,False,False,False,False,False,False
3,2,204.0,30.03145,31.34338,10,0,0,0,0,1,1,0,0,1,25980.392156862745,6,68.0,4.901960784313726,3,15.501738199611221,15.519597237722468,16.066802461833923,False,True,False,True,False,True,False,False,False,False,False,False,False,False,False,False,False,False,False
3,3,132.0,29.8561331,30.9018623,48,1,1,1,1,1,1,1,1,1,35606.06060606061,9,44.0,36.36363636363636,9,16.10616420501588,16.19413042991272,16.01134442508541,False,True,False,False,True,True,False,False,False,False,False,False,False,False,False,False,False,False,False
11,10,1050.0,29.9923437,31.3958785,0,0,0,0,0,0,0,0,0,0,71428.57142857143,110,95.45454545454545,0.0,0,16.087842710858826,18.132998684833918,16.066802461833923,False,True,False,True,False,False,False,False,False,False,False,False,False,False,False,False,False,True,False
2,2,110.0,30.996363,28.6804318,3,0,0,0,0,0,0,0,0,0,65454.545454545456,4,55.0,2.727272727272727,0,16.345788916607955,16.785925074816024,16.345788916607955,False,True,False,True,False,False,False,True,False,False,False,False,False,False,False,False,False,False,False
3,3,218.0,30.02201225,31.3100159,17,0,1,1,0,1,1,0,0,1,110779.8119266055,9,72.66666666666667,7.798165137614678,5,15.830413711839864,16.97569742890161,16.066802461833923,False,False,True,True,False,True,False,False,False,False,False,False,False,False,False,False,False,False,False
2,2,120.0,29.9308114,31.0876497,0,0,0,0,0,0,0,0,0,0,70833.33333333333,4,60.0,0.0,0,15.279199431073042,15.701270103510215,16.01134442508541,False,True,False,True,False,True,False,False,False,False,False,False,False,False,False,False,False,False,False
3,3,255.0,30.0310276,31.5423707,8,0,1,1,0,1,1,0,0,0,84313.72549019608,9,85.0,3.1372549019607847,4,16.282847171369255,16.29204904211537,16.066802461833923,False,True,False,True,False,False,False,False,False,False,False,False,False,False,False,False,True,False,False
0,1,80.0,30.0941611,31.7041108,2,0,0,0,0,1,0,0,0,1,41250.0,0,60.0,2.5,2,15.82707481102028,15.793051943818522,16.066802461833923,False,True,False,False,True,True,False,False,False,False,False,False,False,False,False,False,False,False,False
3,3,150.0,30.0035761,31.4056766,49,1,1,1,1,1,1,1,1,1,45390.0,9,50.0,32.666666666666664,9,16.282847171369255,16.29204904211537,16.066802461833923,False,True,False,False,True,True,False,False,False,False,False,False,False,False,False,False,False,False,False
3,2,186.0,30.00231485,30.97068965,5,0,0,0,0,1,0,0,0,1,61827.95698924731,6,62.0,2.6881720430107525,2,16.02378508137718,16.257857680289998,16.01134442508541,False,True,False,True,False,True,False,False,False,False,False,False,False,False,False,False,False,False,False
5,4,250.0,30.9967183,28.6909805,6,0,0,1,1,1,0,0,0,0,99000.0,20,50.0,2.4,3,16.345788916607955,16.785925074816024,16.345788916607955,True,False,False,True,False,False,False,True,False,False,False,False,False,False,False,False,False,False,False
3,3,143.0,30.0009056,30.9008539,44,1,1,1,1,1,1,1,1,1,50209.79020979021,9,47.666666666666664,30.76923076923077,9,16.10616420501588,15.684848316063478,16.01134442508541,False,True,False,False,True,True,False,False,False,False,False,False,False,False,False,False,False,False,False
3,3,175.0,29.9678067,31.5159872,6,0,0,1,0,0,0,0,0,0,27428.571428571428,9,58.333333333333336,3.4285714285714284,1,16.282847171369255,16.29204904211537,16.066802461833923,False,True,False,False,True,False,False,False,False,False,False,False,True,False,False,False,False,False,False
4,3,230.0,29.9842656,31.540594,13,0,0,1,1,0,0,0,0,0,69565.21739130435,12,57.5,5.6521739130434785,2,16.282847171369255,16.29204904211537,16.066802461833923,False,True,False,True,False,False,False,False,True,False,False,False,False,False,False,False,False,False,False
3,2,116.0,30.09177585,31.6426486,22,1,0,1,1,1,0,0,0,1,49137.93103448276,6,38.666666666666664,18.965517241379313,5,15.93111255107345,15.88868261241667,16.066802461833923,False,True,False,True,False,True,False,False,False,False,False,False,False,False,False,False,False,False,False
4,4,220.0,30.1722023,31.6028909,15,0,0,1,1,1,1,0,0,1,88000.0,16,55.0,6.8181818181818175,5,16.088423555642784,16.778719691465596,16.066802461833923,False,False,True,True,False,False,False,False,False,False,False,False,False,False,False,False,False,True,False
4,4,390.0,30.0808981,31.4880764,25,1,1,1,1,1,1,1,1,1,53846.153846153844,16,97.5,6.410256410256411,9,16.282847171369255,16.489659276356317,16.066802461833923,False,True,False,False,True,False,False,False,False,False,False,False,False,False,False,False,False,True,False
3,4,199.0,31.075992693113,27.971111509728,34,1,1,1,1,1,1,1,1,1,100502.51256281407,12,66.33333333333333,17.08542713567839,9,16.345788916607955,16.264790116464905,16.345788916607955,False,True,False,True,False,False,False,False,False,False,False,False,True,False,False,False,False,False,False
4,4,340.0,29.9867592,31.0759352,50,1,1,1,1,1,1,1,1,1,35294.117647058825,16,85.0,14.705882352941178,9,16.10616420501588,16.300417291085605,16.01134442508541,True,False,False,True,False,False,False,False,False,False,False,False,False,False,False,False,False,False,True
3,2,143.0,31.0700323,28.1370696,11,1,1,0,0,1,0,0,0,1,51748.25174825175,6,47.666666666666664,7.6923076923076925,4,16.345788916607955,16.264790116464905,16.345788916607955,False,False,True,False,True,False,False,True,False,False,False,False,False,False,False,False,False,False,False
4,4,250.0,30.0600801,31.5985531,7,0,0,0,0,1,1,0,0,0,54760.0,16,62.5,2.8,2,16.282847171369255,16.29204904211537,16.066802461833923,False,True,False,True,False,True,False,False,False,False,False,False,False,False,False,False,False,False,False
4,5,213.0,29.9633661,31.0009178,12,0,0,1,1,1,1,0,0,0,74220.6572769953,20,53.25,5.633802816901409,4,16.10616420501588,15.988839917212927,16.01134442508541,False,True,False,False,True,False,False,False,False,False,False,False,False,False,False,True,False,False,False
2,1,120.0,31.2305,29.9569,3,0,0,0,0,0,0,0,0,0,37500.0,2,60.0,2.5,0,15.319588176962746,15.319588176962746,15.851522672265068,False,True,False,True,False,True,False,False,False,False,False,False,False,False,False,False,False,False,False
3,4,295.0,29.98517849,31.04999818,7,0,0,0,0,1,0,0,0,1,83915.25423728813,12,98.33333333333333,2.3728813559322033,2,16.10616420501588,16.70097038315765,16.01134442508541,False,True,False,False,True,False,False,False,False,False,False,False,False,False,False,True,False,False,False
3,4,290.0,30.0111753,31.5161206,10,0,0,0,0,1,1,0,0,0,96551.72413793103,12,96.66666666666667,3.4482758620689657,2,16.282847171369255,16.29204904211537,16.066802461833923,False,False,True,True,False,False,False,False,False,False,False,False,True,False,False,False,False,False,False
2,3,128.0,30.0600801,31.5985531,23,0,0,0,0,1,1,0,0,1,94890.625,6,64.0,17.96875,3,16.282847171369255,16.29204904211537,16.066802461833923,False,True,False,False,True,True,False,False,False,False,False,False,False,False,False,False,False,False,False
2,3,154.0,29.9633661,31.0009178,23,1,1,1,1,1,1,1,1,1,58441.55844155844,6,77.0,14.935064935064934,9,16.10616420501588,15.988839917212927,16.01134442508541,False,True,False,True,False,True,False,False,False,False,False,False,False,False,False,False,False,False,False
3,3,225.0,30.0662855,31.4744728,50,1,1,1,1,1,1,1,1,1,72444.44444444444,9,75.0,22.22222222222222,9,16.282847171369255,16.29204904211537,16.066802461833923,False,True,False,True,False,True,False,False,False,False,False,False,False,False,False,False,False,False,False
2,2,140.0,27.631819579758,31.179296956131,13,1,1,1,1,1,1,0,0,1,133971.42857142858,4,70.0,9.285714285714286,7,16.345788916607955,16.910315723477588,16.345788916607955,False,False,True,False,True,False,False,True,False,False,False,False,False,False,False,False,False,False,False
3,2,156.0,30.06805,31.406379,3,0,0,1,1,0,1,0,0,0,60897.4358974359,6,52.0,1.923076923076923,3,16.282847171369255,16.489659276356317,16.066802461833923,False,True,False,True,False,True,False,False,False,False,False,False,False,False,False,False,False,False,False
2,1,90.0,30.06603,31.48561,0,0,0,0,0,0,0,0,0,0,53888.88888888889,2,45.0,0.0,0,16.282847171369255,15.86963441986494,16.066802461833923,False,True,False,True,False,True,False,False,False,False,False,False,False,False,False,False,False,False,False
3,2,150.0,29.98644,31.16651,0,0,0,0,0,0,0,0,0,0,15666.666666666666,6,50.0,0.0,0,14.88022163978423,14.751604309291395,16.01134442508541,False,True,False,True,False,True,False,False,False,False,False,False,False,False,False,False,False,False,False
2,2,135.0,31.362754995813,27.285389568493,12,0,0,0,1,1,0,0,0,0,133333.33333333334,4,67.5,8.888888888888888,2,16.345788916607955,16.910315723477588,16.345788916607955,False,True,False,True,False,False,False,True,False,False,False,False,False,False,False,False,False,False,False
1,1,45.0,29.994658013908,31.22893366497,40,1,1,1,1,1,1,1,1,1,124444.44444444444,1,45.0,88.88888888888889,9,16.23365160270985,15.53827733427679,16.066802461833923,False,True,False,True,False,True,False,False,False,False,False,False,False,False,False,False,False,False,False
10,3,764.0,30.02203,31.30139,0,0,0,0,0,0,0,0,0,0,19633.50785340314,30,76.4,0.0,0,15.830413711839864,15.830413711839864,16.066802461833923,False,True,False,True,False,False,False,False,True,False,False,False,False,False,False,False,False,False,False
2,1,82.0,30.09177585,31.6426486,44,0,1,0,1,1,1,0,0,1,56707.31707317073,2,41.0,53.65853658536586,5,15.93111255107345,15.88868261241667,16.066802461833923,True,False,False,True,False,True,False,False,False,False,False,False,False,False,False,False,False,False,False
3,3,161.0,31.158448,29.95946,19,1,1,1,1,0,0,1,1,0,45776.39751552795,9,53.666666666666664,11.801242236024844,6,16.303695641087522,16.303695641087522,15.851522672265068,False,True,False,True,False,True,False,False,False,False,False,False,False,False,False,False,False,False,False
3,3,256.0,30.07582038,31.51507649,0,0,0,0,0,0,0,0,0,0,16453.125,9,85.33333333333333,0.0,0,16.282847171369255,16.489659276356317,16.066802461833923,False,True,False,False,True,True,False,False,False,False,False,False,False,False,False,False,False,False,False
2,2,120.0,30.078762187131,31.473255,0,0,0,0,0,0,0,0,0,0,56666.666666666664,4,60.0,0.0,0,16.282847171369255,16.29204904211537,16.066802461833923,False,True,False,True,False,True,False,False,False,False,False,False,False,False,False,False,False,False,False
3,3,215.0,30.0211431,31.0518675,32,1,1,1,1,1,1,1,1,1,41708.46511627907,9,71.66666666666667,14.883720930232558,9,16.10616420501588,16.705882371415992,16.01134442508541,False,True,False,True,False,False,False,False,False,False,False,False,False,False,False,True,False,False,False
2,3,119.0,31.2,29.919,7,0,0,0,0,1,1,0,0,0,80663.86554621848,6,59.5,5.882352941176471,2,16.792878483231114,16.263182720601904,15.851522672265068,False,False,True,False,True,True,False,False,False,False,False,False,False,False,False,False,False,False,False
3,2,185.0,30.0268356,31.493173,0,0,0,0,0,0,0,0,0,0,26000.0,6,61.666666666666664,0.0,0,16.282847171369255,16.29204904211537,16.066802461833923,False,True,False,False,True,True,False,False,False,False,False,False,False,False,False,False,False,False,False
3,3,215.0,30.0729479,31.4132904,11,0,1,0,1,1,1,0,0,0,64036.27906976744,9,71.66666666666667,5.116279069767442,4,16.282847171369255,16.29204904211537,16.066802461833923,False,True,False,False,True,False,False,False,True,False,False,False,False,False,False,False,False,False,False
3,3,180.0,30.09177585,31.6426486,27,0,1,0,0,1,1,0,0,1,62222.22222222222,9,60.0,15.0,4,15.93111255107345,15.88868261241667,16.066802461833923,False,True,False,True,False,True,False,False,False,False,False,False,False,False,False,False,False,False,False
2,2,106.0,30.8664006,28.9189877,13,0,0,0,1,1,1,0,0,0,96698.11320754717,4,53.0,12.264150943396226,3,16.345788916607955,15.76142084987672,16.345788916607955,False,True,False,True,False,False,False,True,False,False,False,False,False,False,False,False,False,False,False
1,1,65.0,31.0952654,27.9249993,0,0,0,0,0,0,0,0,0,0,132307.6923076923,1,65.0,0.0,0,16.345788916607955,16.264790116464905,16.345788916607955,False,False,True,True,False,False,False,True,False,False,False,False,False,False,False,False,False,False,False
1,1,54.0,28.770563694574,30.94784721045,26,1,1,1,1,1,1,1,1,1,64814.81481481482,1,54.0,48.148148148148145,9,16.345788916607955,16.785925074816024,16.345788916607955,False,True,False,False,True,False,False,True,False,False,False,False,False,False,False,False,False,False,False
3,3,140.0,29.9903602,31.5105811,18,1,1,1,1,0,0,1,1,0,59285.71428571428,9,46.666666666666664,12.857142857142858,6,16.282847171369255,16.29204904211537,16.066802461833923,False,True,False,False,True,True,False,False,False,False,False,False,False,False,False,False,False,False,False
3,3,275.0,30.06603,31.48561,16,0,0,1,1,1,1,0,0,1,72727.27272727272,9,91.66666666666667,5.818181818181818,5,16.282847171369255,15.86963441986494,16.066802461833923,False,True,False,True,False,False,False,False,False,False,False,False,False,False,False,False,False,True,False
3,3,220.0,31.21536,29.94034,2,0,0,0,0,0,0,0,0,0,27272.727272727272,9,73.33333333333333,0.9090909090909091,0,15.830413711839864,15.754226482185867,15.851522672265068,False,True,False,True,False,True,False,False,False,False,False,False,False,False,False,False,False,False,False
3,3,130.0,30.06805,31.406379,36,1,1,1,1,0,0,1,1,0,53846.153846153844,9,43.333333333333336,27.69230769230769,6,16.282847171369255,16.489659276356317,16.066802461833923,False,True,False,False,True,True,False,False,False,False,False,False,False,False,False,False,False,False,False
3,3,147.0,29.9711539,31.7296274,33,1,1,1,1,1,0,1,1,1,42176.87074829932,9,49.0,22.448979591836736,8,15.616501940217244,15.687312888712007,16.066802461833923,False,True,False,True,False,True,False,False,False,False,False,False,False,False,False,False,False,False,False
3,2,155.0,30.0941611,31.7041108,13,0,1,0,1,1,1,0,0,0,37361.290322580644,6,51.666666666666664,8.387096774193548,4,15.82707481102028,15.793051943818522,16.066802461833923,False,True,False,False,True,True,False,False,False,False,False,False,False,False,False,False,False,False,False
3,3,178.0,30.096464,31.6670565,0,0,0,0,0,0,0,0,0,0,67415.73033707865,9,59.333333333333336,0.0,0,15.93111255107345,16.118095750958314,16.066802461833923,False,True,False,True,False,True,False,False,False,False,False,False,False,False,False,False,False,False,False
4,4,340.0,30.131162,31.6236404,8,0,0,1,1,0,0,0,0,0,64705.882352941175,16,85.0,2.3529411764705883,2,16.088423555642784,16.906553056777135,16.066802461833923,False,True,False,True,False,False,False,False,False,False,False,False,False,False,False,False,True,False,False
3,1,150.0,31.21536,29.94034,7,0,0,0,0,1,0,0,0,1,39666.666666666664,3,50.0,4.666666666666667,2,15.830413711839864,15.754226482185867,15.851522672265068,False,True,False,True,False,True,False,False,False,False,False,False,False,False,False,False,False,False,False
4,4,165.0,31.3543445,27.2373159,50,1,1,1,1,1,1,1,1,1,118333.33333333333,16,41.25,30.303030303030305,9,16.345788916607955,16.264790116464905,16.345788916607955,False,True,False,True,False,False,False,False,False,False,False,False,False,False,False,True,False,False,False
3,3,115.0,30.834438,28.963224,0,0,0,0,0,0,0,0,0,0,139130.4347826087,9,38.333333333333336,0.0,0,16.345788916607955,15.76142084987672,16.345788916607955,True,False,False,True,False,False,False,True,False,False,False,False,False,False,False,False,False,False,False
1,1,82.0,29.939662391024,31.564651421584,18,1,1,1,1,1,0,0,0,1,40243.90243902439,1,82.0,21.951219512195124,6,16.282847171369255,16.200596964551092,16.066802461833923,False,True,False,False,True,True,False,False,False,False,False,False,False,False,False,False,False,False,False
2,3,179.0,30.02201225,31.3100159,5,0,1,1,1,1,1,0,0,0,114525.13966480448,6,89.5,2.793296089385475,5,15.830413711839864,16.97569742890161,16.066802461833923,False,True,False,True,False,True,False,False,False,False,False,False,False,False,False,False,False,False,False
3,1,90.0,31.50846,31.82701,0,0,0,0,0,0,0,0,0,0,45555.555555555555,3,30.0,0.0,0,15.226497775576945,15.226497775576945,15.271797524004405,False,True,False,True,False,True,False,False,False,False,False,False,False,False,False,False,False,False,False
11,11,1500.0,29.9633661,31.0009178,49,1,1,1,1,1,1,1,1,1,25666.666666666668,121,136.36363636363637,3.2666666666666666,9,16.10616420501588,15.988839917212927,16.01134442508541,False,True,False,True,False,False,False,False,False,False,False,True,False,False,False,False,False,False,False
2,1,69.0,30.09177585,31.6426486,0,0,0,0,0,0,0,0,0,0,100000.0,2,34.5,0.0,0,15.93111255107345,15.88868261241667,16.066802461833923,False,True,False,False,True,True,False,False,False,False,False,False,False,False,False,False,False,False,False
3,3,145.0,29.9903602,31.5105811,18,1,1,1,1,0,0,1,1,0,58620.68965517241,9,48.333333333333336,12.413793103448276,6,16.282847171369255,16.29204904211537,16.066802461833923,False,True,False,False,True,True,False,False,False,False,False,False,False,False,False,False,False,False,False
3,2,123.0,30.06603,31.48561,0,0,0,0,0,0,0,0,0,0,51219.51219512195,6,41.0,0.0,0,16.282847171369255,15.86963441986494,16.066802461833923,False,True,False,True,False,True,False,False,False,False,False,False,False,False,False,False,False,False,False
3,3,160.0,30.866252658312,28.929261844291,20,1,1,1,1,1,0,1,1,1,45625.0,9,53.333333333333336,12.5,8,16.345788916607955,15.76142084987672,16.345788916607955,False,True,False,False,True,False,False,True,False,False,False,False,False,False,False,False,False,False,False
3,3,210.0,30.0284128,31.01070815,6,0,0,0,0,1,1,0,0,1,52380.95238095238,9,70.0,2.857142857142857,3,16.02378508137718,16.213405921671733,16.01134442508541,False,True,False,True,False,True,False,False,False,False,False,False,False,False,False,False,False,False,False
2,2,135.0,30.8583492,28.9042079,1,0,0,0,0,0,0,0,0,0,34348.148148148146,4,67.5,0.7407407407407407,0,16.345788916607955,15.76142084987672,16.345788916607955,False,False,True,True,False,True,False,False,False,False,False,False,False,False,False,False,False,False,False
3,2,160.0,30.0035761,31.4056766,5,0,0,1,0,0,1,0,0,0,26250.0,6,53.333333333333336,3.125,2,16.282847171369255,16.29204904211537,16.066802461833923,False,False,True,True,False,True,False,False,False,False,False,False,False,False,False,False,False,False,False
3,3,235.0,30.04842577295,31.501481164322,0,0,0,0,0,0,0,0,0,0,83829.78723404255,9,78.33333333333333,0.0,0,16.282847171369255,16.29204904211537,16.066802461833923,False,False,True,False,True,False,False,False,False,False,False,False,False,False,False,False,False,False,True
4,5,225.0,30.046520992444,31.604172296484,18,1,1,1,1,0,0,1,1,0,97777.77777777778,20,56.25,8.0,6,16.282847171369255,16.29204904211537,16.066802461833923,False,True,False,False,True,False,False,False,False,False,False,False,False,False,False,False,False,True,False
5,7,470.0,31.1956859,27.554789,16,0,0,1,0,1,1,0,0,1,85053.1914893617,35,94.0,3.404255319148936,4,16.345788916607955,17.361900302320812,16.345788916607955,False,True,False,True,False,False,False,False,False,False,False,False,False,False,False,False,False,True,False
6,6,510.0,29.9842656,31.540594,13,0,0,1,1,1,1,0,0,1,114450.98039215687,36,85.0,2.5490196078431375,5,16.282847171369255,16.29204904211537,16.066802461833923,False,True,False,True,False,False,False,False,False,False,False,False,False,False,False,False,False,True,False
2,2,140.0,29.9978985,31.63101061,6,0,0,0,1,0,0,0,0,0,41428.57142857143,4,70.0,4.285714285714286,1,15.616501940217244,15.607270193858982,16.066802461833923,False,True,False,True,False,True,False,False,False,False,False,False,False,False,False,False,False,False,False
2,2,143.0,30.0395901,31.6985965,27,1,1,1,1,1,1,1,1,0,31468.53146853147,4,71.5,18.881118881118883,8,15.616501940217244,15.458189997639176,16.066802461833923,True,False,False,True,False,True,False,False,False,False,False,False,False,False,False,False,False,False,False
4,5,520.0,27.631819579758,31.179296956131,16,0,0,1,1,0,0,0,0,0,50000.0,20,130.0,3.0769230769230766,2,16.345788916607955,16.910315723477588,16.345788916607955,False,True,False,True,False,False,False,False,False,False,False,False,False,False,False,False,False,True,False
2,2,134.0,30.2013484,31.6804732,9,0,0,1,1,1,1,0,0,1,70895.5223880597,4,67.0,6.716417910447761,5,16.088423555642784,16.15957650726579,16.066802461833923,False,True,False,True,False,True,False,False,False,False,False,False,False,False,False,False,False,False,False
2,2,121.0,31.065661392699,28.397555312136,1,0,0,0,0,0,0,0,0,0,66115.70247933884,4,60.5,0.8264462809917356,0,16.345788916607955,16.44313860719088,16.345788916607955,False,True,False,True,False,False,False,True,False,False,False,False,False,False,False,False,False,False,False
5,6,650.0,30.107832255957,31.596580211647,11,0,0,0,1,1,1,0,0,0,28769.23076923077,30,130.0,1.6923076923076923,3,16.088423555642784,16.380459992348886,16.066802461833923,False,True,False,True,False,False,False,False,False,False,False,False,False,False,False,False,False,True,False
2,2,109.0,30.821417965085,28.997347793253,8,0,0,0,1,0,1,0,0,0,50458.71559633027,4,54.5,7.339449541284403,2,16.345788916607955,15.76142084987672,16.345788916607955,False,True,False,False,True,False,False,True,False,False,False,False,False,False,False,False,False,False,False
1,2,85.0,29.95185,31.31256,30,1,1,1,1,1,1,0,0,1,43964.705882352944,2,85.0,35.294117647058826,7,15.230349646082692,15.133793976061913,16.066802461833923,False,True,False,False,True,True,False,False,False,False,False,False,False,False,False,False,False,False,False
3,3,160.0,30.0648376,30.94684,38,1,1,1,1,1,1,1,1,1,48437.5,9,53.333333333333336,23.75,9,16.02378508137718,15.803385043104912,16.01134442508541,False,True,False,True,False,True,False,False,False,False,False,False,False,False,False,False,False,False,False
3,3,164.0,29.9978985,31.63101061,0,0,0,0,0,0,0,0,0,0,37304.87804878049,9,54.666666666666664,0.0,0,15.616501940217244,15.607270193858982,16.066802461833923,False,True,False,True,False,True,False,False,False,False,False,False,False,False,False,False,False,False,False
3,2,116.0,30.09177585,31.6426486,26,0,0,0,1,1,0,0,0,1,56034.48275862069,6,38.666666666666664,22.413793103448278,3,15.93111255107345,15.88868261241667,16.066802461833923,False,True,False,True,False,True,False,False,False,False,False,False,False,False,False,False,False,False,False
2,1,78.0,30.09177585,31.6426486,3,0,0,0,0,0,0,0,0,0,57692.307692307695,2,39.0,3.846153846153846,0,15.93111255107345,15.88868261241667,16.066802461833923,False,True,False,True,False,True,False,False,False,False,False,False,False,False,False,False,False,False,False
2,2,160.0,31.1672,29.87326,7,0,0,0,0,1,1,0,0,0,49375.0,4,80.0,4.375,2,15.490462789320857,15.490462789320857,15.851522672265068,False,True,False,True,False,True,False,False,False,False,False,False,False,False,False,False,False,False,False
2,2,130.0,30.0669117,31.3375553,49,1,1,1,1,1,1,1,1,1,33970.192307692305,4,65.0,37.69230769230769,9,15.82707481102028,15.687312888712007,16.066802461833923,True,False,False,False,True,True,False,False,False,False,False,False,False,False,False,False,False,False,False
3,4,198.0,29.9937516,30.9323647,13,1,1,1,1,1,1,0,0,0,22631.31313131313,12,66.0,6.565656565656566,6,16.10616420501588,15.109392850014181,16.01134442508541,False,True,False,True,False,True,False,False,False,False,False,False,False,False,False,False,False,False,False
2,1,131.0,31.25568,29.98389,7,0,0,0,0,0,1,0,0,0,22900.763358778626,2,65.5,5.343511450381679,1,14.991198496069774,14.991198496069774,15.851522672265068,False,True,False,True,False,True,False,False,False,False,False,False,False,False,False,False,False,False,False
1,1,80.0,30.9628937,28.7565892,10,1,0,1,1,0,0,0,0,0,250000.0,1,80.0,12.5,3,16.345788916607955,16.785925074816024,16.345788916607955,True,False,False,True,False,False,False,True,False,False,False,False,False,False,False,False,False,False,False
3,3,360.0,30.09177585,31.6426486,8,0,0,1,1,1,0,0,0,1,100000.0,9,120.0,2.2222222222222223,4,15.93111255107345,15.88868261241667,16.066802461833923,False,True,False,True,False,False,False,False,False,False,False,False,False,False,False,False,False,True,False
3,3,150.0,30.0941611,31.7041108,26,1,1,1,1,1,1,1,1,1,93333.33333333333,9,50.0,17.333333333333332,9,15.82707481102028,15.793051943818522,16.066802461833923,False,False,True,True,False,False,False,False,False,False,False,False,False,False,False,False,False,True,False
4,3,245.0,30.07349031,31.60085522,15,0,0,1,1,1,1,0,0,1,53061.22448979592,12,61.25,6.122448979591836,5,16.282847171369255,16.29204904211537,16.066802461833923,False,False,True,True,False,False,False,False,False,False,False,False,False,False,False,False,False,True,False
2,2,115.0,30.834438,28.963224,32,1,1,1,0,1,0,1,1,1,165217.39130434784,4,57.5,27.826086956521742,7,16.345788916607955,15.76142084987672,16.345788916607955,True,False,False,True,False,False,False,True,False,False,False,False,False,False,False,False,False,False,False
2,1,130.0,30.0249076,31.4892885,27,1,1,1,1,1,1,1,1,0,62307.692307692305,2,65.0,20.76923076923077,8,16.282847171369255,16.29204904211537,16.066802461833923,False,False,True,True,False,True,False,False,False,False,False,False,False,False,False,False,False,False,False
3,2,174.0,30.0268356,31.493173,0,0,0,0,0,0,0,0,0,0,32758.620689655174,6,58.0,0.0,0,16.282847171369255,16.29204904211537,16.066802461833923,True,False,False,True,False,True,False,False,False,False,False,False,False,False,False,False,False,False,False
3,3,160.0,30.06805,31.406379,12,0,1,1,0,1,1,0,0,1,62500.0,9,53.333333333333336,7.5,5,16.282847171369255,16.489659276356317,16.066802461833923,False,True,False,True,False,False,False,False,True,False,False,False,False,False,False,False,False,False,False
5,4,380.0,30.14421,31.63972,0,0,0,0,0,0,0,0,0,0,36842.10526315789,20,76.0,0.0,0,16.088423555642784,15.35237799261728,16.066802461833923,False,True,False,True,False,False,False,False,False,False,False,False,False,False,False,False,False,True,False
2,2,134.0,30.2013484,31.6804732,4,0,0,0,0,0,0,0,0,0,63432.835820895525,4,67.0,2.9850746268656714,0,16.088423555642784,16.15957650726579,16.066802461833923,False,False,True,True,False,True,False,False,False,False,False,False,False,False,False,False,False,False,False
3,2,125.0,29.955144007552,31.542234478171,4,1,1,0,0,0,0,0,0,0,56800.0,6,41.666666666666664,3.2,2,16.282847171369255,16.200596964551092,16.066802461833923,False,True,False,False,True,True,False,False,False,False,False,False,False,False,False,False,False,False,False
3,3,350.0,30.0110084,31.4332232,13,0,0,0,0,1,1,0,0,1,34285.71428571428,9,116.66666666666667,3.7142857142857144,3,16.282847171369255,16.29204904211537,16.066802461833923,False,False,True,True,False,True,False,False,False,False,False,False,False,False,False,False,False,False,False
3,2,140.0,30.07042895,31.64236044,2,0,0,0,0,1,0,0,0,0,69956.25,6,46.666666666666664,1.4285714285714286,1,15.82707481102028,16.097267850351507,16.066802461833923,False,True,False,True,False,True,False,False,False,False,False,False,False,False,False,False,False,False,False
5,5,390.0,31.4900981,31.4218195,45,1,1,1,1,1,1,1,1,1,17948.71794871795,25,78.0,11.538461538461538,9,15.894952224644102,15.894952224644102,15.894952224644102,False,True,False,True,False,False,False,False,False,False,False,False,False,False,False,False,False,True,False
5,5,430.0,29.9842656,31.540594,13,1,1,1,1,0,0,1,1,0,55813.95348837209,25,86.0,3.0232558139534884,6,16.282847171369255,16.29204904211537,16.066802461833923,False,True,False,True,False,False,False,False,False,False,False,False,False,False,False,False,False,True,False
4,4,236.0,30.0303648,31.530564,5,0,0,0,0,1,1,0,0,1,86864.40677966102,16,59.0,2.1186440677966103,3,16.282847171369255,16.29204904211537,16.066802461833923,False,True,False,True,False,False,False,False,False,False,False,False,False,False,False,True,False,False,False
3,3,146.0,30.06805,31.406379,12,0,1,1,0,1,1,0,0,1,59678.08219178082,9,48.666666666666664,8.219178082191782,5,16.282847171369255,16.489659276356317,16.066802461833923,False,True,False,True,False,True,False,False,False,False,False,False,False,False,False,False,False,False,False
5,4,475.0,30.0548836,30.86942476,35,1,1,1,1,1,1,1,1,1,31578.947368421053,20,95.0,7.368421052631579,9,16.02378508137718,16.52356082573315,16.01134442508541,False,True,False,True,False,False,False,False,False,False,False,False,False,False,False,False,False,True,False
5,6,890.0,29.9819025,31.3772485,7,1,0,1,1,1,0,0,0,0,34831.4606741573,30,178.0,0.7865168539325842,4,16.087842710858826,16.034714150714915,16.066802461833923,False,False,True,True,False,False,False,False,False,False,False,False,False,False,False,False,True,False,False
4,4,355.0,29.9924715,30.8920785,18,0,0,0,1,1,1,0,0,0,45070.42253521127,16,88.75,5.070422535211268,3,16.10616420501588,16.360729622918004,16.01134442508541,False,True,False,True,False,False,False,False,False,False,False,False,False,False,False,False,False,True,False
5,5,372.0,30.0057578,31.036498,44,1,1,1,1,1,1,1,1,1,44354.83870967742,25,74.4,11.827956989247312,9,16.10616420501588,16.938854599626616,16.01134442508541,False,True,False,True,False,False,False,False,False,False,False,False,False,False,False,False,True,False,False
3,2,210.0,31.21536,29.94034,6,0,0,0,0,1,0,0,0,1,33333.333333333336,6,70.0,2.857142857142857,2,15.830413711839864,15.754226482185867,15.851522672265068,False,True,False,True,False,True,False,False,False,False,False,False,False,False,False,False,False,False,False
4,5,286.0,31.3543445,27.2373159,0,0,0,0,0,0,0,0,0,0,129370.62937062937,20,71.5,0.0,0,16.345788916607955,16.264790116464905,16.345788916607955,False,True,False,True,False,False,False,False,False,False,False,False,False,False,False,False,False,True,False
3,3,200.0,30.057,31.20041,44,1,1,1,0,0,1,1,1,0,27500.0,9,66.66666666666667,22.0,6,16.01118965047076,16.01118965047076,16.01134442508541,False,True,False,True,False,True,False,False,False,False,False,False,False,False,False,False,False,False,False
3,3,163.0,30.090647810305,31.377698496569,15,1,1,1,1,1,0,1,0,1,46625.766871165644,9,54.333333333333336,9.202453987730062,7,15.803385043104912,15.803385043104912,16.066802461833923,False,True,False,True,False,True,False,False,False,False,False,False,False,False,False,False,False,False,False
3,3,225.0,30.147927,31.6599191,11,1,1,1,1,1,1,0,0,0,45333.333333333336,9,75.0,4.888888888888889,6,16.088423555642784,16.13789837629371,16.066802461833923,False,True,False,True,False,True,False,False,False,False,False,False,False,False,False,False,False,False,False
2,2,118.0,30.055153892816,31.014525035582,15,1,1,1,1,0,0,0,0,0,52758.67796610169,4,59.0,12.711864406779661,4,16.02378508137718,15.64416833410825,16.01134442508541,False,False,True,False,True,True,False,False,False,False,False,False,False,False,False,False,False,False,False
3,2,200.0,31.0846702,27.9347746,12,1,1,1,1,0,0,0,0,0,55000.0,6,66.66666666666667,6.0,4,16.345788916607955,16.548253436697504,16.345788916607955,True,False,False,True,False,False,False,True,False,False,False,False,False,False,False,False,False,False,False
1,1,60.0,31.0665111,28.344066,0,0,0,0,0,0,0,0,0,0,100000.0,1,60.0,0.0,0,16.345788916607955,15.572773764067886,16.345788916607955,False,True,False,False,True,False,False,True,False,False,False,False,False,False,False,False,False,False,False
1,1,56.0,29.39286,32.5399151,23,1,1,1,1,0,0,1,1,0,101785.71428571429,1,56.0,41.07142857142857,6,15.747032114495013,16.15731646026544,15.747032114495013,False,False,True,False,True,False,False,True,False,False,False,False,False,False,False,False,False,False,False
7,5,450.0,29.7248626,32.3673853,6,0,1,1,1,0,0,0,0,0,75555.55555555556,35,64.28571428571429,1.3333333333333333,3,15.747032114495013,17.034386422832473,15.747032114495013,True,False,False,True,False,False,False,False,False,False,False,False,False,False,False,False,False,True,False
5,6,660.0,29.994222768472,31.657762279758,5,0,0,0,1,0,0,0,0,0,35606.06060606061,30,132.0,0.7575757575757576,1,15.616501940217244,16.983463076745295,16.066802461833923,False,False,True,True,False,False,False,False,False,False,False,False,False,False,False,False,False,True,False
3,2,180.0,30.0268356,31.493173,0,0,0,0,0,0,0,0,0,0,35000.0,6,60.0,0.0,0,16.282847171369255,16.29204904211537,16.066802461833923,False,True,False,True,False,True,False,False,False,False,False,False,False,False,False,False,False,False,False
2,2,105.0,31.089549212598,28.160593150923,26,1,1,1,1,1,1,1,1,1,51333.333333333336,4,52.5,24.76190476190476,9,16.345788916607955,16.264790116464905,16.345788916607955,False,True,False,False,True,False,False,True,False,False,False,False,False,False,False,False,False,False,False
3,3,225.0,30.0050838,30.9290455,13,0,0,0,1,1,0,0,0,1,40000.0,9,75.0,5.777777777777778,3,16.10616420501588,15.930560647738732,16.01134442508541,False,True,False,True,False,False,False,False,False,False,False,False,False,False,False,False,False,True,False
5,6,1100.0,30.946845,28.803854,41,1,1,1,1,1,1,1,1,1,60909.09090909091,30,220.0,3.727272727272727,9,16.345788916607955,16.785925074816024,16.345788916607955,True,False,False,True,False,False,False,False,False,False,False,False,False,False,False,False,False,True,False
2,3,137.0,30.0212161,31.5472488,0,0,0,0,0,0,0,0,0,0,109489.05109489051,6,68.5,0.0,0,16.282847171369255,16.29204904211537,16.066802461833923,True,False,False,True,False,True,False,False,False,False,False,False,False,False,False,False,False,False,False
1,2,110.0,30.07349031,31.60085522,10,0,0,1,1,0,0,0,0,0,81818.18181818182,2,110.0,9.09090909090909,2,16.282847171369255,16.29204904211537,16.066802461833923,False,True,False,True,False,True,False,False,False,False,False,False,False,False,False,False,False,False,False
4,4,200.0,29.8561331,30.9018623,18,1,1,1,1,0,0,1,1,0,55000.0,16,50.0,9.0,6,16.10616420501588,16.19413042991272,16.01134442508541,False,True,False,False,True,False,False,False,False,False,False,False,False,False,False,False,False,True,False
1,1,65.0,31.0952654,27.9249993,0,0,0,0,0,0,0,0,0,0,132307.6923076923,1,65.0,0.0,0,16.345788916607955,16.264790116464905,16.345788916607955,False,False,True,True,False,False,False,True,False,False,False,False,False,False,False,False,False,False,False
3,2,230.0,30.107832255957,31.596580211647,0,0,0,0,0,0,0,0,0,0,35869.565217391304,6,76.66666666666667,0.0,0,16.088423555642784,16.380459992348886,16.066802461833923,False,True,False,True,False,True,False,False,False,False,False,False,False,False,False,False,False,False,False
2,2,135.0,30.0669117,31.3375553,11,1,1,1,1,1,0,0,0,1,46666.666666666664,4,67.5,8.148148148148147,6,15.82707481102028,15.687312888712007,16.066802461833923,False,True,False,False,True,True,False,False,False,False,False,False,False,False,False,False,False,False,False
3,3,152.0,30.113711177364,31.667492635582,22,1,1,1,1,0,0,0,0,0,51572.36842105263,9,50.666666666666664,14.473684210526315,4,16.088423555642784,15.71038754402484,16.066802461833923,False,False,True,False,True,True,False,False,False,False,False,False,False,False,False,False,False,False,False
5,4,250.0,30.9447479,28.7978345,6,1,0,1,1,0,1,0,0,0,67900.0,20,50.0,2.4,4,16.345788916607955,16.785925074816024,16.345788916607955,True,False,False,True,False,False,False,True,False,False,False,False,False,False,False,False,False,False,False
3,2,198.0,30.090647810305,31.377698496569,20,1,1,1,1,1,1,1,1,1,49494.9494949495,6,66.0,10.1010101010101,9,15.803385043104912,15.803385043104912,16.066802461833923,False,True,False,True,False,True,False,False,False,False,False,False,False,False,False,False,False,False,False
4,5,310.0,29.994222768472,31.657762279758,20,1,1,1,1,0,0,1,1,0,81940.64516129032,20,77.5,6.451612903225806,6,15.616501940217244,16.983463076745295,16.066802461833923,False,True,False,True,False,False,False,False,False,False,False,False,False,False,False,False,True,False,False
2,1,100.0,31.322165,30.063486,5,0,0,0,0,0,0,0,0,0,20000.0,2,50.0,5.0,0,14.508658238524095,14.508658238524095,15.851522672265068,False,True,False,True,False,True,False,False,False,False,False,False,False,False,False,False,False,False,False
3,3,212.0,29.9780594,31.5043259,11,1,1,1,1,1,1,0,0,0,36320.75471698113,9,70.66666666666667,5.188679245283018,6,16.282847171369255,16.29204904211537,16.066802461833923,False,True,False,True,False,True,False,False,False,False,False,False,False,False,False,False,False,False,False
3,2,112.0,31.0846702,27.9347746,0,0,0,0,0,0,0,0,0,0,107142.85714285714,6,37.333333333333336,0.0,0,16.345788916607955,16.548253436697504,16.345788916607955,False,True,False,True,False,False,False,False,False,False,False,False,True,False,False,False,False,False,False
7,6,520.0,30.0920272,31.4838462,4,0,0,0,0,0,0,0,0,0,75000.0,42,74.28571428571429,0.7692307692307692,0,16.282847171369255,16.489659276356317,16.066802461833923,False,False,True,True,False,False,False,False,False,False,False,False,False,False,False,False,True,False,False
3,2,155.0,29.7666672,31.0988357,2,0,0,0,0,1,0,0,0,0,58300.0,6,51.666666666666664,1.2903225806451613,1,16.101268496405105,16.101268496405105,15.851522672265068,False,True,False,False,True,True,False,False,False,False,False,False,False,False,False,False,False,False,False
2,2,95.0,29.9652119,31.73612133,0,0,0,0,0,0,0,0,0,0,54736.84210526316,4,47.5,0.0,0,15.616501940217244,15.46416937585933,16.066802461833923,False,True,False,True,False,True,False,False,False,False,False,False,False,False,False,False,False,False,False
2,2,144.0,30.0259103,31.5359166,36,1,1,1,1,1,1,1,1,1,90277.77777777778,4,72.0,25.0,9,16.282847171369255,16.29204904211537,16.066802461833923,False,True,False,True,False,True,False,False,False,False,False,False,False,False,False,False,False,False,False
2,1,96.0,30.09177585,31.6426486,17,0,0,0,0,1,1,0,0,1,44270.833333333336,2,48.0,17.708333333333336,3,15.93111255107345,15.88868261241667,16.066802461833923,False,True,False,True,False,True,False,False,False,False,False,False,False,False,False,False,False,False,False
3,2,133.0,30.8224695,28.954309,24,1,1,1,1,1,1,0,0,1,49624.06015037594,6,44.333333333333336,18.045112781954888,7,16.345788916607955,15.76142084987672,16.345788916607955,False,True,False,True,False,True,False,False,False,False,False,False,False,False,False,False,False,False,False
3,3,123.0,31.3543445,27.2373159,19,1,1,1,1,0,0,0,1,0,130081.30081300813,9,41.0,15.447154471544716,5,16.345788916607955,16.264790116464905,16.345788916607955,False,True,False,False,True,False,False,True,False,False,False,False,False,False,False,False,False,False,False
5,3,260.0,30.0126096,31.5019494,0,0,0,0,0,0,0,0,0,0,76923.07692307692,15,52.0,0.0,0,16.282847171369255,16.29204904211537,16.066802461833923,False,True,False,True,False,True,False,False,False,False,False,False,False,False,False,False,False,False,False
4,4,175.0,31.075924101513,27.999177422707,11,0,0,0,1,1,1,0,0,0,117945.28571428571,16,43.75,6.285714285714286,3,16.345788916607955,16.264790116464905,16.345788916607955,False,True,False,False,True,False,False,False,False,False,False,False,False,False,False,True,False,False,False
4,3,252.0,29.954241877084,31.07489371828,4,0,0,0,0,1,1,0,0,0,53571.42857142857,12,63.0,1.5873015873015872,2,16.10616420501588,16.41820031748273,16.01134442508541,False,True,False,True,False,False,False,False,False,False,False,False,False,False,False,False,True,False,False
3,3,177.0,30.0074176,31.4887433,3,0,0,0,1,0,0,0,0,0,85536.7231638418,9,59.0,1.694915254237288,1,16.282847171369255,16.29204904211537,16.066802461833923,False,False,True,True,False,True,False,False,False,False,False,False,False,False,False,False,False,False,False
2,2,120.0,30.0648376,30.94684,30,1,1,1,1,1,1,1,1,1,26719.008333333335,4,60.0,25.0,9,16.02378508137718,15.803385043104912,16.01134442508541,False,True,False,True,False,False,False,False,False,False,False,False,True,False,False,False,False,False,False
8,5,1003.0,30.06805,31.406379,44,1,1,1,1,1,1,1,1,1,52841.47557328016,40,125.375,4.386839481555334,9,16.282847171369255,16.489659276356317,16.066802461833923,False,True,False,True,False,False,False,False,False,False,False,False,False,False,False,False,False,True,False
3,2,129.0,30.07814,31.5941829,27,1,1,1,1,1,1,1,1,0,77302.32558139534,6,43.0,20.930232558139533,8,16.282847171369255,16.29204904211537,16.066802461833923,False,False,True,False,True,True,False,False,False,False,False,False,False,False,False,False,False,False,False
5,5,261.0,30.1158572,31.6235277,0,0,0,0,0,0,0,0,0,0,57854.4061302682,25,52.2,0.0,0,16.088423555642784,16.716932206992077,16.066802461833923,False,False,True,True,False,False,False,False,False,False,False,False,False,False,False,False,True,False,False
3,3,145.0,29.976979,31.7797175,31,1,1,1,1,1,1,1,1,1,26206.896551724138,9,48.333333333333336,21.379310344827587,9,15.616501940217244,15.384361031701085,16.066802461833923,False,False,True,False,True,True,False,False,False,False,False,False,False,False,False,False,False,False,False
2,2,134.0,29.9875186,31.5555302,16,1,1,0,0,1,1,1,1,1,55970.149253731346,4,67.0,11.940298507462686,7,16.282847171369255,16.29204904211537,16.066802461833923,False,True,False,True,False,True,False,False,False,False,False,False,False,False,False,False,False,False,False
4,3,245.0,31.0792884,28.3831589,0,0,0,0,0,0,0,0,0,0,51775.510204081635,12,61.25,0.0,0,16.345788916607955,16.355930829848784,16.345788916607955,False,False,True,True,False,False,False,False,False,False,False,False,True,False,False,False,False,False,False
4,3,165.0,30.163528044741,31.677762679717,0,0,0,0,0,0,0,0,0,0,34909.09090909091,12,41.25,0.0,0,16.300417291085605,16.066802461833923,16.066802461833923,False,False,True,False,True,True,False,False,False,False,False,False,False,False,False,False,False,False,False
3,2,123.0,30.125082,31.8853002,3,0,0,0,0,0,0,0,0,0,75940.73170731707,6,41.0,2.4390243902439024,0,15.616501940217244,16.012735246411598,16.066802461833923,False,True,False,False,True,True,False,False,False,False,False,False,False,False,False,False,False,False,False
3,3,165.0,29.965514923308,31.571382566528,39,1,1,1,1,1,1,1,1,1,53939.393939393936,9,55.0,23.636363636363637,9,16.282847171369255,16.200596964551092,16.066802461833923,False,True,False,False,True,False,False,False,True,False,False,False,False,False,False,False,False,False,False
4,3,278.0,29.9875186,31.5555302,3,0,0,1,1,0,0,0,0,0,56474.82014388489,12,69.5,1.0791366906474822,2,16.282847171369255,16.29204904211537,16.066802461833923,False,True,False,True,False,True,False,False,False,False,False,False,False,False,False,False,False,False,False
2,1,88.0,31.0665111,28.344066,25,1,1,1,1,1,1,1,1,1,56818.181818181816,2,44.0,28.40909090909091,9,16.345788916607955,15.572773764067886,16.345788916607955,False,False,True,False,True,False,False,True,False,False,False,False,False,False,False,False,False,False,False
3,2,140.0,30.0753933,31.6265648,10,1,1,1,0,1,0,1,1,0,84571.42857142857,6,46.666666666666664,7.142857142857143,6,15.82707481102028,16.221521518404195,16.066802461833923,False,True,False,False,True,True,False,False,False,False,False,False,False,False,False,False,False,False,False
3,3,192.0,29.9978985,31.63101061,0,0,0,0,0,0,0,0,0,0,37760.416666666664,9,64.0,0.0,0,15.616501940217244,15.607270193858982,16.066802461833923,False,True,False,True,False,True,False,False,False,False,False,False,False,False,False,False,False,False,False
3,3,140.0,30.04842577295,31.501481164322,38,1,1,1,1,1,1,1,1,1,75714.28571428571,9,46.666666666666664,27.142857142857146,9,16.282847171369255,16.29204904211537,16.066802461833923,False,True,False,True,False,True,False,False,False,False,False,False,False,False,False,False,False,False,False
3,3,167.0,29.976979,31.7797175,20,0,0,1,0,1,1,0,0,1,39520.95808383234,9,55.666666666666664,11.976047904191617,4,15.616501940217244,15.384361031701085,16.066802461833923,False,True,False,False,True,True,False,False,False,False,False,False,False,False,False,False,False,False,False
4,4,220.0,30.0445728,31.0243959,44,1,1,1,1,1,1,1,1,1,75000.0,16,55.0,20.0,9,16.02378508137718,16.115740211329367,16.01134442508541,False,True,False,True,False,False,False,False,False,False,False,False,False,False,False,False,False,True,False
6,5,550.0,30.9628937,28.7565892,28,1,1,1,1,1,1,1,1,0,70909.09090909091,30,91.66666666666667,5.090909090909091,8,16.345788916607955,16.785925074816024,16.345788916607955,True,False,False,True,False,False,False,False,False,False,False,False,False,False,False,False,False,True,False
3,3,205.0,30.0556215,31.0263428,18,1,1,1,1,0,0,1,1,0,92682.9268292683,9,68.33333333333333,8.78048780487805,6,16.02378508137718,16.503358119776173,16.01134442508541,False,True,False,False,True,False,False,False,False,False,False,False,False,False,False,False,False,True,False
2,2,122.0,30.0669117,31.3375553,0,0,0,0,0,0,0,0,0,0,72868.85245901639,4,61.0,0.0,0,15.82707481102028,15.687312888712007,16.066802461833923,False,True,False,True,False,True,False,False,False,False,False,False,False,False,False,False,False,False,False
3,4,361.0,30.14421,31.63972,0,0,0,0,0,0,0,0,0,0,23545.706371191136,12,120.33333333333333,0.0,0,16.088423555642784,15.955576839107596,16.066802461833923,False,True,False,True,False,True,False,False,False,False,False,False,False,False,False,False,False,False,False
3,3,140.0,30.0364702,31.5525584,14,1,1,1,1,1,1,0,0,1,50000.0,9,46.666666666666664,10.0,7,16.282847171369255,16.29204904211537,16.066802461833923,False,True,False,False,True,True,False,False,False,False,False,False,False,False,False,False,False,False,False
1,1,83.0,30.0669117,31.3375553,11,1,1,1,1,1,0,0,0,1,54216.867469879515,1,83.0,13.253012048192772,6,15.82707481102028,15.687312888712007,16.066802461833923,False,True,False,False,True,True,False,False,False,False,False,False,False,False,False,False,False,False,False
0,1,60.0,30.0941611,31.7041108,29,0,1,1,1,1,1,1,1,1,37033.333333333336,0,60.0,48.333333333333336,8,15.82707481102028,15.793051943818522,16.066802461833923,False,True,False,False,True,True,False,False,False,False,False,False,False,False,False,False,False,False,False
1,1,65.0,30.834438,28.963224,50,1,1,1,1,1,1,1,1,1,200000.0,1,65.0,76.92307692307692,9,16.345788916607955,15.76142084987672,16.345788916607955,True,False,False,True,False,False,False,True,False,False,False,False,False,False,False,False,False,False,False
5,5,390.0,30.0808981,31.4880764,0,0,0,0,0,0,0,0,0,0,66666.66666666667,25,78.0,0.0,0,16.282847171369255,16.489659276356317,16.066802461833923,True,False,False,True,False,False,False,False,False,False,False,False,False,False,False,False,False,True,False
8,6,280.0,29.39286,32.5399151,23,1,0,1,1,1,1,0,0,0,75000.0,48,35.0,8.214285714285715,5,15.747032114495013,16.15731646026544,15.747032114495013,False,True,False,True,False,False,False,False,False,False,False,False,False,False,False,False,False,True,False
2,2,119.0,31.17310014,29.9287022,0,0,0,0,0,0,0,0,0,0,66000.0,4,59.5,0.0,0,16.16000514993119,16.16000514993119,15.851522672265068,False,True,False,False,True,True,False,False,False,False,False,False,False,False,False,False,False,False,False
4,4,319.0,30.09177585,31.6426486,31,1,1,0,1,1,1,1,1,1,94043.88714733542,16,79.75,9.717868338557993,8,15.93111255107345,15.88868261241667,16.066802461833923,False,True,False,True,False,False,False,False,False,False,False,False,False,False,False,False,False,True,False
3,3,172.0,30.0478192,31.5372842,36,1,1,1,1,1,1,1,1,1,84709.30232558139,9,57.333333333333336,20.930232558139537,9,16.282847171369255,16.29204904211537,16.066802461833923,False,True,False,True,False,True,False,False,False,False,False,False,False,False,False,False,False,False,False
2,2,130.0,30.996363,28.6804318,16,0,0,1,0,0,0,0,0,0,63461.53846153846,4,65.0,12.307692307692307,1,16.345788916607955,16.785925074816024,16.345788916607955,True,False,False,True,False,False,False,True,False,False,False,False,False,False,False,False,False,False,False
3,3,280.0,29.9924715,30.8920785,13,0,1,0,1,1,1,0,0,0,53571.42857142857,9,93.33333333333333,4.642857142857143,4,16.10616420501588,16.360729622918004,16.01134442508541,False,False,True,True,False,False,False,False,False,False,False,False,False,False,False,False,False,False,True
3,3,160.0,29.9903602,31.5105811,18,1,1,1,1,0,0,1,1,0,62500.0,9,53.333333333333336,11.25,6,16.282847171369255,16.29204904211537,16.066802461833923,False,True,False,False,True,True,False,False,False,False,False,False,False,False,False,False,False,False,False
5,4,230.0,30.0550268,31.3366903,0,0,0,0,0,0,0,0,0,0,107391.30434782608,20,46.0,0.0,0,16.345788916607955,16.264790116464905,16.345788916607955,False,False,True,False,True,False,False,True,False,False,False,False,False,False,False,False,False,False,False
2,3,158.0,30.0478192,31.5372842,14,1,1,1,1,0,0,0,0,0,74050.6329113924,6,79.0,8.860759493670885,4,16.282847171369255,16.29204904211537,16.066802461833923,False,True,False,True,False,False,False,False,True,False,False,False,False,False,False,False,False,False,False
2,2,142.0,30.9628937,28.7565892,17,1,1,0,1,1,0,0,0,1,137323.94366197183,4,71.0,11.971830985915494,5,16.345788916607955,16.785925074816024,16.345788916607955,False,True,False,True,False,False,False,True,False,False,False,False,False,False,False,False,False,False,False
3,3,200.0,30.9628937,28.7565892,18,1,1,1,1,0,1,1,0,0,200000.0,9,66.66666666666667,9.0,6,16.345788916607955,16.785925074816024,16.345788916607955,True,False,False,True,False,False,False,True,False,False,False,False,False,False,False,False,False,False,False
2,2,126.0,30.0662855,31.4744728,26,1,1,1,1,1,1,1,1,1,103174.60317460318,4,63.0,20.634920634920636,9,16.282847171369255,16.29204904211537,16.066802461833923,False,True,False,True,False,True,False,False,False,False,False,False,False,False,False,False,False,False,False
3,3,220.0,30.054415376423,31.008923110908,27,1,1,1,1,1,0,1,1,1,31113.636363636364,9,73.33333333333333,12.272727272727272,8,16.02378508137718,15.366597512397448,16.01134442508541,False,True,False,True,False,True,False,False,False,False,False,False,False,False,False,False,False,False,False
4,4,250.0,31.082957585789,28.032116949628,6,0,0,0,1,1,1,0,0,0,84000.0,16,62.5,2.4,3,16.345788916607955,16.264790116464905,16.345788916607955,False,True,False,True,False,False,False,False,False,False,False,False,False,False,False,False,False,True,False
3,3,165.0,30.0050838,30.9290455,8,0,0,0,1,0,1,0,0,0,38787.878787878784,9,55.0,4.848484848484849,2,16.10616420501588,15.930560647738732,16.01134442508541,False,True,False,True,False,True,False,False,False,False,False,False,False,False,False,False,False,False,False
5,4,805.0,30.917731,30.0636166,8,0,0,0,1,1,1,0,0,1,45962.73291925466,20,161.0,0.9937888198757763,4,16.02378508137718,17.622173069956816,16.01134442508541,False,True,False,True,False,False,False,False,False,False,False,False,False,False,False,False,False,True,False
2,2,123.0,29.9978985,31.63101061,12,0,0,1,1,0,0,0,0,0,32520.325203252032,4,61.5,9.75609756097561,2,15.616501940217244,15.607270193858982,16.066802461833923,False,False,True,True,False,True,False,False,False,False,False,False,False,False,False,False,False,False,False
3,3,164.0,29.98517849,31.04999818,19,1,1,1,1,0,0,1,1,0,145731.70731707316,9,54.666666666666664,11.585365853658537,6,16.10616420501588,16.70097038315765,16.01134442508541,False,True,False,False,True,True,False,False,False,False,False,False,False,False,False,False,False,False,False
4,4,295.0,30.0288434,31.4075884,21,0,1,0,1,0,0,1,0,0,97966.10169491525,16,73.75,7.11864406779661,3,16.087842710858826,17.179352187684735,16.066802461833923,False,True,False,True,False,False,False,False,False,False,False,False,False,False,False,False,False,True,False
2,2,128.0,30.0600801,31.5985531,21,0,0,0,1,1,0,0,0,1,100585.9375,4,64.0,16.40625,3,16.282847171369255,16.29204904211537,16.066802461833923,False,True,False,False,True,True,False,False,False,False,False,False,False,False,False,False,False,False,False
4,4,300.0,30.052395,30.99094,25,1,1,1,1,0,0,1,1,0,50000.0,16,75.0,8.333333333333334,6,16.02378508137718,16.52356082573315,16.01134442508541,False,True,False,True,False,False,False,False,False,False,False,False,False,False,False,True,False,False,False
2,2,120.0,29.3408985,32.5822206,16,1,0,1,0,1,1,1,1,0,65833.33333333333,4,60.0,13.333333333333334,6,15.747032114495013,15.542089306551826,15.747032114495013,True,False,False,True,False,False,False,True,False,False,False,False,False,False,False,False,False,False,False
3,3,158.0,29.966454275652,31.561003306747,18,0,1,1,1,1,1,0,0,0,78354.43037974683,9,52.666666666666664,11.39240506329114,5,16.282847171369255,16.331592905996164,16.066802461833923,False,True,False,False,True,True,False,False,False,False,False,False,False,False,False,False,False,False,False
3,2,155.0,30.0468424,30.998248,13,1,1,1,1,1,1,1,1,1,71199.95483870967,6,51.666666666666664,8.387096774193548,9,16.02378508137718,15.862682968241984,16.01134442508541,False,True,False,False,True,True,False,False,False,False,False,False,False,False,False,False,False,False,False
4,3,330.0,29.9842656,31.540594,32,1,1,1,1,1,1,1,1,1,45454.545454545456,12,82.5,9.696969696969697,9,16.282847171369255,16.29204904211537,16.066802461833923,False,True,False,True,False,False,False,False,False,False,False,False,False,False,False,False,False,True,False
4,4,320.0,30.0758544,31.4716547,8,1,1,1,1,0,0,0,0,0,84375.0,16,80.0,2.5,4,16.282847171369255,16.489659276356317,16.066802461833923,False,True,False,True,False,False,False,False,False,False,False,False,False,False,False,True,False,False,False
3,4,236.0,30.06603,31.48561,18,0,0,1,1,1,1,0,0,1,118644.06779661016,12,78.66666666666667,7.627118644067797,5,16.282847171369255,15.86963441986494,16.066802461833923,False,True,False,True,False,False,False,False,False,False,False,False,False,False,False,False,False,True,False
3,3,285.0,30.006310382392,30.886741296615,29,1,1,1,1,1,1,1,1,0,38596.491228070176,9,95.0,10.175438596491228,8,16.02378508137718,16.15731646026544,16.01134442508541,False,True,False,False,True,False,False,False,False,False,False,False,False,False,False,False,False,True,False
3,3,160.0,30.0713212,31.5772612,27,1,1,1,1,1,1,1,1,0,47250.0,9,53.333333333333336,16.875,8,16.282847171369255,16.29204904211537,16.066802461833923,False,True,False,True,False,True,False,False,False,False,False,False,False,False,False,False,False,False,False
5,5,272.0,30.1158572,31.6235277,0,0,0,0,0,0,0,0,0,0,91371.92647058824,25,54.4,0.0,0,16.088423555642784,16.716932206992077,16.066802461833923,False,True,False,True,False,False,False,False,False,False,False,False,False,False,False,False,False,True,False
6,6,290.0,29.7666672,31.0988357,8,0,1,1,1,1,1,0,0,0,109817.24137931035,36,48.333333333333336,2.7586206896551726,5,16.101268496405105,16.101268496405105,15.851522672265068,False,True,False,False,True,False,False,False,False,False,False,False,False,False,False,False,False,True,False
1,1,108.0,29.9978985,31.63101061,17,1,1,1,1,0,0,1,0,0,55555.555555555555,1,108.0,15.74074074074074,5,15.616501940217244,15.607270193858982,16.066802461833923,False,True,False,True,False,True,False,False,False,False,False,False,False,False,False,False,False,False,False
2,2,149.0,26.8608814,33.944639,5,0,0,1,0,0,1,0,0,0,180536.91275167785,4,74.5,3.3557046979865772,2,16.3394119477972,16.189539487919134,16.233206958474412,False,True,False,False,True,False,False,False,False,False,False,False,True,False,False,False,False,False,False
3,4,154.0,31.075992693113,27.971111509728,37,1,1,1,1,1,0,0,1,1,110389.61038961039,12,51.333333333333336,24.025974025974026,7,16.345788916607955,16.264790116464905,16.345788916607955,False,True,False,True,False,False,False,True,False,False,False,False,False,False,False,False,False,False,False
5,6,620.0,30.0310276,31.5423707,22,0,1,1,1,1,1,0,0,0,67741.93548387097,30,124.0,3.5483870967741935,5,16.282847171369255,16.29204904211537,16.066802461833923,False,True,False,True,False,False,False,False,False,False,False,False,False,False,False,False,False,True,False
3,3,155.0,31.082957585789,28.032116949628,42,1,1,0,1,1,1,1,1,1,100000.0,9,51.666666666666664,27.096774193548388,8,16.345788916607955,16.264790116464905,16.345788916607955,False,True,False,True,False,False,False,False,False,False,False,False,False,False,False,False,True,False,False
3,3,200.0,30.0648376,30.94684,36,1,1,1,1,1,1,1,1,1,32500.0,9,66.66666666666667,18.0,9,16.02378508137718,15.803385043104912,16.01134442508541,False,True,False,True,False,True,False,False,False,False,False,False,False,False,False,False,False,False,False
3,3,155.0,29.963261324748,31.771264172865,0,0,0,0,0,0,0,0,0,0,27883.870967741936,9,51.666666666666664,0.0,0,15.616501940217244,15.384361031701085,16.066802461833923,False,True,False,False,True,True,False,False,False,False,False,False,False,False,False,False,False,False,False
2,2,84.0,30.996363,28.6804318,0,0,0,0,0,0,0,0,0,0,83333.33333333333,4,42.0,0.0,0,16.345788916607955,16.785925074816024,16.345788916607955,True,False,False,True,False,False,False,False,False,False,False,False,True,False,False,False,False,False,False
4,5,450.0,26.864548790147,33.961396939991,49,1,1,1,1,1,1,1,1,1,64444.444444444445,20,112.5,10.88888888888889,9,17.182806422433504,17.182806422433504,16.233206958474412,False,True,False,False,True,False,False,False,False,False,False,False,False,False,False,False,False,True,False
4,4,294.0,31.204643285686,29.972258408593,2,0,0,0,0,1,0,0,0,1,59523.80952380953,16,73.5,0.6802721088435374,2,15.830413711839864,15.8522413701896,15.851522672265068,False,True,False,False,True,False,False,False,False,False,False,False,False,False,False,False,False,True,False
4,5,306.0,29.9842656,31.540594,20,1,0,1,1,0,0,0,1,0,111111.11111111111,20,76.5,6.5359477124183005,4,16.282847171369255,16.29204904211537,16.066802461833923,False,True,False,True,False,False,False,False,False,False,False,False,False,False,False,False,False,True,False
3,3,124.0,30.0639796,30.8829127,50,1,1,1,1,1,1,1,1,1,131451.61290322582,9,41.333333333333336,40.32258064516129,9,16.02378508137718,16.588099342704055,16.01134442508541,False,True,False,False,True,True,False,False,False,False,False,False,False,False,False,False,False,False,False
2,2,125.0,29.9771006,31.5720476,7,0,0,0,0,1,0,0,0,1,110160.0,4,62.5,5.6,2,16.282847171369255,16.200596964551092,16.066802461833923,False,True,False,False,True,True,False,False,False,False,False,False,False,False,False,False,False,False,False
2,2,129.0,29.990186,31.53627878,14,1,1,1,1,1,1,0,0,1,52713.17829457364,4,64.5,10.852713178294573,7,16.282847171369255,16.29204904211537,16.066802461833923,False,True,False,False,True,True,False,False,False,False,False,False,False,False,False,False,False,False,False
3,2,143.0,31.2155235,29.9420061,6,0,1,1,1,0,1,0,0,0,41600.0,6,47.666666666666664,4.195804195804196,4,15.830413711839864,15.805301014415544,15.851522672265068,False,True,False,False,True,True,False,False,False,False,False,False,False,False,False,False,False,False,False
4,5,450.0,30.1208374,31.64358,17,0,1,1,1,1,1,0,0,1,56666.66444444445,20,112.5,3.7777777777777777,6,16.088423555642784,16.80526982826713,16.066802461833923,False,False,True,True,False,False,False,False,False,False,False,False,False,False,False,False,False,True,False
3,3,230.0,30.0109885,31.4966928,2,0,0,1,1,0,0,0,0,0,50000.0,9,76.66666666666667,0.8695652173913044,2,16.282847171369255,16.29204904211537,16.066802461833923,False,True,False,True,False,False,False,False,False,False,False,False,True,False,False,False,False,False,False
4,4,225.0,30.0303648,31.530564,20,1,1,1,1,0,0,1,1,0,84444.44444444444,16,56.25,8.88888888888889,6,16.282847171369255,16.29204904211537,16.066802461833923,False,True,False,True,False,False,False,False,False,False,False,False,False,False,False,False,False,True,False
4,5,330.0,30.9628937,28.7565892,32,1,1,1,1,0,0,1,1,0,212121.21212121213,20,82.5,9.696969696969697,6,16.345788916607955,16.785925074816024,16.345788916607955,False,True,False,True,False,False,False,False,False,False,False,False,False,False,False,False,False,True,False
3,3,158.0,29.9678067,31.5159872,10,1,0,1,0,1,1,0,0,1,41803.79746835443,9,52.666666666666664,6.329113924050633,5,16.282847171369255,16.29204904211537,16.066802461833923,False,True,False,False,True,True,False,False,False,False,False,False,False,False,False,False,False,False,False
2,1,102.0,30.0941611,31.7041108,22,0,1,1,1,1,1,0,0,1,46176.470588235294,2,51.0,21.56862745098039,6,15.82707481102028,15.793051943818522,16.066802461833923,False,True,False,False,True,True,False,False,False,False,False,False,False,False,False,False,False,False,False
4,4,250.0,30.0758544,31.4716547,33,1,1,1,1,0,1,1,1,0,115800.0,16,62.5,13.2,7,16.282847171369255,16.489659276356317,16.066802461833923,False,True,False,True,False,False,False,False,False,False,False,False,False,False,False,True,False,False,False
3,3,165.0,30.14421,31.63972,8,0,0,1,0,0,0,0,0,0,18181.81818181818,9,55.0,4.848484848484849,1,16.088423555642784,15.35237799261728,16.066802461833923,False,True,False,True,False,True,False,False,False,False,False,False,False,False,False,False,False,False,False
4,5,263.0,29.9924715,30.8920785,11,0,0,1,1,1,1,0,0,0,60456.273764258556,20,65.75,4.182509505703422,4,16.10616420501588,16.360729622918004,16.01134442508541,False,False,True,True,False,False,False,False,False,False,False,False,False,False,False,False,False,True,False
3,3,210.0,29.99352595,31.5196573,9,0,0,0,0,1,1,0,0,1,30952.380952380954,9,70.0,4.285714285714286,3,16.282847171369255,16.29204904211537,16.066802461833923,False,True,False,True,False,True,False,False,False,False,False,False,False,False,False,False,False,False,False
3,2,280.0,29.9875186,31.5555302,15,0,0,1,1,1,1,0,0,1,70714.28571428571,6,93.33333333333333,5.357142857142858,5,16.282847171369255,16.29204904211537,16.066802461833923,False,False,True,True,False,False,False,False,False,False,False,False,False,False,False,False,False,True,False
3,3,235.0,30.07349031,31.60085522,3,0,0,1,0,0,0,0,0,0,43468.085106382976,9,78.33333333333333,1.276595744680851,1,16.282847171369255,16.29204904211537,16.066802461833923,False,False,True,False,True,False,False,False,False,False,False,False,False,False,False,False,False,False,True
6,6,600.0,31.2135223,29.9200615,4,0,0,0,0,0,0,0,0,0,20833.333333333332,36,100.0,0.6666666666666666,0,16.142490830662076,16.142490830662076,15.851522672265068,False,True,False,True,False,True,False,False,False,False,False,False,False,False,False,False,False,False,False
3,4,200.0,31.0842803,28.1066088,17,1,1,1,0,0,0,1,1,0,150000.0,12,66.66666666666667,8.5,5,16.345788916607955,16.264790116464905,16.345788916607955,False,True,False,False,True,False,False,False,False,False,False,False,False,False,False,True,False,False,False
3,2,120.0,30.8224695,28.954309,22,1,1,0,1,1,1,1,1,1,75000.0,6,40.0,18.333333333333336,8,16.345788916607955,15.76142084987672,16.345788916607955,False,True,False,False,True,False,False,True,False,False,False,False,False,False,False,False,False,False,False
4,4,320.0,30.09177585,31.6426486,23,0,0,1,1,1,1,0,0,1,65625.0,16,80.0,7.1875,5,15.93111255107345,15.88868261241667,16.066802461833923,False,True,False,True,False,False,False,False,False,False,False,False,False,False,False,False,False,True,False
2,2,115.0,30.06805,31.406379,32,1,1,1,1,1,0,1,1,0,43478.260869565216,4,57.5,27.826086956521742,7,16.282847171369255,16.489659276356317,16.066802461833923,False,False,True,False,True,True,False,False,False,False,False,False,False,False,False,False,False,False,False
3,3,211.0,30.09177585,31.6426486,22,1,0,0,1,1,1,0,0,0,66350.71090047393,9,70.33333333333333,10.42654028436019,4,15.93111255107345,15.88868261241667,16.066802461833923,False,True,False,False,True,False,False,False,False,False,False,False,False,False,False,False,False,True,False
2,2,132.0,29.9978985,31.63101061,14,1,1,1,0,1,0,1,0,1,56818.181818181816,4,66.0,10.606060606060606,6,15.616501940217244,15.607270193858982,16.066802461833923,False,True,False,True,False,True,False,False,False,False,False,False,False,False,False,False,False,False,False
1,1,75.0,27.381748090198,33.660505904296,6,0,0,0,0,0,1,0,0,0,162000.0,1,75.0,8.0,1,16.807478748496784,16.312839810055355,16.233206958474412,True,False,False,True,False,False,False,True,False,False,False,False,False,False,False,False,False,False,False
2,2,135.0,29.9875186,31.5555302,0,0,0,0,0,0,0,0,0,0,62222.22222222222,4,67.5,0.0,0,16.282847171369255,16.29204904211537,16.066802461833923,False,True,False,True,False,True,False,False,False,False,False,False,False,False,False,False,False,False,False
2,2,110.0,30.0941611,31.7041108,8,0,0,0,1,0,1,0,0,0,37363.63636363636,4,55.0,7.2727272727272725,2,15.82707481102028,15.793051943818522,16.066802461833923,False,True,False,False,True,True,False,False,False,False,False,False,False,False,False,False,False,False,False
4,4,300.0,29.9308114,31.0876497,9,1,1,1,0,0,0,0,0,0,19333.333333333332,16,75.0,3.0,3,15.279199431073042,15.701270103510215,16.01134442508541,False,True,False,True,False,False,False,False,False,False,False,False,True,False,False,False,False,False,False
3,3,178.0,30.0478192,31.5372842,10,0,0,1,0,0,1,0,0,0,94662.9213483146,9,59.333333333333336,5.617977528089887,2,16.282847171369255,16.29204904211537,16.066802461833923,False,False,True,True,False,False,False,False,False,False,False,False,True,False,False,False,False,False,False
3,3,159.0,30.0445728,31.0243959,29,1,1,1,1,0,1,1,1,0,69182.38993710691,9,53.0,18.238993710691823,7,16.02378508137718,16.115740211329367,16.01134442508541,False,True,False,True,False,True,False,False,False,False,False,False,False,False,False,False,False,False,False
2,2,125.0,29.976979,31.7797175,21,0,0,1,1,1,1,0,0,1,41600.0,4,62.5,16.8,5,15.616501940217244,15.384361031701085,16.066802461833923,False,True,False,False,True,True,False,False,False,False,False,False,False,False,False,False,False,False,False
2,2,140.0,30.9628937,28.7565892,20,0,0,1,0,1,1,0,0,1,285714.28571428574,4,70.0,14.285714285714286,4,16.345788916607955,16.785925074816024,16.345788916607955,True,False,False,True,False,False,False,True,False,False,False,False,False,False,False,False,False,False,False
6,6,500.0,30.14421,31.63972,19,1,0,1,1,1,1,0,0,0,60000.0,36,83.33333333333333,3.8,5,16.088423555642784,17.24897723248688,16.066802461833923,True,False,False,True,False,False,False,False,False,False,False,False,False,False,False,False,False,True,False
3,3,150.0,31.0728268,28.3669755,7,0,0,1,0,1,1,0,0,1,32666.666666666668,9,50.0,4.666666666666667,4,16.345788916607955,15.540504510245132,16.345788916607955,True,False,False,True,False,False,False,True,False,False,False,False,False,False,False,False,False,False,False
3,3,167.0,30.0713212,31.5772612,12,1,1,1,1,0,0,0,0,0,44910.17964071856,9,55.666666666666664,7.185628742514971,4,16.282847171369255,16.29204904211537,16.066802461833923,False,True,False,True,False,True,False,False,False,False,False,False,False,False,False,False,False,False,False
3,3,185.0,29.9942411,31.5091649,0,0,0,0,0,0,0,0,0,0,40540.54054054054,9,61.666666666666664,0.0,0,16.282847171369255,16.29204904211537,16.066802461833923,False,True,False,True,False,True,False,False,False,False,False,False,False,False,False,False,False,False,False
3,2,200.0,29.988206350003,31.476730158727,0,0,0,0,0,0,0,0,0,0,21500.0,6,66.66666666666667,0.0,0,16.282847171369255,16.29204904211537,16.066802461833923,False,True,False,True,False,True,False,False,False,False,False,False,False,False,False,False,False,False,False
3,2,150.0,30.0091323,31.4297898,8,0,0,0,0,0,1,0,0,0,27333.333333333332,6,50.0,5.333333333333333,1,16.282847171369255,16.29204904211537,16.066802461833923,False,True,False,True,False,True,False,False,False,False,False,False,False,False,False,False,False,False,False
3,3,209.0,29.9672137,31.5208047,17,1,0,1,1,1,1,0,0,1,40669.85645933014,9,69.66666666666667,8.133971291866029,6,16.282847171369255,16.29204904211537,16.066802461833923,False,True,False,False,True,True,False,False,False,False,False,False,False,False,False,False,False,False,False
3,3,170.0,30.07349031,31.60085522,0,0,0,0,0,0,0,0,0,0,82352.94117647059,9,56.666666666666664,0.0,0,16.282847171369255,16.29204904211537,16.066802461833923,False,True,False,False,True,True,False,False,False,False,False,False,False,False,False,False,False,False,False
2,2,158.0,30.9628937,28.7565892,6,0,0,0,1,1,1,0,0,0,142405.06329113923,4,79.0,3.7974683544303796,3,16.345788916607955,16.785925074816024,16.345788916607955,False,True,False,True,False,False,False,True,False,False,False,False,False,False,False,False,False,False,False
5,4,292.0,30.0808981,31.4880764,5,0,0,1,0,0,0,0,0,0,71527.39726027397,20,58.4,1.7123287671232876,1,16.282847171369255,16.489659276356317,16.066802461833923,False,True,False,False,True,False,False,False,False,False,False,False,False,False,False,True,False,False,False
6,7,581.0,31.0748331,28.0612823,14,0,0,1,1,1,1,0,0,1,72289.15662650602,42,96.83333333333333,2.4096385542168677,5,16.345788916607955,17.128471962635032,16.345788916607955,False,False,True,True,False,False,False,False,False,False,False,False,False,False,False,False,False,True,False
3,2,180.0,30.0091323,31.4297898,5,0,0,1,0,0,1,0,0,0,26111.11111111111,6,60.0,2.7777777777777777,2,16.282847171369255,16.29204904211537,16.066802461833923,False,True,False,True,False,True,False,False,False,False,False,False,False,False,False,False,False,False,False
2,1,135.0,29.9996989,31.4315722,0,0,0,0,0,0,0,0,0,0,35555.555555555555,2,67.5,0.0,0,16.282847171369255,16.29204904211537,16.066802461833923,False,True,False,True,False,True,False,False,False,False,False,False,False,False,False,False,False,False,False
3,3,205.0,30.0696585,31.5454876,24,0,0,1,1,1,1,0,0,1,23231.70731707317,9,68.33333333333333,11.707317073170733,5,16.282847171369255,16.29204904211537,16.066802461833923,False,True,False,False,True,True,False,False,False,False,False,False,False,False,False,False,False,False,False
2,3,125.0,30.0669117,31.3375553,12,0,0,1,1,0,0,0,0,0,30400.0,6,62.5,9.6,2,15.82707481102028,15.687312888712007,16.066802461833923,False,True,False,False,True,True,False,False,False,False,False,False,False,False,False,False,False,False,False
0,1,50.0,30.16484,31.55426,26,0,1,1,1,1,1,1,0,0,70000.0,0,60.0,52.0,6,15.82707481102028,15.068273812173887,16.066802461833923,False,False,True,False,True,True,False,False,False,False,False,False,False,False,False,False,False,False,False
3,4,400.0,30.0074176,31.4887433,21,1,1,1,0,1,1,0,0,1,61500.0,12,133.33333333333334,5.25,6,16.282847171369255,16.29204904211537,16.066802461833923,False,True,False,True,False,False,False,False,False,False,False,False,False,False,False,False,True,False,False
3,3,350.0,30.9447479,28.7978345,4,0,0,0,0,1,0,0,0,1,42857.142857142855,9,116.66666666666667,1.1428571428571428,2,16.345788916607955,16.785925074816024,16.345788916607955,False,False,True,True,False,False,False,True,False,False,False,False,False,False,False,False,False,False,False
3,3,208.0,29.954044893872,31.567046406747,19,1,1,1,1,0,0,0,0,0,105769.23076923077,9,69.33333333333333,9.134615384615385,4,16.282847171369255,16.200596964551092,16.066802461833923,False,True,False,False,True,False,False,False,True,False,False,False,False,False,False,False,False,False,False
3,3,126.0,31.0814176,28.0817098,9,1,1,0,1,1,1,0,0,0,68944.44444444444,9,42.0,7.142857142857143,5,16.345788916607955,16.264790116464905,16.345788916607955,False,False,True,False,True,False,False,True,False,False,False,False,False,False,False,False,False,False,False
2,2,108.0,29.9771006,31.5720476,8,0,0,1,0,0,1,0,0,0,69120.37037037036,4,54.0,7.4074074074074066,2,16.282847171369255,16.200596964551092,16.066802461833923,False,True,False,False,True,True,False,False,False,False,False,False,False,False,False,False,False,False,False
4,4,300.0,29.9842656,31.540594,14,0,0,1,1,0,0,0,0,0,50000.0,16,75.0,4.666666666666667,2,16.282847171369255,16.29204904211537,16.066802461833923,False,False,True,True,False,False,False,False,False,False,False,False,False,False,False,False,True,False,False
3,3,160.0,29.9842757,31.3346859,0,0,0,0,0,0,0,0,0,0,20000.0,9,53.333333333333336,0.0,0,16.087842710858826,14.946392430117784,16.066802461833923,False,True,False,True,False,True,False,False,False,False,False,False,False,False,False,False,False,False,False
1,1,77.0,27.2579,33.81161,15,1,0,0,1,1,1,0,0,1,65000.0,1,77.0,19.48051948051948,5,15.201805169084134,15.1650105090054,16.233206958474412,False,True,False,True,False,True,False,False,False,False,False,False,False,False,False,False,False,False,False
3,2,194.0,30.0268356,31.493173,5,0,0,1,0,0,0,0,0,0,38659.79381443299,6,64.66666666666667,2.577319587628866,1,16.282847171369255,16.29204904211537,16.066802461833923,False,True,False,True,False,True,False,False,False,False,False,False,False,False,False,False,False,False,False
1,1,75.0,29.9842656,31.540594,0,0,0,0,0,0,0,0,0,0,97333.33333333333,1,75.0,0.0,0,16.282847171369255,16.29204904211537,16.066802461833923,False,False,True,True,False,True,False,False,False,False,False,False,False,False,False,False,False,False,False
3,3,210.0,29.9980428,31.5483088,10,0,0,0,0,1,1,0,0,0,40476.19047619047,9,70.0,4.761904761904762,2,16.282847171369255,16.29204904211537,16.066802461833923,False,True,False,True,False,True,False,False,False,False,False,False,False,False,False,False,False,False,False
3,3,220.0,30.0057578,31.036498,16,1,1,1,1,1,1,1,0,0,136363.63636363635,9,73.33333333333333,7.2727272727272725,7,16.10616420501588,16.938854599626616,16.01134442508541,False,True,False,True,False,False,False,False,False,False,False,False,False,False,False,True,False,False,False
1,1,56.0,29.39286,32.5399151,28,1,1,1,1,1,1,1,1,0,82142.85714285714,1,56.0,49.99999999999999,8,15.747032114495013,16.15731646026544,15.747032114495013,False,True,False,False,True,False,False,True,False,False,False,False,False,False,False,False,False,False,False
3,3,180.0,30.99104,30.0537,0,0,0,0,0,0,0,0,0,0,26666.666666666668,9,60.0,0.0,0,16.02378508137718,15.585265227956793,16.01134442508541,False,True,False,True,False,True,False,False,False,False,False,False,False,False,False,False,False,False,False
3,3,136.0,31.3543445,27.2373159,32,1,1,1,1,1,1,1,1,0,134867.64705882352,9,45.333333333333336,23.52941176470588,8,16.345788916607955,16.264790116464905,16.345788916607955,False,True,False,False,True,False,False,True,False,False,False,False,False,False,False,False,False,False,False
2,3,126.0,30.0941611,31.7041108,12,0,1,1,1,1,1,0,0,0,35714.28571428572,6,63.0,9.523809523809524,5,15.82707481102028,15.793051943818522,16.066802461833923,False,True,False,True,False,True,False,False,False,False,False,False,False,False,False,False,False,False,False
4,4,180.0,31.07192223,28.22889797,6,0,0,0,0,0,1,0,0,0,86927.77777777778,16,45.0,3.333333333333333,1,16.345788916607955,16.491037636231447,16.345788916607955,False,False,True,False,True,False,False,False,False,False,False,False,False,False,False,True,False,False,False
3,3,135.0,31.0789366,28.1843221,22,1,1,1,1,1,1,1,1,1,85718.51851851853,9,45.0,16.296296296296294,9,16.345788916607955,16.264790116464905,16.345788916607955,False,False,True,True,False,False,False,True,False,False,False,False,False,False,False,False,False,False,False
6,4,380.0,30.06603,31.48561,30,1,1,1,1,1,1,1,1,1,19736.842105263157,24,63.333333333333336,7.894736842105264,9,16.282847171369255,15.86963441986494,16.066802461833923,False,True,False,True,False,False,False,False,False,False,False,False,False,False,False,False,False,True,False
4,4,248.0,30.0556215,31.0263428,18,1,1,1,1,0,0,1,1,0,120967.74193548386,16,62.0,7.258064516129032,6,16.02378508137718,16.503358119776173,16.01134442508541,False,True,False,False,True,False,False,False,False,False,False,False,False,False,False,False,False,True,False
2,2,120.0,30.834438,28.963224,5,0,0,0,0,1,1,0,0,1,70000.0,4,60.0,4.166666666666667,3,16.345788916607955,15.76142084987672,16.345788916607955,False,False,True,True,False,False,False,True,False,False,False,False,False,False,False,False,False,False,False
3,2,120.0,31.0814176,28.0817098,21,1,0,1,0,1,1,0,0,1,62500.0,6,40.0,17.5,5,16.345788916607955,16.264790116464905,16.345788916607955,False,True,False,False,True,False,False,True,False,False,False,False,False,False,False,False,False,False,False
3,3,169.0,29.91637,31.06103,44,1,1,1,1,1,1,1,1,1,26627.21893491124,9,56.333333333333336,26.035502958579883,9,15.279199431073042,15.10749451433816,16.01134442508541,False,True,False,False,True,True,False,False,False,False,False,False,False,False,False,False,False,False,False
2,2,115.0,30.10352719841,30.872270093253,0,0,0,0,0,0,0,0,0,0,59173.913043478264,4,57.5,0.0,0,16.02378508137718,15.764840252890174,16.01134442508541,False,False,True,False,True,True,False,False,False,False,False,False,False,False,False,False,False,False,False
4,3,175.0,30.9628937,28.7565892,15,0,0,1,1,1,1,0,0,1,182857.14285714287,12,43.75,8.571428571428571,5,16.345788916607955,16.785925074816024,16.345788916607955,True,False,False,True,False,False,False,False,False,False,False,False,False,False,False,False,False,True,False
2,3,155.0,30.0600801,31.5985531,18,1,1,1,1,0,0,1,1,0,50322.58064516129,6,77.5,11.612903225806452,6,16.282847171369255,16.29204904211537,16.066802461833923,False,False,True,True,False,True,False,False,False,False,False,False,False,False,False,False,False,False,False
3,2,140.0,29.9308114,31.0876497,28,1,1,1,1,1,1,1,1,1,34642.857142857145,6,46.666666666666664,20.0,9,15.279199431073042,15.701270103510215,16.01134442508541,False,False,True,True,False,True,False,False,False,False,False,False,False,False,False,False,False,False,False
3,2,136.0,31.2155235,29.9420061,1,0,0,0,0,1,0,0,0,0,39705.882352941175,6,45.333333333333336,0.7352941176470588,1,15.830413711839864,15.805301014415544,15.851522672265068,False,True,False,False,True,True,False,False,False,False,False,False,False,False,False,False,False,False,False
4,3,206.0,30.0941611,31.7041108,10,0,0,1,1,0,0,0,0,0,36798.23300970874,12,51.5,4.854368932038835,2,15.82707481102028,15.793051943818522,16.066802461833923,False,True,False,True,False,True,False,False,False,False,False,False,False,False,False,False,False,False,False
3,3,211.0,30.06603,31.48561,10,0,0,0,0,1,1,0,0,1,60426.54028436019,9,70.33333333333333,4.739336492890995,3,16.282847171369255,15.86963441986494,16.066802461833923,False,True,False,True,False,True,False,False,False,False,False,False,False,False,False,False,False,False,False
3,2,150.0,31.25568,29.98389,3,0,0,0,0,0,0,0,0,0,27666.666666666668,6,50.0,2.0,0,14.991198496069774,14.991198496069774,15.851522672265068,False,True,False,True,False,True,False,False,False,False,False,False,False,False,False,False,False,False,False
3,3,165.0,30.0091323,31.4297898,2,0,0,0,0,0,0,0,0,0,34515.15151515151,9,55.0,1.2121212121212122,0,16.282847171369255,16.29204904211537,16.066802461833923,False,True,False,False,True,True,False,False,False,False,False,False,False,False,False,False,False,False,False
4,4,430.0,29.9924715,30.8920785,14,0,0,1,1,0,0,0,0,0,46511.62790697674,16,107.5,3.255813953488372,2,16.10616420501588,16.360729622918004,16.01134442508541,False,False,True,True,False,False,False,False,False,False,False,False,False,False,False,False,False,True,False
3,2,156.0,30.0268356,31.493173,13,0,0,0,0,1,1,0,0,1,35256.41025641026,6,52.0,8.333333333333334,3,16.282847171369255,16.29204904211537,16.066802461833923,False,True,False,True,False,True,False,False,False,False,False,False,False,False,False,False,False,False,False
0,0,600.0,30.0696585,31.5454876,0,0,0,0,0,0,0,0,0,0,11666.666666666666,0,60.0,0.0,0,16.282847171369255,16.29204904211537,16.066802461833923,False,True,False,True,False,False,False,False,False,False,True,False,False,False,False,False,False,False,False
3,3,165.0,30.07349031,31.60085522,11,0,1,1,0,0,0,0,0,0,63636.36363636364,9,55.0,6.666666666666667,2,16.282847171369255,16.29204904211537,16.066802461833923,False,True,False,False,True,True,False,False,False,False,False,False,False,False,False,False,False,False,False
3,2,135.0,31.204643285686,29.972258408593,8,0,0,0,0,1,1,0,0,1,41481.48148148148,6,45.0,5.925925925925926,3,15.830413711839864,15.8522413701896,15.851522672265068,False,True,False,False,True,True,False,False,False,False,False,False,False,False,False,False,False,False,False
3,3,196.0,30.0790696,30.9728019,8,0,0,1,1,1,1,0,0,0,61224.489795918365,9,65.33333333333333,4.081632653061225,4,16.02378508137718,16.300417291085605,16.01134442508541,False,True,False,True,False,True,False,False,False,False,False,False,False,False,False,False,False,False,False
2,2,131.0,30.153125250041,31.645421749033,45,1,1,1,1,1,1,1,1,1,25954.198473282442,4,65.5,34.351145038167935,9,16.088423555642784,15.068273812173887,16.066802461833923,False,True,False,False,True,True,False,False,False,False,False,False,False,False,False,False,False,False,False
3,3,160.0,30.0139101,31.5062339,4,0,0,0,0,0,0,0,0,0,142937.5,9,53.333333333333336,2.5,0,16.282847171369255,16.29204904211537,16.066802461833923,False,False,True,True,False,False,False,False,False,False,False,False,True,False,False,False,False,False,False
3,2,123.0,30.0395901,31.6985965,0,0,0,0,0,0,0,0,0,0,23089.43089430894,6,41.0,0.0,0,15.616501940217244,15.458189997639176,16.066802461833923,False,False,True,True,False,True,False,False,False,False,False,False,False,False,False,False,False,False,False
2,2,130.0,30.019871652542,31.47554109258,13,0,0,1,1,0,0,0,0,0,107692.30769230769,4,65.0,10.0,2,16.282847171369255,16.454567959008102,16.066802461833923,False,True,False,True,False,False,False,False,False,False,False,False,True,False,False,False,False,False,False
4,3,205.0,31.208442946995,29.939799250338,6,0,0,1,0,1,0,0,0,1,58536.58536585366,12,51.25,2.9268292682926833,3,15.830413711839864,16.300417291085605,15.851522672265068,False,True,False,False,True,True,False,False,False,False,False,False,False,False,False,False,False,False,False
3,3,158.0,31.17310014,29.9287022,14,1,0,0,1,1,1,0,0,1,66000.0,9,52.666666666666664,8.860759493670885,5,16.16000514993119,16.16000514993119,15.851522672265068,False,True,False,False,True,True,False,False,False,False,False,False,False,False,False,False,False,False,False
2,2,167.0,30.0102788,31.5379067,0,0,0,0,0,0,0,0,0,0,122754.49101796407,4,83.5,0.0,0,16.282847171369255,16.29204904211537,16.066802461833923,True,False,False,True,False,True,False,False,False,False,False,False,False,False,False,False,False,False,False
5,3,230.0,30.0029471,31.595582,19,1,1,1,1,0,0,0,0,1,81643.47826086957,15,46.0,8.260869565217392,5,15.616501940217244,16.956410275190038,16.066802461833923,False,True,False,True,False,False,False,False,False,False,False,False,False,False,False,True,False,False,False
2,2,100.0,27.4148421,33.6754852,50,1,1,1,1,1,1,1,1,1,220000.0,4,50.0,50.0,9,16.807478748496784,16.86951178681205,16.233206958474412,False,True,False,True,False,False,False,False,False,False,False,False,False,False,False,False,False,True,False
4,3,330.0,30.1233727,31.6306056,8,0,0,1,1,0,0,0,0,0,54545.454545454544,12,82.5,2.4242424242424243,2,16.088423555642784,16.83885804718937,16.066802461833923,True,False,False,True,False,True,False,False,False,False,False,False,False,False,False,False,False,False,False
3,3,235.0,30.0102788,31.5379067,10,1,1,1,0,0,0,0,0,0,106382.97872340426,9,78.33333333333333,4.25531914893617,3,16.282847171369255,16.29204904211537,16.066802461833923,False,False,True,True,False,True,False,False,False,False,False,False,False,False,False,False,False,False,False
2,2,115.0,30.163528044741,31.677762679717,14,1,1,1,1,1,0,1,0,0,85217.39130434782,4,57.5,12.173913043478262,6,16.300417291085605,16.066802461833923,16.066802461833923,False,True,False,False,True,True,False,False,False,False,False,False,False,False,False,False,False,False,False
1,1,99.0,29.9711539,31.7296274,25,1,1,1,1,1,0,1,1,0,65656.56565656565,1,99.0,25.252525252525253,7,15.616501940217244,15.687312888712007,16.066802461833923,False,True,False,True,False,True,False,False,False,False,False,False,False,False,False,False,False,False,False
2,3,130.0,30.166137,31.6680496,8,0,0,0,0,1,1,0,0,0,51538.46153846154,6,65.0,6.153846153846153,2,16.300417291085605,16.486367704879513,16.066802461833923,False,True,False,True,False,True,False,False,False,False,False,False,False,False,False,False,False,False,False
3,3,180.0,29.99352595,31.5196573,2,0,0,0,0,0,0,0,0,0,27500.0,9,60.0,1.1111111111111112,0,16.282847171369255,16.29204904211537,16.066802461833923,False,False,True,True,False,True,False,False,False,False,False,False,False,False,False,False,False,False,False
3,1,138.0,29.91637,31.06103,8,0,0,0,0,0,0,0,0,0,35217.391304347824,3,46.0,5.797101449275363,0,15.279199431073042,15.10749451433816,16.01134442508541,False,True,False,False,True,True,False,False,False,False,False,False,False,False,False,False,False,False,False
3,2,210.0,31.43093,31.7656,0,0,0,0,0,0,0,0,0,0,21047.619047619046,6,70.0,0.0,0,15.286724002151303,15.286724002151303,15.271797524004405,False,True,False,False,True,True,False,False,False,False,False,False,False,False,False,False,False,False,False
3,3,215.0,29.9842656,31.540594,0,0,0,0,0,0,0,0,0,0,84790.69767441861,9,71.66666666666667,0.0,0,16.282847171369255,16.29204904211537,16.066802461833923,False,True,False,True,False,False,False,False,False,False,False,False,False,False,False,True,False,False,False
3,2,205.0,30.0319422,30.9694826,0,0,0,0,0,0,0,0,0,0,52682.92682926829,6,68.33333333333333,0.0,0,16.02378508137718,15.444751293772967,16.01134442508541,True,False,False,True,False,True,False,False,False,False,False,False,False,False,False,False,False,False,False
3,2,178.0,29.9308114,31.0876497,24,1,1,1,1,1,1,0,0,1,72359.55056179775,6,59.333333333333336,13.48314606741573,7,15.279199431073042,15.701270103510215,16.01134442508541,False,True,False,True,False,True,False,False,False,False,False,False,False,False,False,False,False,False,False
3,3,162.0,30.449606176555,30.317488584155,65,1,1,1,1,1,1,1,1,1,35098.765432098764,9,54.0,40.123456790123456,9,16.02378508137718,15.553517747063626,16.01134442508541,False,True,False,True,False,True,False,False,False,False,False,False,False,False,False,False,False,False,False
2,1,105.0,30.0941611,31.7041108,10,0,1,1,0,1,1,0,0,0,49523.80952380953,2,52.5,9.523809523809524,4,15.82707481102028,15.793051943818522,16.066802461833923,False,True,False,True,False,True,False,False,False,False,False,False,False,False,False,False,False,False,False
5,4,465.0,30.0298525,31.4494041,13,0,0,1,1,0,0,0,0,0,79569.89247311828,20,93.0,2.7956989247311825,2,16.282847171369255,16.29204904211537,16.066802461833923,False,True,False,True,False,False,False,False,False,False,False,False,False,False,False,False,False,True,False
4,3,328.0,29.7666672,31.0988357,6,0,0,1,0,1,0,0,0,1,45731.70731707317,12,82.0,1.829268292682927,3,16.101268496405105,16.101268496405105,15.851522672265068,False,True,False,True,False,False,False,False,False,False,False,False,False,False,False,False,False,True,False
3,3,186.0,30.051488670818,30.932802884166,49,1,1,1,1,1,1,1,1,1,44354.83870967742,9,62.0,26.344086021505376,9,16.02378508137718,16.454567959008102,16.01134442508541,False,True,False,True,False,False,False,False,False,False,False,False,False,False,False,False,False,True,False
2,2,101.0,29.3088415,32.5997754,20,1,1,1,1,0,0,1,1,0,61386.13861386139,4,50.5,19.801980198019802,6,15.747032114495013,15.64006001130563,15.747032114495013,False,True,False,True,False,False,False,True,False,False,False,False,False,False,False,False,False,False,False
3,3,190.0,30.0600801,31.5985531,11,0,1,0,1,1,1,0,0,0,100821.05263157895,9,63.333333333333336,5.7894736842105265,4,16.282847171369255,16.29204904211537,16.066802461833923,False,True,False,False,True,False,False,False,False,False,False,False,False,False,False,True,False,False,False
3,4,200.0,29.8561331,30.9018623,18,1,1,1,1,0,0,1,1,0,55000.0,12,66.66666666666667,9.0,6,16.10616420501588,16.19413042991272,16.01134442508541,False,True,False,False,True,False,False,False,False,False,False,False,False,False,False,False,False,True,False
3,3,171.0,30.0713212,31.5772612,0,0,0,0,0,0,0,0,0,0,56725.14619883041,9,57.0,0.0,0,16.282847171369255,16.29204904211537,16.066802461833923,False,True,False,True,False,True,False,False,False,False,False,False,False,False,False,False,False,False,False
4,4,227.0,29.9796998,31.3680378,45,1,1,1,1,1,1,1,1,1,61674.00881057269,16,56.75,19.823788546255507,9,16.087842710858826,16.454567959008102,16.066802461833923,False,True,False,False,True,False,False,False,False,False,False,False,True,False,False,False,False,False,False
5,6,282.0,30.0288434,31.4075884,23,1,1,1,1,0,0,1,1,0,95781.5780141844,30,56.4,8.156028368794328,6,16.282847171369255,16.29204904211537,16.066802461833923,False,True,False,True,False,False,False,False,False,False,False,False,False,False,False,True,False,False,False
3,2,122.0,31.3543445,27.2373159,5,1,0,0,0,0,0,0,0,0,139344.26229508198,6,40.666666666666664,4.098360655737705,1,16.345788916607955,16.264790116464905,16.345788916607955,False,True,False,False,True,False,False,True,False,False,False,False,False,False,False,False,False,False,False
4,4,280.0,30.0466368,31.6336039,37,1,1,1,1,1,1,1,1,0,41071.42857142857,16,70.0,13.214285714285715,8,15.82707481102028,16.257857680289998,16.066802461833923,False,True,False,True,False,False,False,False,False,False,False,False,False,False,False,True,False,False,False
2,1,110.0,29.39286,32.5399151,25,1,1,1,1,0,1,1,1,0,94545.45454545454,2,55.0,22.727272727272727,7,15.747032114495013,16.15731646026544,15.747032114495013,False,False,True,True,False,False,False,True,False,False,False,False,False,False,False,False,False,False,False
2,2,121.0,29.994010532772,30.903960694654,4,0,0,0,0,1,1,0,0,0,36363.63636363636,4,60.5,3.3057851239669422,2,16.10616420501588,15.29711532616119,16.01134442508541,False,True,False,False,True,True,False,False,False,False,False,False,False,False,False,False,False,False,False
3,2,177.0,30.0074176,31.4887433,8,0,0,0,0,1,1,0,0,0,87005.64971751413,6,59.0,4.519774011299435,2,16.282847171369255,16.29204904211537,16.066802461833923,False,True,False,False,True,True,False,False,False,False,False,False,False,False,False,False,False,False,False
3,3,168.0,30.0478192,31.5372842,0,0,0,0,0,0,0,0,0,0,62500.0,9,56.0,0.0,0,16.282847171369255,16.29204904211537,16.066802461833923,False,True,False,True,False,True,False,False,False,False,False,False,False,False,False,False,False,False,False
3,3,186.0,30.051488670818,30.932802884166,27,1,1,1,1,1,1,1,1,1,75268.81720430107,9,62.0,14.516129032258064,9,16.02378508137718,16.454567959008102,16.01134442508541,False,True,False,False,True,True,False,False,False,False,False,False,False,False,False,False,False,False,False
3,3,200.0,29.96820431083,31.794533164418,17,1,1,1,1,0,0,1,1,0,28000.0,9,66.66666666666667,8.5,6,15.616501940217244,15.384361031701085,16.066802461833923,False,True,False,False,True,True,False,False,False,False,False,False,False,False,False,False,False,False,False
3,2,150.0,29.3408985,32.5822206,16,1,1,1,1,1,1,1,1,1,26666.666666666668,6,50.0,10.666666666666666,9,15.747032114495013,15.542089306551826,15.747032114495013,False,False,True,True,False,False,False,True,False,False,False,False,False,False,False,False,False,False,False
3,2,125.0,30.0753933,31.6265648,0,0,0,0,0,0,0,0,0,0,104000.0,6,41.666666666666664,0.0,0,15.82707481102028,16.221521518404195,16.066802461833923,False,True,False,False,True,True,False,False,False,False,False,False,False,False,False,False,False,False,False
2,1,80.0,30.024231608038,30.968810549077,0,0,0,0,0,0,0,0,0,0,37500.0,2,40.0,0.0,0,16.02378508137718,15.627681187785777,16.01134442508541,False,True,False,True,False,True,False,False,False,False,False,False,False,False,False,False,False,False,False
5,5,264.0,30.2013484,31.6804732,10,0,0,1,0,0,1,1,1,0,75757.57575757576,25,52.8,3.7878787878787876,4,16.088423555642784,16.15957650726579,16.066802461833923,False,True,False,True,False,False,False,False,False,False,False,False,False,False,False,False,False,True,False
3,2,153.0,29.7666672,31.0988357,6,0,0,1,0,1,0,0,0,1,41176.470588235294,6,51.0,3.9215686274509802,3,16.101268496405105,16.101268496405105,15.851522672265068,False,True,False,True,False,True,False,False,False,False,False,False,False,False,False,False,False,False,False
4,4,215.0,29.9308114,31.0876497,49,1,1,1,1,1,1,1,1,1,60465.11627906977,16,53.75,22.790697674418606,9,15.279199431073042,15.701270103510215,16.01134442508541,False,True,False,True,False,False,False,False,False,False,False,False,False,False,False,True,False,False,False
2,3,153.0,30.0455507,31.6578556,8,0,0,0,0,1,1,0,0,0,41849.67320261438,6,76.5,5.228758169934641,2,15.82707481102028,15.717618233614914,16.066802461833923,False,True,False,False,True,True,False,False,False,False,False,False,False,False,False,False,False,False,False
4,3,169.0,30.05888030941,31.017767063748,27,1,1,1,1,1,1,0,0,1,53000.0,12,42.25,15.976331360946746,7,16.02378508137718,15.932078710183575,16.01134442508541,False,True,False,False,True,True,False,False,False,False,False,False,False,False,False,False,False,False,False
4,4,384.0,30.1158572,31.6235277,32,1,1,1,1,1,1,1,1,1,39062.5,16,96.0,8.333333333333334,9,16.088423555642784,16.716932206992077,16.066802461833923,False,True,False,True,False,False,False,False,False,False,False,False,False,False,False,False,True,False,False
3,2,135.0,30.09177585,31.6426486,16,0,0,0,1,1,0,0,0,0,49629.62962962963,6,45.0,11.851851851851851,2,15.93111255107345,15.88868261241667,16.066802461833923,False,True,False,True,False,True,False,False,False,False,False,False,False,False,False,False,False,False,False
2,1,90.0,30.0009056,30.9008539,49,1,1,1,1,1,1,1,1,1,70000.0,2,45.0,54.44444444444444,9,16.10616420501588,15.684848316063478,16.01134442508541,False,True,False,True,False,True,False,False,False,False,False,False,False,False,False,False,False,False,False
3,3,169.0,30.0941611,31.7041108,27,1,1,1,1,1,1,1,1,0,44230.769230769234,9,56.333333333333336,15.976331360946746,8,15.82707481102028,15.793051943818522,16.066802461833923,False,True,False,True,False,True,False,False,False,False,False,False,False,False,False,False,False,False,False
2,2,135.0,30.0364702,31.5525584,14,1,1,1,1,1,1,0,0,1,53333.333333333336,4,67.5,10.37037037037037,7,16.282847171369255,16.29204904211537,16.066802461833923,False,True,False,False,True,True,False,False,False,False,False,False,False,False,False,False,False,False,False
4,5,224.0,29.9779855,31.7467774,33,1,1,1,1,1,0,1,1,1,65625.0,20,56.0,14.732142857142856,8,15.616501940217244,15.671808704579888,16.066802461833923,False,True,False,True,False,False,False,False,False,False,False,False,False,False,False,False,False,True,False
2,2,111.0,30.0550268,31.3366903,8,0,0,0,0,1,1,0,0,0,125675.67567567568,4,55.5,7.207207207207206,2,16.345788916607955,16.264790116464905,16.345788916607955,False,True,False,False,True,False,False,True,False,False,False,False,False,False,False,False,False,False,False
2,1,105.0,30.096464,31.6670565,36,1,1,1,1,1,0,1,0,1,74285.71428571429,2,52.5,34.285714285714285,7,15.93111255107345,16.118095750958314,16.066802461833923,True,False,False,True,False,True,False,False,False,False,False,False,False,False,False,False,False,False,False
3,4,170.0,31.0842707,28.0933714,27,1,1,1,1,0,1,1,1,0,26470.58823529412,12,56.666666666666664,15.882352941176471,7,16.345788916607955,15.319588176962746,16.345788916607955,False,True,False,True,False,False,False,True,False,False,False,False,False,False,False,False,False,False,False
3,3,245.0,29.999066529633,31.002288720817,17,1,1,1,1,0,1,0,0,0,42448.97959183674,9,81.66666666666667,6.938775510204081,5,16.02378508137718,16.722411672456456,16.01134442508541,False,False,True,True,False,True,False,False,False,False,False,False,False,False,False,False,False,False,False
4,5,270.0,30.166137,31.6680496,0,0,0,0,0,0,0,0,0,0,77777.77777777778,20,67.5,0.0,0,16.300417291085605,16.486367704879513,16.066802461833923,False,False,True,True,False,False,False,False,False,False,False,False,False,False,False,False,False,True,False
2,2,92.0,31.19462485,27.79807318,8,0,0,1,0,1,1,0,0,0,94836.95652173914,4,46.0,8.695652173913043,3,16.345788916607955,16.264790116464905,16.345788916607955,False,False,True,False,True,False,False,True,False,False,False,False,False,False,False,False,False,False,False
1,1,77.0,30.9628937,28.7565892,19,0,0,1,0,1,1,0,0,1,207792.2077922078,1,77.0,24.675324675324674,4,16.345788916607955,16.785925074816024,16.345788916607955,True,False,False,True,False,False,False,True,False,False,False,False,False,False,False,False,False,False,False
3,4,260.0,30.0647408,31.4291453,6,0,0,1,0,0,0,0,0,0,111538.46153846153,12,86.66666666666667,2.3076923076923075,1,16.282847171369255,16.489659276356317,16.066802461833923,False,True,False,True,False,False,False,False,False,False,False,False,False,False,False,True,False,False,False
1,2,157.0,30.822264,28.954285,30,1,1,1,1,1,0,1,1,1,143312.10191082803,2,157.0,19.108280254777068,8,16.345788916607955,15.76142084987672,16.345788916607955,False,True,False,True,False,False,False,True,False,False,False,False,False,False,False,False,False,False,False
3,3,186.0,30.0669117,31.3375553,12,1,1,0,0,0,1,0,0,0,57526.88172043011,9,62.0,6.451612903225806,3,15.82707481102028,15.687312888712007,16.066802461833923,False,True,False,True,False,False,False,False,False,False,False,False,False,False,False,True,False,False,False
2,1,103.0,30.09177585,31.6426486,39,0,0,1,0,1,1,0,0,1,54854.36893203884,2,51.5,37.86407766990291,4,15.93111255107345,15.88868261241667,16.066802461833923,False,True,False,True,False,True,False,False,False,False,False,False,False,False,False,False,False,False,False
2,1,90.0,30.909109569077,29.416633617272,3,0,0,0,0,0,1,0,0,0,86400.0,2,45.0,3.333333333333333,1,16.345788916607955,15.866552753723226,16.345788916607955,False,True,False,False,True,False,False,True,False,False,False,False,False,False,False,False,False,False,False
3,4,145.0,31.082957585789,28.032116949628,11,1,0,0,1,1,1,0,0,0,72000.0,12,48.333333333333336,7.586206896551724,4,16.345788916607955,16.264790116464905,16.345788916607955,False,True,False,True,False,False,False,False,False,False,False,False,False,False,False,True,False,False,False
3,4,200.0,29.999066529633,31.002288720817,50,1,1,1,1,1,1,1,1,1,77500.0,12,66.66666666666667,25.0,9,16.02378508137718,16.722411672456456,16.01134442508541,False,True,False,False,True,True,False,False,False,False,False,False,False,False,False,False,False,False,False
2,2,134.0,30.2013484,31.6804732,0,0,0,0,0,0,0,0,0,0,35074.62686567164,4,67.0,0.0,0,16.088423555642784,16.15957650726579,16.066802461833923,False,True,False,True,False,True,False,False,False,False,False,False,False,False,False,False,False,False,False
2,2,120.0,30.0600801,31.5985531,10,0,0,1,1,0,0,0,0,0,120833.33333333333,4,60.0,8.333333333333334,2,16.282847171369255,16.29204904211537,16.066802461833923,False,True,False,False,True,True,False,False,False,False,False,False,False,False,False,False,False,False,False
2,2,117.0,29.9633661,31.0009178,3,0,0,0,0,1,1,0,0,0,61367.52136752137,4,58.5,2.5641025641025643,2,16.10616420501588,15.988839917212927,16.01134442508541,False,True,False,False,True,True,False,False,False,False,False,False,False,False,False,False,False,False,False
4,4,200.0,29.8561331,30.9018623,18,1,1,1,1,0,0,1,1,0,54000.0,16,50.0,9.0,6,16.10616420501588,16.19413042991272,16.01134442508541,False,True,False,False,True,False,False,False,False,False,False,False,False,False,False,False,False,True,False
2,2,120.0,30.0527286,31.6173381,8,0,1,1,1,1,1,0,0,0,34166.666666666664,4,60.0,6.666666666666667,5,15.82707481102028,15.18922639004183,16.066802461833923,False,True,False,True,False,True,False,False,False,False,False,False,False,False,False,False,False,False,False
3,3,165.0,30.8203713,29.1012577,9,0,0,0,0,1,1,0,0,0,30000.0,9,55.0,5.454545454545455,2,16.345788916607955,15.76142084987672,16.345788916607955,False,True,False,True,False,False,False,True,False,False,False,False,False,False,False,False,False,False,False
3,5,255.0,30.0753933,31.6265648,0,0,0,0,0,0,0,0,0,0,70588.23529411765,15,85.0,0.0,0,15.82707481102028,16.221521518404195,16.066802461833923,False,False,True,False,True,False,False,False,False,False,False,False,False,False,False,False,False,False,True
4,4,383.0,30.0061733,30.9935312,39,1,1,1,1,1,0,1,1,1,39164.4908616188,16,95.75,10.182767624020888,8,16.10616420501588,16.52356082573315,16.01134442508541,False,True,False,True,False,False,False,False,False,False,False,False,False,False,False,False,True,False,False
3,2,138.0,29.9308114,31.0876497,0,0,0,0,0,0,0,0,0,0,47101.44927536232,6,46.0,0.0,0,15.279199431073042,15.701270103510215,16.01134442508541,False,True,False,True,False,True,False,False,False,False,False,False,False,False,False,False,False,False,False
4,2,280.0,30.1233727,31.6306056,38,1,1,1,1,1,1,1,1,1,81428.57142857143,8,70.0,13.571428571428573,9,16.088423555642784,16.83885804718937,16.066802461833923,False,True,False,True,False,True,False,False,False,False,False,False,False,False,False,False,False,False,False
0,1,56.0,29.39286,32.5399151,44,1,1,1,1,1,1,1,0,1,80357.14285714286,0,60.0,78.57142857142857,8,15.747032114495013,16.15731646026544,15.747032114495013,False,True,False,False,True,False,False,True,False,False,False,False,False,False,False,False,False,False,False
2,1,82.0,30.83361005,29.06649948,2,0,0,0,0,0,1,0,0,0,56524.39024390244,2,41.0,2.4390243902439024,1,16.345788916607955,15.76142084987672,16.345788916607955,False,True,False,False,True,False,False,True,False,False,False,False,False,False,False,False,False,False,False
4,3,185.0,30.0669117,31.3375553,0,0,0,0,0,0,0,0,0,0,81081.08108108108,12,46.25,0.0,0,15.82707481102028,15.687312888712007,16.066802461833923,False,False,True,False,True,False,False,False,False,False,False,False,False,False,False,True,False,False,False
2,2,100.0,31.0788548,27.9963244,24,1,1,1,0,0,0,1,1,0,100000.0,4,50.0,24.0,5,16.345788916607955,16.264790116464905,16.345788916607955,False,False,True,False,True,False,False,True,False,False,False,False,False,False,False,False,False,False,False
4,3,265.0,30.1218272,31.6481835,7,0,0,1,1,1,0,0,0,0,54716.981132075474,12,66.25,2.6415094339622645,3,16.088423555642784,15.890818693880256,16.066802461833923,False,True,False,True,False,False,False,False,False,False,False,False,False,False,False,True,False,False,False
2,1,115.0,30.06805,31.406379,10,0,0,1,0,1,1,0,0,1,83217.39130434782,2,57.5,8.695652173913045,4,16.282847171369255,16.489659276356317,16.066802461833923,False,False,True,True,False,True,False,False,False,False,False,False,False,False,False,False,False,False,False
2,2,114.0,30.0468424,30.998248,15,0,1,1,0,1,1,0,0,1,54401.4649122807,4,57.0,13.157894736842106,5,16.02378508137718,15.862682968241984,16.01134442508541,True,False,False,True,False,True,False,False,False,False,False,False,False,False,False,False,False,False,False
3,3,169.0,30.0941611,31.7041108,0,0,0,0,0,0,0,0,0,0,43846.153846153844,9,56.333333333333336,0.0,0,15.82707481102028,15.793051943818522,16.066802461833923,False,True,False,True,False,True,False,False,False,False,False,False,False,False,False,False,False,False,False
6,4,402.0,29.550836851327,30.867589850082,2,0,0,0,0,1,0,0,0,0,38395.522388059704,24,67.0,0.49751243781094534,1,16.552148280706213,16.552148280706213,15.851522672265068,False,True,False,False,True,False,False,False,False,False,False,False,False,False,False,False,False,True,False
5,5,400.0,26.8641416,33.9648764,24,1,1,1,1,0,1,1,1,0,150000.0,25,80.0,6.0,7,16.3394119477972,16.57664092072968,16.233206958474412,False,True,False,False,True,False,False,False,False,False,False,False,False,False,False,False,False,True,False
4,2,205.0,30.0268356,31.493173,0,0,0,0,0,0,0,0,0,0,30487.80487804878,8,51.25,0.0,0,16.282847171369255,16.29204904211537,16.066802461833923,False,False,True,True,False,True,False,False,False,False,False,False,False,False,False,False,False,False,False
2,2,135.0,30.0669117,31.3375553,11,1,1,1,1,1,0,0,0,1,46666.666666666664,4,67.5,8.148148148148147,6,15.82707481102028,15.687312888712007,16.066802461833923,False,True,False,False,True,True,False,False,False,False,False,False,False,False,False,False,False,False,False
3,3,147.0,29.9723584,31.7173752,22,1,1,1,1,1,0,1,0,0,54421.768707482996,9,49.0,14.965986394557824,6,15.616501940217244,15.894952224644102,16.066802461833923,False,True,False,True,False,True,False,False,False,False,False,False,False,False,False,False,False,False,False
3,3,230.0,30.0035761,31.4056766,14,1,1,1,1,0,0,1,0,0,41304.34782608696,9,76.66666666666667,6.086956521739131,5,16.282847171369255,16.29204904211537,16.066802461833923,False,True,False,True,False,True,False,False,False,False,False,False,False,False,False,False,False,False,False
4,3,210.0,29.9924715,30.8920785,35,1,1,1,1,1,1,1,1,1,71428.57142857143,12,52.5,16.666666666666664,9,16.10616420501588,16.360729622918004,16.01134442508541,False,True,False,True,False,False,False,False,False,False,False,False,False,False,False,True,False,False,False
3,3,253.0,29.9979633,30.9236038,16,1,1,1,1,1,1,0,0,0,53359.6837944664,9,84.33333333333333,6.32411067193676,6,16.10616420501588,16.41820031748273,16.01134442508541,False,True,False,True,False,True,False,False,False,False,False,False,False,False,False,False,False,False,False
3,3,190.0,30.0319422,30.9694826,0,0,0,0,0,0,0,0,0,0,26842.105263157893,9,63.333333333333336,0.0,0,16.02378508137718,15.444751293772967,16.01134442508541,False,True,False,True,False,True,False,False,False,False,False,False,False,False,False,False,False,False,False
3,1,120.0,31.27483,30.00616,3,0,0,0,0,0,0,0,0,0,20833.333333333332,3,40.0,2.5,0,14.731801689838349,14.731801689838349,15.851522672265068,False,True,False,True,False,True,False,False,False,False,False,False,False,False,False,False,False,False,False
3,3,175.0,29.9707309,31.0369528,0,0,0,0,0,0,0,0,0,0,35885.71428571428,9,58.333333333333336,0.0,0,16.10616420501588,15.76142084987672,16.01134442508541,False,False,True,False,True,True,False,False,False,False,False,False,False,False,False,False,False,False,False
1,1,65.0,31.0724538,28.2011747,4,0,0,0,0,0,0,0,0,0,131384.61538461538,1,65.0,6.153846153846153,0,16.345788916607955,16.264790116464905,16.345788916607955,False,False,True,True,False,False,False,True,False,False,False,False,False,False,False,False,False,False,False
2,1,88.0,31.0665111,28.344066,45,1,1,1,1,1,1,1,1,1,58636.36363636364,2,44.0,51.13636363636363,9,16.345788916607955,15.572773764067886,16.345788916607955,False,True,False,False,True,False,False,True,False,False,False,False,False,False,False,False,False,False,False
4,3,217.0,29.7666672,31.0988357,6,0,0,1,0,1,0,0,0,1,34562.21198156682,12,54.25,2.7649769585253456,3,16.101268496405105,16.101268496405105,15.851522672265068,False,True,False,False,True,True,False,False,False,False,False,False,False,False,False,False,False,False,False
5,7,390.0,30.0478192,31.5372842,1,0,0,0,0,0,0,0,0,0,32051.28205128205,35,78.0,0.25641025641025644,0,16.282847171369255,16.29204904211537,16.066802461833923,False,True,False,True,False,False,False,False,True,False,False,False,False,False,False,False,False,False,False
4,4,280.0,30.0697535,31.6307883,14,1,1,0,0,1,1,0,0,0,32142.85714285714,16,70.0,5.0,4,15.82707481102028,15.968744479311132,16.066802461833923,False,True,False,True,False,False,False,False,True,False,False,False,False,False,False,False,False,False,False
3,3,310.0,30.0600801,31.5985531,48,1,1,1,1,1,1,1,1,1,100000.0,9,103.33333333333333,15.483870967741934,9,16.282847171369255,16.29204904211537,16.066802461833923,False,True,False,True,False,False,False,False,False,False,False,False,False,False,False,False,False,True,False
2,1,70.0,30.0369773,30.9908527,2,0,0,0,0,0,1,0,0,0,24285.714285714286,2,35.0,2.857142857142857,1,16.02378508137718,14.748325642558019,16.01134442508541,False,True,False,True,False,True,False,False,False,False,False,False,False,False,False,False,False,False,False
3,3,198.0,30.9628937,28.7565892,20,0,0,1,0,1,1,0,0,1,181818.18181818182,9,66.0,10.1010101010101,4,16.345788916607955,16.785925074816024,16.345788916607955,True,False,False,True,False,False,False,True,False,False,False,False,False,False,False,False,False,False,False
3,3,300.0,29.9875186,31.5555302,22,1,1,1,1,0,0,1,1,0,51666.666666666664,9,100.0,7.333333333333333,6,16.282847171369255,16.29204904211537,16.066802461833923,False,True,False,True,False,False,False,False,True,False,False,False,False,False,False,False,False,False,False
2,2,89.0,30.06603,31.48561,0,0,0,0,0,0,0,0,0,0,65168.5393258427,4,44.5,0.0,0,16.282847171369255,15.86963441986494,16.066802461833923,False,True,False,True,False,True,False,False,False,False,False,False,False,False,False,False,False,False,False
4,4,258.0,30.0662855,31.4744728,0,0,0,0,0,0,0,0,0,0,73643.41085271318,16,64.5,0.0,0,16.282847171369255,16.29204904211537,16.066802461833923,False,True,False,True,False,False,False,False,False,False,False,False,False,False,False,True,False,False,False
5,4,269.0,30.052395,30.99094,36,1,1,1,1,1,1,1,1,1,55762.08178438662,20,53.8,13.382899628252789,9,16.02378508137718,16.52356082573315,16.01134442508541,False,True,False,True,False,False,False,False,False,False,False,False,False,False,False,False,False,True,False
3,2,171.0,31.17310014,29.9287022,3,0,0,0,0,0,0,0,0,0,50950.29239766082,6,57.0,1.7543859649122808,0,16.16000514993119,16.16000514993119,15.851522672265068,False,True,False,False,True,True,False,False,False,False,False,False,False,False,False,False,False,False,False
2,3,129.0,30.8365625,28.9590625,12,1,0,0,1,1,0,0,0,1,87209.30232558139,6,64.5,9.30232558139535,4,16.345788916607955,15.76142084987672,16.345788916607955,False,True,False,False,True,False,False,True,False,False,False,False,False,False,False,False,False,False,False
2,2,121.0,29.985869155517,30.923008050923,31,1,1,1,1,1,1,1,1,1,38190.0826446281,4,60.5,25.619834710743802,9,16.10616420501588,15.732108828607036,16.01134442508541,False,True,False,True,False,True,False,False,False,False,False,False,False,False,False,False,False,False,False
2,2,208.0,30.09177585,31.6426486,9,0,0,0,0,1,1,0,0,0,69711.53846153847,4,104.0,4.326923076923077,2,15.93111255107345,15.88868261241667,16.066802461833923,False,True,False,True,False,True,False,False,False,False,False,False,False,False,False,False,False,False,False
3,3,200.0,30.0648376,30.94684,17,1,1,1,1,1,0,1,1,1,29500.0,9,66.66666666666667,8.5,8,16.02378508137718,15.803385043104912,16.01134442508541,True,False,False,True,False,True,False,False,False,False,False,False,False,False,False,False,False,False,False
3,3,141.0,26.8608814,33.944639,4,0,0,0,1,0,1,0,0,0,190780.14184397162,9,47.0,2.8368794326241136,2,16.3394119477972,16.189539487919134,16.233206958474412,False,True,False,False,True,True,False,False,False,False,False,False,False,False,False,False,False,False,False
2,2,108.0,29.9844638,30.8817192,19,1,1,0,0,1,1,0,0,1,43518.51851851852,4,54.0,17.59259259259259,5,16.10616420501588,15.56224706466147,16.01134442508541,False,False,True,True,False,True,False,False,False,False,False,False,False,False,False,False,False,False,False
3,3,173.0,30.0600801,31.5985531,5,1,1,0,1,1,1,0,0,0,75144.50867052023,9,57.666666666666664,2.8901734104046244,5,16.282847171369255,16.29204904211537,16.066802461833923,False,True,False,False,True,True,False,False,False,False,False,False,False,False,False,False,False,False,False
2,3,146.0,27.855874427197,31.246581787806,0,0,0,0,0,0,0,0,0,0,134568.49315068492,6,73.0,0.0,0,16.345788916607955,16.264790116464905,16.345788916607955,False,True,False,False,True,False,False,True,False,False,False,False,False,False,False,False,False,False,False
5,5,230.0,31.158448,29.95946,0,0,0,0,0,0,0,0,0,0,85509.56521739131,25,46.0,0.0,0,16.303695641087522,16.303695641087522,15.851522672265068,False,True,False,True,False,False,False,False,False,False,False,False,False,False,False,False,False,True,False
2,2,120.0,29.9875186,31.5555302,17,1,1,1,1,0,0,0,1,0,66666.66666666667,4,60.0,14.166666666666668,5,16.282847171369255,16.29204904211537,16.066802461833923,False,True,False,False,True,True,False,False,False,False,False,False,False,False,False,False,False,False,False
3,3,140.0,29.9714981,31.5292007,4,0,0,0,0,0,0,0,0,0,24285.714285714286,9,46.666666666666664,2.857142857142857,0,16.282847171369255,16.29204904211537,16.066802461833923,False,True,False,True,False,True,False,False,False,False,False,False,False,False,False,False,False,False,False
6,4,475.0,29.9885982,31.0445272,33,1,1,1,1,1,1,0,0,1,54736.84210526316,24,79.16666666666667,6.947368421052632,7,16.10616420501588,16.39933015491581,16.01134442508541,False,True,False,True,False,False,False,False,False,False,False,False,False,False,False,False,False,True,False
4,3,270.0,30.0600801,31.5985531,11,0,1,1,0,0,0,0,0,0,100000.0,12,67.5,4.0740740740740735,2,16.282847171369255,16.29204904211537,16.066802461833923,False,True,False,False,True,False,False,False,False,False,False,False,False,False,False,True,False,False,False
3,4,300.0,30.0102788,31.5379067,21,0,1,1,1,1,1,0,0,0,98333.33333333333,12,100.0,7.0,5,16.282847171369255,16.29204904211537,16.066802461833923,False,True,False,True,False,False,False,False,False,False,False,False,False,False,False,True,False,False,False
3,3,242.0,30.0268356,31.493173,2,0,0,0,0,1,0,0,0,1,32024.793388429753,9,80.66666666666667,0.8264462809917356,2,16.282847171369255,16.29204904211537,16.066802461833923,False,True,False,True,False,True,False,False,False,False,False,False,False,False,False,False,False,False,False
3,3,205.0,29.9924715,30.8920785,0,0,0,0,0,0,0,0,0,0,60243.90243902439,9,68.33333333333333,0.0,0,16.10616420501588,16.360729622918004,16.01134442508541,False,True,False,False,True,False,False,False,False,False,False,False,False,False,False,True,False,False,False
4,4,370.0,30.0268356,31.493173,0,0,0,0,0,0,0,0,0,0,16486.486486486487,16,92.5,0.0,0,16.282847171369255,16.29204904211537,16.066802461833923,False,False,True,True,False,False,False,False,True,False,False,False,False,False,False,False,False,False,False
3,3,183.0,29.9592081,31.7299131,47,1,1,1,1,1,1,1,1,1,27322.4043715847,9,61.0,25.683060109289617,9,15.616501940217244,15.424948670398354,16.066802461833923,False,True,False,True,False,True,False,False,False,False,False,False,False,False,False,False,False,False,False
2,2,101.0,30.096464,31.6670565,16,1,1,0,1,1,0,0,0,1,79207.92079207921,4,50.5,15.841584158415841,5,15.93111255107345,16.118095750958314,16.066802461833923,False,True,False,True,False,True,False,False,False,False,False,False,False,False,False,False,False,False,False
3,4,277.0,30.0758544,31.4716547,51,1,1,1,1,1,1,1,1,1,118953.06859205777,12,92.33333333333333,18.411552346570396,9,16.282847171369255,16.489659276356317,16.066802461833923,False,True,False,True,False,False,False,False,False,False,False,False,False,False,False,False,True,False,False
0,0,667.0,29.9707309,31.0369528,0,0,0,0,0,0,0,0,0,0,3973.0134932533733,0,60.0,0.0,0,16.10616420501588,15.76142084987672,16.01134442508541,False,True,False,True,False,False,False,False,False,False,True,False,False,False,False,False,False,False,False
5,4,360.0,30.09177585,31.6426486,12,0,0,1,1,1,1,0,0,1,100000.0,20,72.0,3.333333333333333,5,15.93111255107345,15.88868261241667,16.066802461833923,False,True,False,True,False,False,False,False,False,False,False,False,False,False,False,False,False,True,False
2,2,180.0,31.00763549,29.75773621,19,1,0,1,0,1,0,0,0,1,10277.777777777777,4,90.0,10.555555555555555,4,16.18295155698594,15.747032114495013,15.851522672265068,True,False,False,True,False,False,False,False,False,False,False,False,False,False,False,False,False,True,False
3,3,160.0,29.6727347,32.3374381,4,0,0,0,0,0,0,0,0,0,110000.0,9,53.333333333333336,2.5,0,15.747032114495013,15.967921456359903,15.747032114495013,False,False,True,True,False,False,False,False,False,False,False,False,False,False,False,False,True,False,False
3,4,236.0,31.3543445,27.2373159,8,0,0,1,0,0,0,0,0,0,31779.661016949154,12,78.66666666666667,3.3898305084745766,1,16.345788916607955,16.264790116464905,16.345788916607955,False,True,False,True,False,False,False,True,False,False,False,False,False,False,False,False,False,False,False
2,1,90.0,30.06603,31.48561,29,0,0,0,1,1,1,0,0,1,63333.333333333336,2,45.0,32.22222222222222,4,16.282847171369255,15.86963441986494,16.066802461833923,False,True,False,True,False,True,False,False,False,False,False,False,False,False,False,False,False,False,False
3,2,143.0,30.05888030941,31.017767063748,13,1,1,1,0,1,1,0,0,0,44000.0,6,47.666666666666664,9.090909090909092,5,16.02378508137718,15.932078710183575,16.01134442508541,False,True,False,False,True,True,False,False,False,False,False,False,False,False,False,False,False,False,False
3,2,235.0,30.032755,31.4620516,13,0,0,0,0,1,1,0,0,1,32765.957446808512,6,78.33333333333333,5.531914893617021,3,16.282847171369255,16.29204904211537,16.066802461833923,False,True,False,True,False,True,False,False,False,False,False,False,False,False,False,False,False,False,False
3,1,106.0,29.91637,31.06103,11,0,0,0,0,1,0,0,0,1,35660.377358490565,3,35.333333333333336,10.377358490566037,2,15.279199431073042,15.10749451433816,16.01134442508541,False,True,False,False,True,True,False,False,False,False,False,False,False,False,False,False,False,False,False
3,3,170.0,31.1775597,27.618041,11,0,0,1,0,1,1,0,0,0,89411.76470588235,9,56.666666666666664,6.470588235294118,3,16.345788916607955,16.642021803226616,16.345788916607955,True,False,False,False,True,False,False,True,False,False,False,False,False,False,False,False,False,False,False
2,2,110.0,30.084482192642,30.963006624909,30,1,1,1,1,1,1,1,1,1,92727.27272727272,4,55.0,27.27272727272727,9,16.02378508137718,16.759949589762293,16.01134442508541,False,True,False,False,True,True,False,False,False,False,False,False,False,False,False,False,False,False,False
3,3,270.0,30.9967183,28.6909805,16,1,1,1,1,1,1,1,1,0,61111.11111111111,9,90.0,5.925925925925926,8,16.345788916607955,16.785925074816024,16.345788916607955,False,True,False,True,False,False,False,True,False,False,False,False,False,False,False,False,False,False,False
4,4,255.0,29.9885982,31.0445272,45,1,1,1,1,1,1,1,1,1,58823.529411764706,16,63.75,17.647058823529413,9,16.10616420501588,16.39933015491581,16.01134442508541,False,True,False,False,True,False,False,False,False,False,False,False,False,False,False,True,False,False,False
1,1,60.0,27.2579,33.81161,28,1,1,1,1,1,1,1,1,0,49500.0,1,60.0,46.66666666666667,8,15.201805169084134,15.1650105090054,16.233206958474412,False,True,False,False,True,True,False,False,False,False,False,False,False,False,False,False,False,False,False
3,2,210.0,30.0425422,31.4307796,9,0,0,0,0,1,1,0,0,1,29523.809523809523,6,70.0,4.285714285714286,3,16.282847171369255,16.489659276356317,16.066802461833923,False,True,False,True,False,True,False,False,False,False,False,False,False,False,False,False,False,False,False
2,1,80.0,29.9986558,31.426684,4,0,0,0,0,0,0,0,0,0,22500.0,2,40.0,5.0,0,16.282847171369255,16.489659276356317,16.066802461833923,False,True,False,True,False,True,False,False,False,False,False,False,False,False,False,False,False,False,False
3,3,134.0,30.0395901,31.6985965,23,0,1,1,1,1,1,1,0,1,32723.880597014926,9,44.666666666666664,17.16417910447761,7,15.616501940217244,15.458189997639176,16.066802461833923,False,True,False,True,False,True,False,False,False,False,False,False,False,False,False,False,False,False,False
2,3,181.0,30.0074176,31.4887433,8,0,0,0,0,1,1,0,0,0,65745.85635359117,6,90.5,4.419889502762431,2,16.282847171369255,16.29204904211537,16.066802461833923,False,True,False,False,True,True,False,False,False,False,False,False,False,False,False,False,False,False,False
3,3,164.0,30.0091323,31.4297898,11,0,0,1,0,0,0,0,0,0,35060.9756097561,9,54.666666666666664,6.707317073170732,1,16.282847171369255,16.29204904211537,16.066802461833923,False,True,False,True,False,True,False,False,False,False,False,False,False,False,False,False,False,False,False
1,2,80.0,29.9771006,31.5720476,50,1,1,1,1,1,1,1,1,1,147500.0,2,80.0,62.5,9,16.282847171369255,16.200596964551092,16.066802461833923,False,True,False,False,True,True,False,False,False,False,False,False,False,False,False,False,False,False,False
5,5,400.0,31.4900981,31.4218195,7,0,0,1,0,0,0,0,0,0,25000.0,25,80.0,1.75,1,15.894952224644102,15.894952224644102,15.894952224644102,False,False,True,True,False,False,False,False,False,False,False,False,False,False,False,False,False,True,False
4,4,225.0,30.0600801,31.5985531,5,0,0,0,0,0,0,0,0,0,80444.44444444444,16,56.25,2.2222222222222223,0,16.282847171369255,16.29204904211537,16.066802461833923,False,True,False,True,False,False,False,False,False,False,False,False,False,False,False,True,False,False,False
4,3,197.0,30.0268356,31.493173,7,0,0,0,0,0,0,0,0,0,31472.08121827411,12,49.25,3.553299492385787,0,16.282847171369255,16.29204904211537,16.066802461833923,False,True,False,True,False,True,False,False,False,False,False,False,False,False,False,False,False,False,False
3,3,152.0,29.8561331,30.9018623,33,1,1,1,1,1,1,1,1,1,30263.157894736843,9,50.666666666666664,21.710526315789473,9,16.10616420501588,16.19413042991272,16.01134442508541,False,True,False,True,False,True,False,False,False,False,False,False,False,False,False,False,False,False,False
3,2,169.0,31.2155235,29.9420061,0,0,0,0,0,0,0,0,0,0,44378.69822485207,6,56.333333333333336,0.0,0,15.830413711839864,15.805301014415544,15.851522672265068,False,False,True,False,True,True,False,False,False,False,False,False,False,False,False,False,False,False,False
1,1,65.0,31.3543445,27.2373159,0,0,0,0,0,0,0,0,0,0,152307.6923076923,1,65.0,0.0,0,16.345788916607955,16.264790116464905,16.345788916607955,False,True,False,False,True,False,False,True,False,False,False,False,False,False,False,False,False,False,False
1,1,70.0,26.8641416,33.9648764,49,1,1,1,1,1,1,1,1,1,131428.57142857142,1,70.0,70.0,9,16.3394119477972,16.57664092072968,16.233206958474412,True,False,False,False,True,False,False,True,False,False,False,False,False,False,False,False,False,False,False
3,3,270.0,30.14421,31.63972,24,0,0,1,0,1,1,0,0,1,18000.0,9,90.0,8.888888888888888,4,16.088423555642784,15.35237799261728,16.066802461833923,False,True,False,True,False,True,False,False,False,False,False,False,False,False,False,False,False,False,False
4,3,250.0,29.964034503799,31.641071197216,24,1,1,1,1,1,1,0,0,1,92000.0,12,62.5,9.6,7,15.616501940217244,15.704245637578751,16.066802461833923,False,True,False,True,False,True,False,False,False,False,False,False,False,False,False,False,False,False,False
3,3,145.0,27.631819579758,31.179296956131,19,1,1,1,1,0,0,1,1,0,58620.68965517241,9,48.333333333333336,13.10344827586207,6,16.345788916607955,16.910315723477588,16.345788916607955,False,False,True,False,True,False,False,True,False,False,False,False,False,False,False,False,False,False,False
3,3,200.0,29.9771006,31.5720476,15,0,0,1,1,1,1,0,0,1,186375.0,9,66.66666666666667,7.5,5,16.282847171369255,16.200596964551092,16.066802461833923,False,False,True,True,False,False,False,False,False,False,False,False,False,False,False,False,False,True,False
3,3,196.0,30.2013484,31.6804732,0,0,0,0,0,0,0,0,0,0,49567.755102040814,9,65.33333333333333,0.0,0,16.088423555642784,16.15957650726579,16.066802461833923,False,True,False,True,False,False,False,False,False,False,False,False,False,False,False,True,False,False,False
3,3,197.0,27.855874427197,31.246581787806,0,0,0,0,0,0,0,0,0,0,125380.71065989848,9,65.66666666666667,0.0,0,16.345788916607955,16.264790116464905,16.345788916607955,False,True,False,False,True,False,False,True,False,False,False,False,False,False,False,False,False,False,False
3,3,164.0,29.9978985,31.63101061,7,0,0,0,1,0,0,1,0,0,36585.365853658535,9,54.666666666666664,4.2682926829268295,2,15.616501940217244,15.607270193858982,16.066802461833923,False,True,False,True,False,True,False,False,False,False,False,False,False,False,False,False,False,False,False
3,2,147.0,30.0941611,31.7041108,49,1,1,1,1,1,1,1,1,1,34693.87755102041,6,49.0,33.333333333333336,9,15.82707481102028,15.793051943818522,16.066802461833923,False,True,False,True,False,True,False,False,False,False,False,False,False,False,False,False,False,False,False
4,4,420.0,30.0395901,31.6985965,0,0,0,0,0,0,0,0,0,0,33333.333333333336,16,105.0,0.0,0,15.616501940217244,15.458189997639176,16.066802461833923,False,True,False,True,False,False,False,False,False,False,False,False,False,False,False,False,False,True,False
3,2,126.0,31.17310014,29.9287022,3,0,0,0,0,0,0,0,0,0,69000.0,6,42.0,2.380952380952381,0,16.16000514993119,16.16000514993119,15.851522672265068,False,True,False,False,True,True,False,False,False,False,False,False,False,False,False,False,False,False,False
5,4,289.0,30.0029471,31.595582,2,0,0,0,0,0,1,0,0,1,121107.26643598615,20,57.8,0.6920415224913494,2,15.616501940217244,16.956410275190038,16.066802461833923,False,True,False,True,False,False,False,False,False,False,False,False,False,False,False,False,False,True,False
2,2,92.0,31.082957585789,28.032116949628,9,1,0,0,1,1,0,0,0,1,79391.30434782608,4,46.0,9.782608695652174,4,16.345788916607955,16.264790116464905,16.345788916607955,False,True,False,False,True,False,False,True,False,False,False,False,False,False,False,False,False,False,False
3,3,153.0,31.3543445,27.2373159,25,1,1,1,1,1,1,1,1,1,112575.1633986928,9,51.0,16.33986928104575,9,16.345788916607955,16.264790116464905,16.345788916607955,False,True,False,False,True,False,False,False,False,False,False,False,True,False,False,False,False,False,False
4,4,230.0,30.002639,30.8352722,7,0,1,1,1,1,1,0,0,0,34782.608695652176,16,57.5,3.0434782608695654,5,16.02378508137718,15.894952224644102,16.01134442508541,False,False,True,False,True,False,False,False,False,False,False,False,False,False,False,False,True,False,False
3,3,188.0,31.3543445,27.2373159,7,0,0,1,0,0,0,0,0,0,58861.70212765958,9,62.666666666666664,3.7234042553191493,1,16.345788916607955,16.264790116464905,16.345788916607955,False,True,False,True,False,False,False,True,False,False,False,False,False,False,False,False,False,False,False
4,3,194.0,30.01321,31.48737,8,0,1,1,1,0,1,0,0,1,103092.78350515464,12,48.5,4.123711340206186,5,16.282847171369255,16.173530452453797,16.066802461833923,False,True,False,True,False,False,False,False,False,False,False,False,False,False,False,False,True,False,False
3,2,140.0,30.8583492,28.9042079,50,1,1,1,1,1,1,1,1,1,42857.142857142855,6,46.666666666666664,35.714285714285715,9,16.345788916607955,15.76142084987672,16.345788916607955,False,True,False,True,False,False,False,True,False,False,False,False,False,False,False,False,False,False,False
2,2,90.0,30.97899799,28.71566916,3,1,0,0,0,1,0,0,0,0,74066.66666666667,4,45.0,3.333333333333333,2,16.345788916607955,16.785925074816024,16.345788916607955,True,False,False,False,True,False,False,True,False,False,False,False,False,False,False,False,False,False,False
4,4,215.0,30.0941611,31.7041108,39,1,1,1,1,1,1,1,1,1,72093.02325581395,16,53.75,18.13953488372093,9,15.82707481102028,15.793051943818522,16.066802461833923,False,True,False,False,True,False,False,False,False,False,False,False,False,False,False,False,False,True,False
4,5,200.0,26.9637262,33.8799191,43,1,1,1,1,1,1,1,1,1,150000.0,20,50.0,21.5,9,16.801192546169812,16.320219916747796,16.233206958474412,False,True,False,False,True,False,False,False,False,False,False,False,False,False,False,False,False,True,False
0,0,661.0,30.024231608038,30.968810549077,0,0,0,0,0,0,0,0,0,0,9455.370650529501,0,60.0,0.0,0,16.02378508137718,15.627681187785777,16.01134442508541,False,False,True,True,False,False,False,False,False,False,True,False,False,False,False,False,False,False,False
5,5,545.0,31.0842803,28.1066088,20,1,1,1,0,0,0,1,1,0,119266.05504587156,25,109.0,3.6697247706422016,5,16.345788916607955,16.264790116464905,16.345788916607955,False,True,False,False,True,False,False,False,False,False,False,False,False,False,False,False,False,True,False
3,3,190.0,30.068527462055,31.64004459621,42,1,1,1,1,1,1,1,1,1,69684.21052631579,9,63.333333333333336,22.105263157894736,9,15.82707481102028,16.06690771944096,16.066802461833923,False,True,False,False,True,True,False,False,False,False,False,False,False,False,False,False,False,False,False
3,3,265.0,30.9967183,28.6909805,16,0,0,1,1,1,1,0,0,1,71698.11320754717,9,88.33333333333333,6.037735849056604,5,16.345788916607955,16.785925074816024,16.345788916607955,True,False,False,True,False,False,False,True,False,False,False,False,False,False,False,False,False,False,False
4,4,308.0,27.855874427197,31.246581787806,13,1,1,1,1,0,0,0,0,0,136363.63636363635,16,77.0,4.220779220779221,4,16.345788916607955,16.264790116464905,16.345788916607955,False,True,False,False,True,False,False,False,False,False,False,False,False,False,False,False,False,True,False
4,4,600.0,29.9884249,31.4208019,17,0,0,1,1,0,1,0,0,0,23333.331666666665,16,150.0,2.8333333333333335,3,16.282847171369255,15.79591728085829,16.066802461833923,True,False,False,True,False,False,False,False,True,False,False,False,False,False,False,False,False,False,False
3,2,120.0,30.8373889,29.2182962,0,0,0,0,0,0,0,0,0,0,87500.0,6,40.0,0.0,0,16.345788916607955,15.956959012430428,16.345788916607955,False,True,False,False,True,False,False,True,False,False,False,False,False,False,False,False,False,False,False
11,11,288.0,29.9635783,30.9356008,0,0,0,0,0,0,0,0,0,0,69444.44444444444,121,26.181818181818183,0.0,0,16.10616420501588,15.729831498600078,16.01134442508541,False,True,False,True,False,False,False,False,False,False,False,True,False,False,False,False,False,False,False
4,4,293.0,30.166137,31.6680496,36,1,1,1,1,1,1,1,1,1,51194.53924914676,16,73.25,12.286689419795222,9,16.300417291085605,16.486367704879513,16.066802461833923,False,True,False,False,True,False,False,False,False,False,False,False,False,False,False,True,False,False,False
2,2,124.0,29.976979,31.7797175,7,0,0,0,0,1,1,0,0,1,31451.612903225807,4,62.0,5.645161290322581,3,15.616501940217244,15.384361031701085,16.066802461833923,False,True,False,False,True,True,False,False,False,False,False,False,False,False,False,False,False,False,False
3,3,148.0,30.05888030941,31.017767063748,30,1,1,1,1,1,1,0,0,1,52000.0,9,49.333333333333336,20.27027027027027,7,16.02378508137718,15.932078710183575,16.01134442508541,False,True,False,False,True,True,False,False,False,False,False,False,False,False,False,False,False,False,False
0,0,500.0,29.94522,30.99012,0,0,0,0,0,0,0,0,0,0,9000.0,0,60.0,0.0,0,16.10616420501588,15.319588176962746,16.01134442508541,False,False,True,True,False,False,False,False,False,False,True,False,False,False,False,False,False,False,False
2,2,139.0,30.033246576666,31.514915831553,0,0,0,0,0,0,0,0,0,0,46762.589928057554,4,69.5,0.0,0,16.282847171369255,16.29204904211537,16.066802461833923,False,True,False,False,True,True,False,False,False,False,False,False,False,False,False,False,False,False,False
3,2,143.0,30.8583492,28.9042079,18,1,1,1,1,1,1,0,0,1,40559.44055944056,6,47.666666666666664,12.587412587412588,7,16.345788916607955,15.76142084987672,16.345788916607955,False,True,False,True,False,False,False,True,False,False,False,False,False,False,False,False,False,False,False
3,2,116.0,30.09177585,31.6426486,17,0,0,1,0,0,1,0,0,0,53448.275862068964,6,38.666666666666664,14.655172413793105,2,15.93111255107345,15.88868261241667,16.066802461833923,True,False,False,True,False,True,False,False,False,False,False,False,False,False,False,False,False,False,False
4,1,150.0,31.1672,29.87326,1,0,0,0,0,0,0,0,0,0,31666.666666666668,4,37.5,0.6666666666666666,0,15.490462789320857,15.490462789320857,15.851522672265068,False,True,False,True,False,True,False,False,False,False,False,False,False,False,False,False,False,False,False
1,1,60.0,31.0665111,28.344066,5,0,0,0,1,0,0,0,0,0,75000.0,1,60.0,8.333333333333334,1,16.345788916607955,15.572773764067886,16.345788916607955,False,True,False,False,True,True,False,False,False,False,False,False,False,False,False,False,False,False,False
4,3,217.0,29.7666672,31.0988357,2,0,0,0,0,1,0,0,0,1,34562.21198156682,12,54.25,0.9216589861751152,2,16.101268496405105,16.101268496405105,15.851522672265068,False,True,False,False,True,True,False,False,False,False,False,False,False,False,False,False,False,False,False
2,2,130.0,30.0753933,31.6265648,26,1,0,1,1,1,1,1,0,1,73076.92307692308,4,65.0,20.0,7,15.82707481102028,16.221521518404195,16.066802461833923,False,True,False,False,True,True,False,False,False,False,False,False,False,False,False,False,False,False,False
5,4,257.0,30.06606736,30.95890262,18,1,1,1,1,0,1,0,0,0,58365.75875486381,20,51.4,7.0038910505836585,5,16.02378508137718,16.52356082573315,16.01134442508541,False,False,True,True,False,False,False,False,False,False,False,False,True,False,False,False,False,False,False
1,1,70.0,29.4960634,32.4238179,0,0,0,0,0,0,0,0,0,0,105842.85714285714,1,70.0,0.0,0,15.747032114495013,15.816990693309524,15.747032114495013,False,True,False,False,True,False,False,True,False,False,False,False,False,False,False,False,False,False,False
3,3,217.0,29.9885982,31.0445272,22,1,1,1,1,1,0,1,1,0,55299.53917050691,9,72.33333333333333,10.138248847926267,7,16.10616420501588,16.39933015491581,16.01134442508541,False,True,False,True,False,True,False,False,False,False,False,False,False,False,False,False,False,False,False
3,5,287.0,30.9628937,28.7565892,34,1,1,1,1,1,1,1,1,1,139372.82229965157,15,95.66666666666667,11.846689895470384,9,16.345788916607955,16.785925074816024,16.345788916607955,True,False,False,True,False,False,False,False,False,False,False,False,False,False,False,False,True,False,False
3,4,430.0,30.0053539,30.9913517,33,1,1,1,1,1,1,1,1,1,40930.232558139534,12,143.33333333333334,7.674418604651163,9,16.10616420501588,16.52356082573315,16.01134442508541,False,True,False,True,False,False,False,False,False,False,False,False,False,False,False,False,True,False,False
2,2,97.0,31.0814176,28.0817098,6,1,0,1,0,0,0,0,0,0,79072.1649484536,4,48.5,6.185567010309279,2,16.345788916607955,16.264790116464905,16.345788916607955,False,False,True,False,True,False,False,False,False,False,False,False,True,False,False,False,False,False,False
3,2,160.0,30.118908615659,31.652102804902,8,0,0,1,1,1,1,0,0,0,60625.0,6,53.333333333333336,5.0,4,16.088423555642784,15.899927389451875,16.066802461833923,False,False,True,True,False,True,False,False,False,False,False,False,False,False,False,False,False,False,False
3,3,210.0,30.0029471,31.595582,0,0,0,0,0,0,0,0,0,0,109523.80952380953,9,70.0,0.0,0,15.616501940217244,16.956410275190038,16.066802461833923,False,False,True,False,True,False,False,False,False,False,False,False,False,False,False,False,True,False,False
3,3,173.0,29.9875186,31.5555302,2,0,0,0,0,1,0,0,0,1,61849.71098265896,9,57.666666666666664,1.1560693641618498,2,16.282847171369255,16.29204904211537,16.066802461833923,False,True,False,True,False,True,False,False,False,False,False,False,False,False,False,False,False,False,False
5,5,606.0,29.999066529633,31.002288720817,20,1,1,1,1,0,0,0,0,0,35478.54785478548,25,121.2,3.3003300330033007,4,16.02378508137718,16.722411672456456,16.01134442508541,False,False,True,True,False,False,False,False,False,False,False,False,False,False,False,False,False,True,False
3,3,155.0,30.0753933,31.6265648,26,1,0,1,1,1,1,1,0,1,66451.6129032258,9,51.666666666666664,16.774193548387096,7,15.82707481102028,16.221521518404195,16.066802461833923,False,True,False,False,True,True,False,False,False,False,False,False,False,False,False,False,False,False,False
4,4,270.0,30.0029471,31.595582,0,0,0,0,0,0,0,0,0,0,107407.4074074074,16,67.5,0.0,0,15.616501940217244,16.956410275190038,16.066802461833923,False,True,False,True,False,False,False,False,False,False,False,False,False,False,False,True,False,False,False
3,2,140.0,30.0713212,31.5772612,4,0,0,0,0,0,0,0,0,0,62857.142857142855,6,46.666666666666664,2.857142857142857,0,16.282847171369255,16.29204904211537,16.066802461833923,False,True,False,True,False,True,False,False,False,False,False,False,False,False,False,False,False,False,False
1,2,73.0,31.0724538,28.2011747,7,0,0,0,0,1,1,0,0,1,149013.698630137,2,73.0,9.589041095890412,3,16.345788916607955,16.264790116464905,16.345788916607955,False,True,False,True,False,False,False,True,False,False,False,False,False,False,False,False,False,False,False
2,2,120.0,30.0696585,31.5454876,39,1,1,1,1,1,1,1,1,1,28250.0,4,60.0,32.5,9,16.282847171369255,16.29204904211537,16.066802461833923,False,True,False,False,True,True,False,False,False,False,False,False,False,False,False,False,False,False,False
2,2,115.0,29.976979,31.7797175,21,0,0,1,1,1,1,0,0,1,30956.521739130436,4,57.5,18.260869565217394,5,15.616501940217244,15.384361031701085,16.066802461833923,False,True,False,False,True,True,False,False,False,False,False,False,False,False,False,False,False,False,False
2,1,90.0,29.981666052813,31.352202413142,20,0,0,0,1,1,1,0,0,1,30000.0,2,45.0,22.22222222222222,4,16.087842710858826,14.80876270134486,16.066802461833923,False,True,False,True,False,True,False,False,False,False,False,False,False,False,False,False,False,False,False
7,5,681.0,30.107832255957,31.596580211647,0,0,0,0,0,0,0,0,0,0,35242.290748898675,35,97.28571428571429,0.0,0,16.088423555642784,16.380459992348886,16.066802461833923,False,True,False,True,False,False,False,False,False,False,False,False,False,False,False,False,False,True,False
3,2,130.0,30.0009056,30.9008539,46,1,1,1,1,1,1,1,1,1,53846.153846153844,6,43.333333333333336,35.38461538461539,9,16.10616420501588,15.684848316063478,16.01134442508541,False,True,False,True,False,False,False,False,False,False,False,False,True,False,False,False,False,False,False
5,5,400.0,30.0212161,31.5472488,19,0,0,1,1,1,1,0,0,0,112500.0,25,80.0,4.75,4,16.282847171369255,16.29204904211537,16.066802461833923,True,False,False,True,False,False,False,False,False,False,False,False,False,False,False,False,True,False,False
3,3,181.0,29.9633661,31.0009178,11,1,1,1,1,1,0,0,0,0,33149.17127071823,9,60.333333333333336,6.077348066298343,5,16.10616420501588,15.988839917212927,16.01134442508541,False,True,False,True,False,True,False,False,False,False,False,False,False,False,False,False,False,False,False
4,3,212.0,30.0941611,31.7041108,7,0,0,1,0,0,0,0,0,0,56603.77358490566,12,53.0,3.30188679245283,1,15.82707481102028,15.793051943818522,16.066802461833923,False,False,True,True,False,False,False,False,False,False,False,False,False,False,False,False,False,True,False
3,2,165.0,29.9932585,31.3072295,0,0,0,0,0,0,0,0,0,0,18181.81818181818,6,55.0,0.0,0,15.830413711839864,14.792024745808913,16.066802461833923,False,True,False,True,False,True,False,False,False,False,False,False,False,False,False,False,False,False,False
4,5,254.0,30.0600801,31.5985531,22,1,1,1,1,0,0,1,1,0,90551.1811023622,20,63.5,8.661417322834646,6,16.282847171369255,16.29204904211537,16.066802461833923,False,True,False,True,False,False,False,False,False,False,False,False,False,False,False,False,False,True,False
4,3,260.0,30.9967183,28.6909805,5,0,0,1,0,0,0,0,0,0,100000.0,12,65.0,1.923076923076923,1,16.345788916607955,16.785925074816024,16.345788916607955,True,False,False,True,False,False,False,True,False,False,False,False,False,False,False,False,False,False,False
3,3,195.0,30.125082,31.8853002,46,1,1,1,1,0,1,1,1,0,75897.43589743589,9,65.0,23.58974358974359,7,15.616501940217244,16.012735246411598,16.066802461833923,False,True,False,False,True,False,False,False,False,False,False,False,False,False,False,False,False,True,False
4,4,248.0,27.855874427197,31.246581787806,0,0,0,0,0,0,0,0,0,0,151891.12903225806,16,62.0,0.0,0,16.345788916607955,16.264790116464905,16.345788916607955,False,True,False,False,True,False,False,False,False,False,False,False,False,False,False,False,False,True,False
3,3,178.0,29.9842656,31.540594,32,1,1,1,1,1,1,1,1,0,53932.58426966292,9,59.333333333333336,17.97752808988764,8,16.282847171369255,16.29204904211537,16.066802461833923,False,True,False,True,False,True,False,False,False,False,False,False,False,False,False,False,False,False,False
1,1,86.0,30.08435,31.5414973,0,0,0,0,0,0,0,0,0,0,32209.302325581397,1,86.0,0.0,0,16.282847171369255,16.29204904211537,16.066802461833923,False,True,False,False,True,True,False,False,False,False,False,False,False,False,False,False,False,False,False
3,3,265.0,29.960428,31.28991,0,0,0,0,0,0,0,0,0,0,43396.22641509434,9,88.33333333333333,0.0,0,15.230349646082692,16.257857680289998,16.066802461833923,False,True,False,True,False,True,False,False,False,False,False,False,False,False,False,False,False,False,False
2,2,115.0,29.290958,32.6008991,2,0,0,0,0,1,0,0,0,1,42608.69565217391,4,57.5,1.7391304347826089,2,15.747032114495013,15.41484731878041,15.747032114495013,False,True,False,True,False,False,False,True,False,False,False,False,False,False,False,False,False,False,False
2,2,112.0,30.0669117,31.3375553,48,1,1,1,1,1,1,1,1,1,45303.57142857143,4,56.0,42.857142857142854,9,15.82707481102028,15.687312888712007,16.066802461833923,False,True,False,True,False,True,False,False,False,False,False,False,False,False,False,False,False,False,False
0,1,63.0,30.096464,31.6670565,8,0,0,1,0,1,1,0,0,1,66666.66666666667,0,60.0,12.698412698412698,4,15.93111255107345,16.118095750958314,16.066802461833923,False,True,False,True,False,True,False,False,False,False,False,False,False,False,False,False,False,False,False
3,2,133.0,30.06805,31.406379,0,0,0,0,0,0,0,0,0,0,48375.93984962406,6,44.333333333333336,0.0,0,16.282847171369255,16.489659276356317,16.066802461833923,False,True,False,False,True,True,False,False,False,False,False,False,False,False,False,False,False,False,False
1,1,72.0,30.9628937,28.7565892,10,0,0,1,0,1,1,0,0,0,145833.33333333334,1,72.0,13.88888888888889,3,16.345788916607955,16.785925074816024,16.345788916607955,False,True,False,True,False,False,False,True,False,False,False,False,False,False,False,False,False,False,False
2,1,123.0,29.9842656,31.540594,30,1,1,1,1,0,1,1,1,1,123577.23577235773,2,61.5,24.390243902439025,8,16.282847171369255,16.29204904211537,16.066802461833923,False,False,True,True,False,True,False,False,False,False,False,False,False,False,False,False,False,False,False
3,2,169.0,30.0941611,31.7041108,19,1,1,1,1,0,0,1,0,0,33727.81065088757,6,56.333333333333336,11.242603550295858,5,15.82707481102028,15.793051943818522,16.066802461833923,False,True,False,True,False,True,False,False,False,False,False,False,False,False,False,False,False,False,False
3,3,180.0,30.0648376,30.94684,25,1,1,1,1,1,1,1,0,1,38888.88888888889,9,60.0,13.88888888888889,8,16.02378508137718,15.803385043104912,16.01134442508541,False,True,False,True,False,True,False,False,False,False,False,False,False,False,False,False,False,False,False
4,3,253.0,30.07814,31.5941829,27,1,1,1,1,1,1,1,1,0,126086.95652173914,12,63.25,10.671936758893281,8,16.282847171369255,16.29204904211537,16.066802461833923,False,False,True,False,True,False,False,False,False,False,False,False,False,False,False,False,False,True,False
3,3,340.0,30.0189988,31.0843855,4,0,0,0,0,0,0,0,0,0,50000.0,9,113.33333333333333,1.1764705882352942,0,16.10616420501588,16.610537473785996,16.01134442508541,False,True,False,True,False,False,False,False,True,False,False,False,False,False,False,False,False,False,False
3,3,195.0,30.125082,31.8853002,9,0,0,0,1,1,1,0,0,1,41025.64102564102,9,65.0,4.615384615384616,4,15.616501940217244,16.012735246411598,16.066802461833923,False,True,False,False,True,False,False,False,False,False,False,False,False,False,False,False,False,True,False
3,3,130.0,31.3543445,27.2373159,27,1,1,1,1,1,0,1,1,1,141000.0,9,43.333333333333336,20.76923076923077,8,16.345788916607955,16.264790116464905,16.345788916607955,False,True,False,False,True,False,False,True,False,False,False,False,False,False,False,False,False,False,False
1,1,70.0,31.089549212598,28.160593150923,5,0,0,1,0,1,0,0,0,0,81428.57142857143,1,70.0,7.142857142857143,2,16.345788916607955,16.264790116464905,16.345788916607955,False,True,False,False,True,False,False,True,False,False,False,False,False,False,False,False,False,False,False
2,2,108.0,30.0139101,31.5062339,0,0,0,0,0,0,0,0,0,0,139332.4537037037,4,54.0,0.0,0,16.282847171369255,16.29204904211537,16.066802461833923,False,True,False,False,True,True,False,False,False,False,False,False,False,False,False,False,False,False,False
3,2,115.0,31.0789366,28.1843221,2,0,0,0,0,0,0,0,0,0,74347.82608695653,6,38.333333333333336,1.7391304347826089,0,16.345788916607955,16.264790116464905,16.345788916607955,False,True,False,False,True,False,False,True,False,False,False,False,False,False,False,False,False,False,False
5,4,235.0,30.99104,30.0537,6,1,0,0,1,0,1,0,0,0,27659.574468085106,20,47.0,2.553191489361702,3,16.02378508137718,15.585265227956793,16.01134442508541,False,True,False,False,True,False,False,False,False,False,False,False,False,False,False,False,False,True,False
3,3,141.0,30.8365625,28.9590625,32,1,1,1,1,1,1,1,1,1,52482.2695035461,9,47.0,22.69503546099291,9,16.345788916607955,15.76142084987672,16.345788916607955,True,False,False,True,False,True,False,False,False,False,False,False,False,False,False,False,False,False,False
2,2,108.0,30.058711,30.9977847,36,1,1,1,1,1,1,0,0,1,38416.666666666664,4,54.0,33.33333333333333,7,16.02378508137718,15.453044307803108,16.01134442508541,False,True,False,False,True,True,False,False,False,False,False,False,False,False,False,False,False,False,False
3,3,145.0,27.4055743,33.6585731,26,1,0,1,0,1,0,1,1,0,136896.55172413794,9,48.333333333333336,17.931034482758623,5,16.807478748496784,16.205492404667144,16.233206958474412,False,True,False,True,False,False,False,True,False,False,False,False,False,False,False,False,False,False,False
5,5,390.0,31.4900981,31.4218195,18,0,1,0,1,1,0,0,0,1,20512.82051282051,25,78.0,4.615384615384616,4,15.894952224644102,15.894952224644102,15.894952224644102,False,True,False,True,False,False,False,False,False,False,False,False,False,False,False,False,False,True,False
5,5,508.0,30.0478192,31.5372842,15,0,0,1,1,1,1,0,0,1,86811.02362204724,25,101.6,2.952755905511811,5,16.282847171369255,16.29204904211537,16.066802461833923,False,False,True,True,False,False,False,False,False,False,False,False,False,False,False,False,False,True,False
2,2,133.0,29.9875186,31.5555302,0,0,0,0,0,0,0,0,0,0,56390.97744360902,4,66.5,0.0,0,16.282847171369255,16.29204904211537,16.066802461833923,False,True,False,True,False,True,False,False,False,False,False,False,False,False,False,False,False,False,False
4,3,287.0,29.9875186,31.5555302,2,0,0,0,0,1,0,0,0,1,64459.93031358885,12,71.75,0.6968641114982578,2,16.282847171369255,16.29204904211537,16.066802461833923,False,False,True,True,False,False,False,False,False,False,False,False,False,False,False,False,False,False,True
2,2,140.0,29.980463,31.3854644,6,0,0,1,0,0,0,0,0,0,51975.0,4,70.0,4.285714285714286,1,16.087842710858826,16.185754392890075,16.066802461833923,False,False,True,True,False,True,False,False,False,False,False,False,False,False,False,False,False,False,False
3,3,150.0,30.0569,31.22129,0,0,0,0,0,0,0,0,0,0,52000.0,9,50.0,0.0,0,15.94118483313827,15.94118483313827,16.066802461833923,False,True,False,True,False,True,False,False,False,False,False,False,False,False,False,False,False,False,False
3,2,246.0,30.0035761,31.4056766,6,0,0,1,0,0,0,0,0,0,60975.60975609756,6,82.0,2.4390243902439024,1,16.282847171369255,16.29204904211537,16.066802461833923,False,False,True,True,False,False,False,False,False,False,False,False,True,False,False,False,False,False,False
4,4,180.0,31.082957585789,28.032116949628,6,0,0,0,0,0,1,0,0,0,86927.77777777778,16,45.0,3.333333333333333,1,16.345788916607955,16.264790116464905,16.345788916607955,False,False,True,False,True,False,False,False,False,False,False,False,False,False,False,True,False,False,False
2,2,143.0,30.0713212,31.5772612,0,0,0,0,0,0,0,0,0,0,50349.65034965035,4,71.5,0.0,0,16.282847171369255,16.29204904211537,16.066802461833923,False,True,False,True,False,True,False,False,False,False,False,False,False,False,False,False,False,False,False
2,2,145.0,30.8583492,28.9042079,0,0,0,0,0,0,0,0,0,0,41172.41379310345,4,72.5,0.0,0,16.345788916607955,15.76142084987672,16.345788916607955,False,True,False,True,False,False,False,True,False,False,False,False,False,False,False,False,False,False,False
3,1,125.0,31.2135223,29.9200615,4,0,0,0,0,0,0,0,0,0,27600.0,3,41.666666666666664,3.2,0,16.142490830662076,16.142490830662076,15.851522672265068,False,True,False,True,False,True,False,False,False,False,False,False,False,False,False,False,False,False,False
3,3,150.0,30.095655324801,31.634948228684,15,0,1,1,1,0,1,0,0,1,41197.73333333333,9,50.0,10.0,5,15.82707481102028,15.704245637578751,16.066802461833923,False,True,False,False,True,True,False,False,False,False,False,False,False,False,False,False,False,False,False
2,2,136.0,30.0259103,31.5359166,11,0,0,1,1,0,0,0,0,0,86764.70588235294,4,68.0,8.088235294117647,2,16.282847171369255,16.29204904211537,16.066802461833923,False,True,False,True,False,True,False,False,False,False,False,False,False,False,False,False,False,False,False
3,2,170.0,30.0007378,31.5043543,23,1,1,1,1,1,1,0,0,1,94117.64705882352,6,56.666666666666664,13.529411764705882,7,16.282847171369255,16.29204904211537,16.066802461833923,False,True,False,True,False,True,False,False,False,False,False,False,False,False,False,False,False,False,False
4,4,310.0,29.99352595,31.5196573,0,0,0,0,0,0,0,0,0,0,22419.354838709678,16,77.5,0.0,0,16.282847171369255,16.29204904211537,16.066802461833923,False,True,False,True,False,False,False,False,True,False,False,False,False,False,False,False,False,False,False
4,5,345.0,30.073028969307,30.965373520242,15,1,0,0,1,1,1,0,0,0,130434.78260869565,20,86.25,4.3478260869565215,4,16.02378508137718,17.310868988875562,16.01134442508541,False,True,False,True,False,False,False,False,False,False,False,False,False,False,False,True,False,False,False
3,3,176.0,30.0468424,30.998248,37,1,1,1,1,1,1,1,1,1,45454.545454545456,9,58.666666666666664,21.022727272727273,9,16.02378508137718,15.862682968241984,16.01134442508541,False,False,True,False,True,True,False,False,False,False,False,False,False,False,False,False,False,False,False
4,3,150.0,29.1838265,32.6337917,21,1,0,0,1,1,1,0,0,0,83333.33333333333,12,37.5,14.0,4,15.747032114495013,16.341239282272525,15.747032114495013,True,False,False,True,False,False,False,False,False,False,False,False,False,False,False,True,False,False,False
3,2,140.0,30.117375644047,31.694389648711,29,0,1,1,1,1,0,0,0,1,39357.142857142855,6,46.666666666666664,20.714285714285715,5,16.300417291085605,15.226363919534839,16.066802461833923,False,True,False,False,True,True,False,False,False,False,False,False,False,False,False,False,False,False,False
4,4,265.0,29.9747601205,31.565092165587,16,1,1,1,1,0,0,1,1,0,207547.16981132075,16,66.25,6.037735849056604,6,16.282847171369255,16.65585283324605,16.066802461833923,False,False,True,True,False,False,False,False,False,False,False,False,False,False,False,False,False,True,False
4,4,237.0,30.0941611,31.7041108,2,0,0,0,0,1,0,0,0,1,77805.90717299578,16,59.25,0.8438818565400843,2,15.82707481102028,15.793051943818522,16.066802461833923,False,True,False,True,False,False,False,False,False,False,False,False,False,False,False,False,False,True,False
3,2,149.0,29.9948303,30.9074929,25,1,1,1,1,1,1,1,1,1,43624.161073825504,6,49.666666666666664,16.778523489932887,9,16.10616420501588,15.687312888712007,16.01134442508541,False,True,False,True,False,True,False,False,False,False,False,False,False,False,False,False,False,False,False
4,5,430.0,30.9628937,28.7565892,39,1,1,1,1,1,1,1,1,0,118604.6511627907,20,107.5,9.069767441860465,8,16.345788916607955,16.785925074816024,16.345788916607955,False,True,False,True,False,False,False,False,False,False,False,False,False,False,False,False,True,False,False
5,5,212.0,30.0941611,31.7041108,7,0,0,1,0,0,0,0,0,0,42452.83018867925,25,42.4,3.30188679245283,1,15.82707481102028,15.793051943818522,16.066802461833923,False,False,True,True,False,False,False,False,False,False,False,False,False,False,False,False,False,True,False
5,4,210.0,29.9842656,31.540594,15,0,0,1,1,1,1,0,0,1,71190.47619047618,20,42.0,7.142857142857142,5,16.282847171369255,16.29204904211537,16.066802461833923,False,False,True,True,False,False,False,False,False,False,False,False,False,False,False,False,False,True,False
2,2,130.0,30.0753933,31.6265648,31,0,1,0,0,1,1,1,1,1,52307.692307692305,4,65.0,23.846153846153847,6,15.82707481102028,16.221521518404195,16.066802461833923,False,True,False,False,True,True,False,False,False,False,False,False,False,False,False,False,False,False,False
3,3,185.0,30.0870528,31.5124185,26,1,1,1,1,1,0,1,1,1,135135.13513513515,9,61.666666666666664,14.054054054054053,8,16.282847171369255,16.29204904211537,16.066802461833923,False,False,True,True,False,False,False,False,False,False,False,False,False,False,False,True,False,False,False
3,3,157.0,30.0941611,31.7041108,15,0,0,1,1,1,0,0,0,0,36942.67515923567,9,52.333333333333336,9.554140127388534,3,15.82707481102028,15.793051943818522,16.066802461833923,False,True,False,False,True,True,False,False,False,False,False,False,False,False,False,False,False,False,False
5,5,700.0,30.834438,28.963224,39,1,1,1,1,1,1,1,1,1,52857.142857142855,25,140.0,5.571428571428571,9,16.345788916607955,15.76142084987672,16.345788916607955,True,False,False,True,False,False,False,False,False,False,False,False,False,False,False,False,False,True,False
3,4,193.0,30.0468424,30.998248,49,1,1,1,1,1,1,1,1,1,106217.61658031087,12,64.33333333333333,25.38860103626943,9,16.02378508137718,15.862682968241984,16.01134442508541,True,False,False,False,True,True,False,False,False,False,False,False,False,False,False,False,False,False,False
4,4,209.0,30.0753933,31.6265648,27,1,1,1,1,0,1,1,1,0,114832.53588516747,16,52.25,12.918660287081341,7,15.82707481102028,16.221521518404195,16.066802461833923,False,True,False,False,True,False,False,False,False,False,False,False,False,False,False,False,False,True,False
3,2,180.0,29.98644,31.16651,0,0,0,0,0,0,0,0,0,0,21111.11111111111,6,60.0,0.0,0,14.88022163978423,14.751604309291395,16.01134442508541,False,True,False,True,False,True,False,False,False,False,False,False,False,False,False,False,False,False,False
3,3,115.0,29.217244049651,32.622406450847,46,1,1,1,1,1,1,1,1,1,60000.0,9,38.333333333333336,40.0,9,15.747032114495013,15.59046307836746,15.747032114495013,False,True,False,False,True,False,False,True,False,False,False,False,False,False,False,False,False,False,False
3,4,190.0,30.068527462055,31.64004459621,30,1,1,1,1,1,1,1,1,1,81724.0,12,63.333333333333336,15.789473684210527,9,15.82707481102028,16.06690771944096,16.066802461833923,False,True,False,False,True,False,False,False,False,False,False,False,False,False,False,True,False,False,False
3,3,260.0,30.0124138,31.4396951,6,0,0,0,0,0,1,0,0,0,46153.846153846156,9,86.66666666666667,2.3076923076923075,1,16.282847171369255,16.29204904211537,16.066802461833923,False,True,False,True,False,True,False,False,False,False,False,False,False,False,False,False,False,False,False
5,5,410.0,30.09177585,31.6426486,42,1,1,1,1,1,1,1,1,1,100000.0,25,82.0,10.24390243902439,9,15.93111255107345,15.88868261241667,16.066802461833923,False,True,False,True,False,False,False,False,False,False,False,False,False,False,False,False,False,True,False
5,5,250.0,31.0952654,27.9249993,17,1,1,0,0,0,0,1,1,0,124000.0,25,50.0,6.8,4,16.345788916607955,16.264790116464905,16.345788916607955,False,True,False,True,False,False,False,False,False,False,False,False,False,False,False,False,False,True,False
3,3,163.0,30.0495586,31.6140162,9,0,0,0,1,1,1,0,0,0,26993.865030674846,9,54.333333333333336,5.521472392638037,3,15.82707481102028,15.47260375393688,16.066802461833923,False,True,False,True,False,True,False,False,False,False,False,False,False,False,False,False,False,False,False
2,3,113.0,29.99146941,31.02896271,9,0,0,1,0,0,1,0,0,1,61946.902654867255,6,56.5,7.964601769911505,3,16.10616420501588,16.204273438942487,16.01134442508541,False,False,True,False,True,True,False,False,False,False,False,False,False,False,False,False,False,False,False
3,3,165.0,30.07349031,31.60085522,12,0,1,1,0,0,0,0,0,0,41212.121212121216,9,55.0,7.272727272727273,2,16.282847171369255,16.29204904211537,16.066802461833923,False,True,False,False,True,True,False,False,False,False,False,False,False,False,False,False,False,False,False
2,2,115.0,29.948435630627,31.066704307476,20,0,1,1,1,1,1,0,0,1,33913.04347826087,4,57.5,17.39130434782609,6,15.279199431073042,15.22784339929157,16.01134442508541,False,True,False,False,True,True,False,False,False,False,False,False,False,False,False,False,False,False,False
4,5,440.0,30.9967183,28.6909805,0,0,0,0,0,0,0,0,0,0,56818.181818181816,20,110.0,0.0,0,16.345788916607955,16.785925074816024,16.345788916607955,True,False,False,True,False,False,False,True,False,False,False,False,False,False,False,False,False,False,False
2,3,90.0,30.9803864,28.7146239,19,1,1,1,1,1,0,1,1,0,57777.77777777778,6,45.0,21.11111111111111,7,16.345788916607955,15.76142084987672,16.345788916607955,False,False,True,True,False,False,False,True,False,False,False,False,False,False,False,False,False,False,False
2,2,103.0,31.17310014,29.9287022,16,0,0,0,1,1,1,0,0,1,67961.16504854368,4,51.5,15.533980582524272,4,16.16000514993119,16.16000514993119,15.851522672265068,False,True,False,False,True,True,False,False,False,False,False,False,False,False,False,False,False,False,False
4,3,249.0,30.07349031,31.60085522,49,1,1,1,1,1,1,1,1,1,30321.28514056225,12,62.25,19.67871485943775,9,16.282847171369255,16.29204904211537,16.066802461833923,False,True,False,True,False,False,False,False,False,False,False,False,False,False,False,False,False,True,False
3,2,130.0,30.0009056,30.9008539,28,1,1,0,1,1,1,1,1,1,49046.153846153844,6,43.333333333333336,21.538461538461537,8,16.10616420501588,15.684848316063478,16.01134442508541,False,True,False,True,False,True,False,False,False,False,False,False,False,False,False,False,False,False,False
3,2,134.0,30.821417965085,28.997347793253,13,0,1,0,1,1,1,0,0,1,57750.0,6,44.666666666666664,9.701492537313433,5,16.345788916607955,15.76142084987672,16.345788916607955,False,True,False,False,True,False,False,True,False,False,False,False,False,False,False,False,False,False,False
5,6,260.0,30.9447479,28.7978345,27,1,1,1,1,1,1,1,1,0,53846.153846153844,30,52.0,10.384615384615385,8,16.345788916607955,16.785925074816024,16.345788916607955,True,False,False,True,False,False,False,False,True,False,False,False,False,False,False,False,False,False,False
4,4,212.0,30.0941611,31.7041108,2,0,0,0,0,1,0,0,0,1,62133.13679245283,16,53.0,0.9433962264150942,2,15.82707481102028,15.793051943818522,16.066802461833923,False,False,True,True,False,False,False,False,False,False,False,False,False,False,False,False,False,False,True
1,1,67.0,31.0724538,28.2011747,26,1,1,1,1,0,1,1,1,0,101492.53731343284,1,67.0,38.80597014925373,7,16.345788916607955,16.264790116464905,16.345788916607955,False,False,True,False,True,False,False,False,False,False,False,False,False,False,True,False,False,False,False
3,4,294.0,27.4123183,33.6621411,49,1,1,1,1,1,1,1,1,1,108843.53741496599,12,98.0,16.666666666666668,9,16.807478748496784,17.19629697650982,16.233206958474412,True,False,False,False,True,True,False,False,False,False,False,False,False,False,False,False,False,False,False
3,2,160.0,30.2013484,31.6804732,22,0,1,1,0,1,1,0,0,1,55000.0,6,53.333333333333336,13.75,5,16.088423555642784,16.15957650726579,16.066802461833923,False,True,False,True,False,True,False,False,False,False,False,False,False,False,False,False,False,False,False
3,2,200.0,30.0102788,31.5379067,7,1,1,1,1,0,0,0,0,0,93550.0,6,66.66666666666667,3.5,4,16.282847171369255,16.29204904211537,16.066802461833923,False,False,True,True,False,True,False,False,False,False,False,False,False,False,False,False,False,False,False
3,3,215.0,30.014320453499,30.940843597245,0,0,0,0,0,0,0,0,0,0,12558.139534883721,9,71.66666666666667,0.0,0,16.10616420501588,14.80876270134486,16.01134442508541,False,True,False,False,True,True,False,False,False,False,False,False,False,False,False,False,False,False,False
3,2,116.0,30.09177585,31.6426486,3,0,0,0,0,0,0,0,0,1,59482.75862068965,6,38.666666666666664,2.586206896551724,1,15.93111255107345,15.88868261241667,16.066802461833923,False,True,False,False,True,True,False,False,False,False,False,False,False,False,False,False,False,False,False
3,1,145.0,30.14005,31.74103,0,0,0,0,0,0,0,0,0,0,11379.310344827587,3,48.333333333333336,0.0,0,14.375126917328105,14.375126917328105,16.066802461833923,False,True,False,True,False,True,False,False,False,False,False,False,False,False,False,False,False,False,False
4,3,225.0,30.0600801,31.5985531,45,1,1,1,1,1,1,1,1,1,89902.22222222222,12,56.25,20.0,9,16.282847171369255,16.29204904211537,16.066802461833923,False,True,False,False,True,False,False,False,False,False,False,False,False,False,False,False,False,True,False
3,3,195.0,30.0478192,31.5372842,0,0,0,0,0,0,0,0,0,0,66666.66666666667,9,65.0,0.0,0,16.282847171369255,16.29204904211537,16.066802461833923,False,True,False,True,False,True,False,False,False,False,False,False,False,False,False,False,False,False,False
3,4,145.0,31.0886599,27.9534117,11,0,0,1,1,1,1,0,0,0,82758.62068965517,12,48.333333333333336,7.586206896551724,4,16.345788916607955,16.264790116464905,16.345788916607955,False,True,False,True,False,False,False,True,False,False,False,False,False,False,False,False,False,False,False
3,3,235.0,31.0248219,28.5953851,50,1,1,1,1,1,1,1,1,1,30872.340425531915,9,78.33333333333333,21.27659574468085,9,16.345788916607955,16.60912670859564,16.345788916607955,False,True,False,True,False,False,False,True,False,False,False,False,False,False,False,False,False,False,False
2,2,130.0,30.9628937,28.7565892,31,1,1,1,1,1,1,1,1,1,253846.15384615384,4,65.0,23.846153846153847,9,16.345788916607955,16.785925074816024,16.345788916607955,True,False,False,True,False,False,False,True,False,False,False,False,False,False,False,False,False,False,False
3,3,176.0,30.0074176,31.4887433,11,0,0,1,1,1,1,0,0,1,85528.40909090909,9,58.666666666666664,6.25,5,16.282847171369255,16.29204904211537,16.066802461833923,False,True,False,False,True,True,False,False,False,False,False,False,False,False,False,False,False,False,False
6,4,318.0,29.9885982,31.0445272,34,1,1,1,1,1,1,0,0,1,40880.50314465409,24,53.0,10.69182389937107,7,16.10616420501588,16.39933015491581,16.01134442508541,False,True,False,True,False,False,False,False,False,False,False,False,False,False,False,False,False,True,False
5,5,393.0,30.09177585,31.6426486,35,1,1,1,1,1,1,1,1,1,117048.34605597964,25,78.6,8.905852417302798,9,15.93111255107345,15.88868261241667,16.066802461833923,False,True,False,False,True,False,False,False,False,False,False,False,False,False,False,False,False,True,False
2,2,92.0,31.082957585789,28.032116949628,27,1,1,0,1,1,0,1,1,1,78608.69565217392,4,46.0,29.34782608695652,7,16.345788916607955,16.264790116464905,16.345788916607955,False,True,False,False,True,False,False,True,False,False,False,False,False,False,False,False,False,False,False
3,2,163.0,30.0389289,30.9870106,1,0,0,1,0,0,0,0,0,0,82822.08588957055,6,54.333333333333336,0.6134969325153374,1,16.02378508137718,16.41820031748273,16.01134442508541,False,True,False,True,False,True,False,False,False,False,False,False,False,False,False,False,False,False,False
3,4,210.0,30.946845,28.803854,6,0,0,0,0,1,1,0,0,1,69047.61904761905,12,70.0,2.857142857142857,3,16.345788916607955,16.785925074816024,16.345788916607955,False,True,False,True,False,False,False,False,False,False,False,False,False,False,False,False,False,True,False
4,4,235.0,30.0742797,31.5887794,8,0,0,1,1,0,0,0,0,0,62234.04255319149,16,58.75,3.404255319148936,2,16.282847171369255,16.29204904211537,16.066802461833923,False,True,False,True,False,False,False,False,False,False,False,False,False,False,False,True,False,False,False
3,3,165.0,29.9903602,31.5105811,18,1,1,1,1,0,0,1,1,0,63636.36363636364,9,55.0,10.90909090909091,6,16.282847171369255,16.29204904211537,16.066802461833923,False,True,False,False,True,True,False,False,False,False,False,False,False,False,False,False,False,False,False
4,5,510.0,30.0074176,31.4887433,0,0,0,0,0,0,0,0,0,0,67532.1568627451,20,127.5,0.0,0,16.282847171369255,16.29204904211537,16.066802461833923,False,True,False,True,False,False,False,False,False,False,False,False,False,False,False,False,False,True,False
3,2,150.0,31.0788548,27.9963244,21,1,1,1,1,1,1,1,1,1,120000.0,6,50.0,14.0,9,16.345788916607955,16.264790116464905,16.345788916607955,False,True,False,True,False,False,False,True,False,False,False,False,False,False,False,False,False,False,False
3,2,150.0,29.3875676,32.5544221,11,1,0,1,1,0,0,0,0,0,83333.33333333333,6,50.0,7.333333333333333,3,15.747032114495013,16.066802461833923,15.747032114495013,True,False,False,True,False,False,False,True,False,False,False,False,False,False,False,False,False,False,False
2,2,180.0,30.8224695,28.954309,15,1,1,0,1,1,0,1,1,1,21111.11111111111,4,90.0,8.333333333333334,7,16.345788916607955,15.76142084987672,16.345788916607955,False,True,False,True,False,False,False,True,False,False,False,False,False,False,False,False,False,False,False
2,1,76.0,30.06603,31.48561,12,0,0,1,0,0,0,0,0,0,65789.47368421052,2,38.0,15.789473684210526,1,16.282847171369255,15.86963441986494,16.066802461833923,False,True,False,True,False,True,False,False,False,False,False,False,False,False,False,False,False,False,False
3,3,195.0,30.0202659,31.5409692,21,1,1,1,1,1,1,1,1,0,74594.8717948718,9,65.0,10.76923076923077,8,16.282847171369255,16.29204904211537,16.066802461833923,False,False,True,True,False,False,False,False,False,False,False,False,True,False,False,False,False,False,False
3,2,168.0,29.1853853,32.6326142,23,1,1,1,1,1,1,1,1,0,50595.23809523809,6,56.0,13.690476190476192,8,15.747032114495013,16.012735246411598,15.747032114495013,True,False,False,True,False,False,False,False,False,False,False,False,True,False,False,False,False,False,False
3,4,200.0,30.0124138,31.4396951,13,0,0,1,0,1,1,0,0,0,34500.0,12,66.66666666666667,6.5,3,16.282847171369255,16.29204904211537,16.066802461833923,False,True,False,True,False,True,False,False,False,False,False,False,False,False,False,False,False,False,False
1,1,65.0,31.0952654,27.9249993,0,0,0,0,0,0,0,0,0,0,132307.6923076923,1,65.0,0.0,0,16.345788916607955,16.264790116464905,16.345788916607955,False,False,True,True,False,False,False,True,False,False,False,False,False,False,False,False,False,False,False
3,2,125.0,31.0821705,28.0283681,14,1,1,0,0,1,1,0,0,1,61424.0,6,41.666666666666664,11.2,5,16.345788916607955,15.853869784785122,16.345788916607955,False,True,False,False,True,False,False,True,False,False,False,False,False,False,False,False,False,False,False
1,1,78.0,30.124566003758,30.854185072353,50,1,1,1,1,1,1,1,1,1,61810.97435897436,1,78.0,64.1025641025641,9,16.02378508137718,16.290821674263068,16.01134442508541,False,True,False,False,True,True,False,False,False,False,False,False,False,False,False,False,False,False,False
4,3,216.0,31.17310014,29.9287022,6,0,0,1,0,1,0,0,0,1,50060.18518518518,12,54.0,2.7777777777777777,3,16.16000514993119,16.16000514993119,15.851522672265068,False,True,False,False,True,True,False,False,False,False,False,False,False,False,False,False,False,False,False
4,2,250.0,30.03145,31.34338,0,0,0,0,0,0,0,0,0,0,26000.0,8,62.5,0.0,0,15.501738199611221,15.519597237722468,16.066802461833923,False,True,False,True,False,True,False,False,False,False,False,False,False,False,False,False,False,False,False
4,4,270.0,30.0092002,31.0178278,45,1,1,1,1,1,1,1,1,1,34444.444444444445,16,67.5,16.666666666666664,9,16.10616420501588,16.074904029783603,16.01134442508541,False,True,False,True,False,False,False,False,False,False,False,False,False,False,False,True,False,False,False
2,3,118.0,31.3543445,27.2373159,25,1,1,1,1,0,0,1,1,0,139415.25423728814,6,59.0,21.186440677966104,6,16.345788916607955,16.264790116464905,16.345788916607955,False,True,False,False,True,False,False,True,False,False,False,False,False,False,False,False,False,False,False
3,3,155.0,31.08028619097,28.015131024311,4,0,0,0,0,0,0,0,0,0,120000.0,9,51.666666666666664,2.5806451612903225,0,16.345788916607955,16.264790116464905,16.345788916607955,False,False,True,True,False,False,False,False,True,False,False,False,False,False,False,False,False,False,False
3,2,120.0,30.9803864,28.7146239,33,1,1,1,1,1,1,0,0,1,58333.333333333336,6,40.0,27.5,7,16.345788916607955,15.76142084987672,16.345788916607955,True,False,False,True,False,False,False,False,False,False,False,False,True,False,False,False,False,False,False
2,2,65.0,29.63256,32.33002,32,1,1,1,1,1,1,1,1,1,81538.46153846153,4,32.5,49.230769230769226,9,15.747032114495013,15.483217567201578,15.747032114495013,False,True,False,True,False,False,False,True,False,False,False,False,False,False,False,False,False,False,False
4,3,185.0,31.3543445,27.2373159,26,1,1,1,0,1,0,1,1,1,157291.8918918919,12,46.25,14.054054054054053,7,16.345788916607955,16.264790116464905,16.345788916607955,False,True,False,False,True,False,False,False,False,False,False,False,False,False,False,True,False,False,False
2,2,105.0,31.089549212598,28.160593150923,4,0,0,1,0,0,0,0,0,0,68571.42857142857,4,52.5,3.8095238095238093,1,16.345788916607955,16.264790116464905,16.345788916607955,False,True,False,False,True,False,False,True,False,False,False,False,False,False,False,False,False,False,False
4,5,450.0,27.3956998,33.6509513,49,1,1,1,1,1,1,1,1,1,112555.55555555556,20,112.5,10.88888888888889,9,16.807478748496784,17.740449808402303,16.233206958474412,True,False,False,False,True,False,False,False,False,False,False,False,False,False,False,False,False,True,False
3,2,155.0,29.980463,31.3854644,25,1,1,1,1,1,1,0,0,1,69032.25806451614,6,51.666666666666664,16.129032258064516,7,16.087842710858826,16.185754392890075,16.066802461833923,False,True,False,True,False,True,False,False,False,False,False,False,False,False,False,False,False,False,False
6,3,402.0,29.550836851327,30.867589850082,0,0,0,0,0,0,0,0,0,0,38395.522388059704,18,67.0,0.0,0,16.552148280706213,16.552148280706213,15.851522672265068,False,True,False,False,True,False,False,False,False,False,False,False,False,False,False,False,False,True,False
2,2,145.0,30.0662855,31.4744728,27,0,1,1,1,1,0,0,0,1,72185.93103448275,4,72.5,18.620689655172413,5,16.282847171369255,16.29204904211537,16.066802461833923,False,True,False,True,False,True,False,False,False,False,False,False,False,False,False,False,False,False,False
5,4,267.0,30.0310276,31.5423707,16,0,0,1,1,1,1,0,0,1,65543.07116104869,20,53.4,5.992509363295881,5,16.282847171369255,16.29204904211537,16.066802461833923,False,False,True,True,False,False,False,False,False,False,False,False,False,False,False,False,False,True,False
3,3,120.0,31.0952654,27.9249993,22,1,1,1,1,0,0,1,1,0,125000.0,9,40.0,18.333333333333336,6,16.345788916607955,16.264790116464905,16.345788916607955,False,True,False,True,False,False,False,True,False,False,False,False,False,False,False,False,False,False,False
3,3,145.0,30.0753933,31.6265648,17,0,0,0,0,1,0,0,0,1,64662.06896551724,9,48.333333333333336,11.724137931034484,2,15.82707481102028,16.221521518404195,16.066802461833923,False,True,False,False,True,True,False,False,False,False,False,False,False,False,False,False,False,False,False
3,2,160.0,31.22077,29.93721,3,0,0,0,0,0,0,0,0,0,34375.0,6,53.333333333333336,1.875,0,15.46416937585933,15.46416937585933,15.851522672265068,False,True,False,True,False,True,False,False,False,False,False,False,False,False,False,False,False,False,False
4,4,210.0,30.07349031,31.60085522,12,1,1,1,1,0,0,0,0,0,59523.80952380953,16,52.5,5.714285714285714,4,16.282847171369255,16.29204904211537,16.066802461833923,False,False,True,False,True,False,False,False,False,False,False,False,False,False,False,False,False,False,True
3,2,202.0,30.0035761,31.4056766,51,1,1,1,1,1,1,1,1,1,26237.62376237624,6,67.33333333333333,25.247524752475247,9,16.282847171369255,16.29204904211537,16.066802461833923,False,True,False,True,False,True,False,False,False,False,False,False,False,False,False,False,False,False,False
3,3,210.0,29.9790108,31.7211431,5,0,0,0,0,1,1,0,0,0,40169.195238095235,9,70.0,2.380952380952381,2,15.616501940217244,15.947963342512763,16.066802461833923,False,True,False,True,False,True,False,False,False,False,False,False,False,False,False,False,False,False,False
1,1,70.0,29.6724876,32.3369649,21,1,1,1,1,1,0,1,0,1,114285.71428571429,1,70.0,30.000000000000004,7,15.747032114495013,15.537639172325049,15.747032114495013,False,True,False,False,True,False,False,True,False,False,False,False,False,False,False,False,False,False,False
2,2,155.0,30.063942,30.849779,1,0,0,0,0,0,0,0,0,0,52903.22580645161,4,77.5,0.6451612903225806,0,16.02378508137718,15.919644834185693,16.01134442508541,False,True,False,False,True,True,False,False,False,False,False,False,False,False,False,False,False,False,False
3,3,220.0,30.0753933,31.6265648,13,1,1,1,1,0,0,1,1,0,78181.81818181818,9,73.33333333333333,5.909090909090908,6,15.82707481102028,16.221521518404195,16.066802461833923,False,False,True,False,True,False,False,False,False,False,False,False,False,False,False,False,False,False,True
3,3,190.0,29.2935291,32.6029372,7,0,0,0,0,1,0,0,0,1,47368.42105263158,9,63.333333333333336,3.68421052631579,2,15.747032114495013,16.012735246411598,15.747032114495013,True,False,False,True,False,False,False,True,False,False,False,False,False,False,False,False,False,False,False
2,2,114.0,30.09177585,31.6426486,17,0,1,0,1,1,1,0,0,0,50877.19298245614,4,57.0,14.912280701754387,4,15.93111255107345,15.88868261241667,16.066802461833923,True,False,False,True,False,True,False,False,False,False,False,False,False,False,False,False,False,False,False
3,3,210.0,30.07349031,31.60085522,10,0,0,1,1,0,0,0,0,0,167619.04761904763,9,70.0,4.761904761904762,2,16.282847171369255,16.29204904211537,16.066802461833923,False,True,False,False,True,False,False,False,False,False,False,False,False,False,False,False,False,True,False
3,3,160.0,30.080763829321,31.543997437428,12,1,1,1,1,1,0,0,0,1,47500.0,9,53.333333333333336,7.5,6,16.282847171369255,16.29204904211537,16.066802461833923,False,True,False,False,True,True,False,False,False,False,False,False,False,False,False,False,False,False,False
3,3,270.0,30.14421,31.63972,8,0,0,0,1,1,1,0,0,0,34444.444444444445,9,90.0,2.962962962962963,3,16.088423555642784,15.35237799261728,16.066802461833923,False,True,False,True,False,False,False,False,False,False,False,False,False,False,False,False,False,True,False
0,1,30.0,30.84644935,29.0226173,25,1,1,1,1,1,1,1,1,1,80000.0,0,60.0,83.33333333333334,9,16.345788916607955,15.76142084987672,16.345788916607955,False,True,False,False,True,False,False,True,False,False,False,False,False,False,False,False,False,False,False
2,3,105.0,31.0665111,28.344066,0,0,0,0,0,0,0,0,0,0,93333.33333333333,6,52.5,0.0,0,16.345788916607955,15.572773764067886,16.345788916607955,False,False,True,False,True,False,False,True,False,False,False,False,False,False,False,False,False,False,False
4,4,225.0,29.976979,31.7797175,11,0,0,1,1,0,0,0,0,0,53333.333333333336,16,56.25,4.888888888888889,2,15.616501940217244,15.384361031701085,16.066802461833923,False,True,False,False,True,False,False,False,False,False,False,False,False,False,False,False,True,False,False
4,4,326.0,29.9807731,31.0145867,4,0,0,0,1,0,0,0,0,0,39877.30061349693,16,81.5,1.2269938650306749,1,16.10616420501588,16.380459992348886,16.01134442508541,False,True,False,True,False,False,False,False,False,False,False,False,False,False,False,False,True,False,False
3,3,467.0,30.007848,31.4906558,0,0,0,0,0,0,0,0,0,0,17130.620985010708,9,155.66666666666666,0.0,0,16.282847171369255,16.29204904211537,16.066802461833923,False,True,False,True,False,True,False,False,False,False,False,False,False,False,False,False,False,False,False
3,2,140.0,29.4120527,32.5114105,3,0,0,0,0,0,0,0,0,0,63571.42857142857,6,46.666666666666664,2.142857142857143,0,15.747032114495013,15.708230141813484,15.747032114495013,False,True,False,True,False,False,False,True,False,False,False,False,False,False,False,False,False,False,False
2,2,115.0,29.4705022,32.4537273,20,1,0,0,1,1,1,0,0,1,65217.391304347824,4,57.5,17.39130434782609,5,15.747032114495013,15.506518023422661,15.747032114495013,False,True,False,True,False,False,False,True,False,False,False,False,False,False,False,False,False,False,False
0,1,70.0,29.976979,31.7797175,39,1,1,1,1,1,1,1,1,1,41000.0,0,60.0,55.714285714285715,9,15.616501940217244,15.384361031701085,16.066802461833923,False,True,False,False,True,True,False,False,False,False,False,False,False,False,False,False,False,False,False
3,2,153.0,30.090647810305,31.377698496569,21,1,1,1,0,0,1,1,1,0,47712.4183006536,6,51.0,13.72549019607843,6,15.803385043104912,15.803385043104912,16.066802461833923,False,True,False,True,False,True,False,False,False,False,False,False,False,False,False,False,False,False,False
3,3,191.0,30.0600801,31.5985531,36,1,1,1,1,1,1,1,1,1,154968.58638743457,9,63.666666666666664,18.848167539267017,9,16.282847171369255,16.29204904211537,16.066802461833923,False,True,False,False,True,False,False,False,False,False,False,False,False,False,False,True,False,False,False
3,2,148.0,30.116611522854,31.657135167898,20,1,1,0,1,1,1,1,1,1,35000.0,6,49.333333333333336,13.513513513513514,8,16.088423555642784,15.46031580728584,16.066802461833923,False,True,False,False,True,True,False,False,False,False,False,False,False,False,False,False,False,False,False
3,3,245.0,30.0742797,31.5887794,38,1,1,1,1,1,1,1,1,1,66326.5306122449,9,81.66666666666667,15.510204081632653,9,16.282847171369255,16.29204904211537,16.066802461833923,False,True,False,False,True,False,False,False,False,False,False,False,False,False,False,True,False,False,False
3,2,162.0,30.0202659,31.5409692,0,0,0,0,0,0,0,0,0,0,46296.2962962963,6,54.0,0.0,0,16.282847171369255,16.29204904211537,16.066802461833923,False,True,False,True,False,True,False,False,False,False,False,False,False,False,False,False,False,False,False
2,2,160.0,30.0074176,31.4887433,13,0,0,1,1,1,1,0,0,1,112750.0,4,80.0,8.125,5,16.282847171369255,16.29204904211537,16.066802461833923,False,False,True,True,False,False,False,False,False,False,False,False,True,False,False,False,False,False,False
3,4,220.0,30.1518202,31.6284528,9,1,1,1,0,1,1,0,0,0,65909.09090909091,12,73.33333333333333,4.090909090909091,5,16.088423555642784,16.9172841784906,16.066802461833923,False,True,False,True,False,False,False,False,False,False,False,False,False,False,False,True,False,False,False
3,3,205.0,30.0600801,31.5985531,22,1,1,1,1,0,0,1,1,0,60487.80487804878,9,68.33333333333333,10.731707317073171,6,16.282847171369255,16.29204904211537,16.066802461833923,False,True,False,True,False,True,False,False,False,False,False,False,False,False,False,False,False,False,False
3,2,110.0,28.3758068,31.0726657,24,1,1,1,1,1,1,1,1,1,127272.72727272728,6,36.666666666666664,21.818181818181817,9,16.345788916607955,16.264790116464905,16.345788916607955,False,True,False,False,True,False,False,True,False,False,False,False,False,False,False,False,False,False,False
3,3,175.0,30.045667,31.6430115,14,1,1,1,1,1,0,0,0,1,55428.57142857143,9,58.333333333333336,8.0,6,15.82707481102028,16.176364653421913,16.066802461833923,False,True,False,False,True,False,False,False,False,False,False,False,False,False,False,True,False,False,False
4,5,276.0,31.1775597,27.618041,0,0,0,0,0,0,0,0,0,0,90579.71014492754,20,69.0,0.0,0,16.345788916607955,16.642021803226616,16.345788916607955,False,True,False,True,False,False,False,False,False,False,False,False,False,False,False,True,False,False,False
4,4,300.0,30.025056,31.5948035,15,0,0,0,0,1,1,0,0,0,71666.66666666667,16,75.0,5.0,2,16.282847171369255,16.29204904211537,16.066802461833923,False,True,False,True,False,True,False,False,False,False,False,False,False,False,False,False,False,False,False
5,6,662.0,30.0600801,31.5985531,7,0,0,1,0,0,0,0,0,0,69486.40483383686,30,132.4,1.0574018126888218,1,16.282847171369255,16.29204904211537,16.066802461833923,False,False,True,True,False,False,False,False,False,False,False,False,False,False,False,False,False,True,False
3,3,250.0,30.0189988,31.0843855,10,0,0,1,0,1,0,0,0,0,63000.0,9,83.33333333333333,4.0,2,16.10616420501588,16.610537473785996,16.01134442508541,False,True,False,True,False,False,False,False,False,False,False,False,True,False,False,False,False,False,False
3,3,278.0,27.4148421,33.6754852,38,1,1,1,1,1,0,1,1,1,76258.99280575539,9,92.66666666666667,13.66906474820144,8,16.807478748496784,16.86951178681205,16.233206958474412,False,False,True,True,False,False,False,False,False,False,False,False,False,False,False,False,False,True,False
2,1,85.0,31.081660922017,28.02071046664,18,1,0,1,1,1,1,0,0,1,90202.41176470589,2,42.5,21.176470588235293,6,16.345788916607955,16.264790116464905,16.345788916607955,False,True,False,True,False,False,False,True,False,False,False,False,False,False,False,False,False,False,False
3,3,148.0,30.0941611,31.7041108,9,0,1,0,1,0,0,0,0,0,50675.67567567567,9,49.333333333333336,6.081081081081082,2,15.82707481102028,15.793051943818522,16.066802461833923,False,True,False,True,False,True,False,False,False,False,False,False,False,False,False,False,False,False,False
3,2,180.0,30.166137,31.6680496,46,1,1,1,1,1,1,1,1,0,25000.0,6,60.0,25.555555555555554,8,16.300417291085605,16.486367704879513,16.066802461833923,False,True,False,False,True,True,False,False,False,False,False,False,False,False,False,False,False,False,False
5,2,382.0,30.02203,31.30139,0,0,0,0,0,0,0,0,0,0,19633.50785340314,10,76.4,0.0,0,15.830413711839864,15.830413711839864,16.066802461833923,False,True,False,True,False,True,False,False,False,False,False,False,False,False,False,False,False,False,False
5,5,340.0,30.166137,31.6680496,16,1,1,1,0,0,1,0,0,0,170588.23529411765,25,68.0,4.705882352941177,4,16.300417291085605,16.486367704879513,16.066802461833923,False,True,False,False,True,False,False,False,False,False,False,False,False,False,False,False,False,True,False
2,2,136.0,29.9779855,31.7467774,12,1,1,1,1,1,0,0,0,0,48529.41176470588,4,68.0,8.823529411764705,5,15.616501940217244,15.671808704579888,16.066802461833923,False,True,False,False,True,True,False,False,False,False,False,False,False,False,False,False,False,False,False
3,3,157.0,29.9633661,31.0009178,14,0,0,1,1,0,0,0,0,0,59307.515923566876,9,52.333333333333336,8.9171974522293,2,16.10616420501588,15.988839917212927,16.01134442508541,False,True,False,True,False,True,False,False,False,False,False,False,False,False,False,False,False,False,False
2,1,123.0,31.3543445,27.2373159,19,1,1,1,1,0,0,1,1,0,48780.48780487805,2,61.5,15.447154471544716,6,16.345788916607955,16.264790116464905,16.345788916607955,False,True,False,True,False,False,False,True,False,False,False,False,False,False,False,False,False,False,False
5,4,376.0,29.7248626,32.3673853,10,1,1,1,0,1,1,0,0,0,66489.36170212766,20,75.2,2.6595744680851063,5,15.747032114495013,17.034386422832473,15.747032114495013,False,True,False,True,False,False,False,False,False,False,False,False,False,False,False,False,False,True,False
3,3,350.0,30.09177585,31.6426486,22,1,1,1,1,1,1,1,1,1,54285.71428571428,9,116.66666666666667,6.285714285714286,9,15.93111255107345,15.88868261241667,16.066802461833923,False,True,False,True,False,False,False,False,False,False,False,False,False,False,False,True,False,False,False
3,3,170.0,30.0211431,31.0518675,1,0,0,1,0,0,0,0,0,0,73529.41176470589,9,56.666666666666664,0.5882352941176471,1,16.10616420501588,16.705882371415992,16.01134442508541,False,True,False,True,False,True,False,False,False,False,False,False,False,False,False,False,False,False,False
3,2,137.0,30.0941611,31.7041108,14,0,0,1,0,1,1,0,0,1,29927.007299270073,6,45.666666666666664,10.21897810218978,4,15.82707481102028,15.793051943818522,16.066802461833923,False,True,False,True,False,True,False,False,False,False,False,False,False,False,False,False,False,False,False
3,4,220.0,30.0527286,31.6173381,13,0,0,1,1,1,0,0,0,1,24545.454545454544,12,73.33333333333333,5.909090909090908,4,15.82707481102028,15.18922639004183,16.066802461833923,False,True,False,True,False,False,False,False,False,False,False,False,True,False,False,False,False,False,False
3,3,157.0,29.9633661,31.0009178,41,1,1,1,1,1,1,1,1,1,59307.515923566876,9,52.333333333333336,26.11464968152866,9,16.10616420501588,15.988839917212927,16.01134442508541,False,True,False,True,False,True,False,False,False,False,False,False,False,False,False,False,False,False,False
4,3,190.0,29.8561331,30.9018623,24,0,1,1,1,1,1,1,0,1,60573.68421052631,12,47.5,12.631578947368421,7,16.10616420501588,16.19413042991272,16.01134442508541,False,True,False,False,True,False,False,False,False,False,False,False,False,False,False,True,False,False,False
4,4,200.0,31.075924101513,27.999177422707,10,0,0,0,0,1,1,0,0,0,133552.375,16,50.0,5.0,2,16.345788916607955,16.264790116464905,16.345788916607955,False,True,False,False,True,False,False,False,False,False,False,False,False,False,False,True,False,False,False
4,4,315.0,30.0141854,31.0769017,33,1,0,1,1,1,0,0,1,1,31428.571428571428,16,78.75,10.476190476190476,6,16.10616420501588,16.20423135360026,16.01134442508541,False,True,False,False,True,False,False,False,False,False,False,False,False,False,False,True,False,False,False
3,2,180.0,29.9878349,31.4770388,12,0,0,0,0,1,1,0,0,1,23611.11111111111,6,60.0,6.666666666666666,3,16.282847171369255,16.29204904211537,16.066802461833923,False,True,False,True,False,True,False,False,False,False,False,False,False,False,False,False,False,False,False
1,1,62.0,30.068527462055,31.64004459621,26,0,1,0,1,1,1,1,1,1,79241.93548387097,1,62.0,41.935483870967744,7,15.82707481102028,16.06690771944096,16.066802461833923,False,True,False,False,True,True,False,False,False,False,False,False,False,False,False,False,False,False,False
4,2,493.0,29.9942411,31.5091649,5,0,0,0,0,1,0,0,0,1,19472.61663286004,8,123.25,1.0141987829614605,2,16.282847171369255,16.29204904211537,16.066802461833923,False,True,False,True,False,False,False,False,False,False,False,False,False,False,False,False,False,True,False
3,2,112.0,31.0846702,27.9347746,11,1,1,0,0,1,1,1,0,0,98214.28571428571,6,37.333333333333336,9.821428571428571,5,16.345788916607955,16.548253436697504,16.345788916607955,False,True,False,True,False,False,False,False,False,False,False,False,True,False,False,False,False,False,False
5,5,423.0,30.0035761,31.4056766,7,0,0,1,0,0,0,0,0,0,106382.97872340426,25,84.6,1.6548463356973993,1,16.282847171369255,16.29204904211537,16.066802461833923,False,False,True,True,False,False,False,False,False,False,False,False,False,False,False,False,False,True,False
3,2,160.0,30.082662679848,31.376713970852,25,1,1,0,1,0,0,1,1,1,32812.5,6,53.333333333333336,15.625,6,15.803385043104912,15.7192417923152,16.066802461833923,False,True,False,True,False,True,False,False,False,False,False,False,False,False,False,False,False,False,False
1,1,98.0,31.3543445,27.2373159,32,1,1,1,1,1,1,1,1,0,101530.61224489796,1,98.0,32.6530612244898,8,16.345788916607955,16.264790116464905,16.345788916607955,False,True,False,False,True,False,False,True,False,False,False,False,False,False,False,False,False,False,False
3,2,140.0,29.9678067,31.5159872,6,0,0,1,0,0,0,0,0,0,40714.28571428572,6,46.666666666666664,4.285714285714286,1,16.282847171369255,16.29204904211537,16.066802461833923,False,True,False,False,True,True,False,False,False,False,False,False,False,False,False,False,False,False,False
3,2,122.0,30.8583492,28.9042079,18,1,1,1,1,1,1,0,0,1,44754.098360655735,6,40.666666666666664,14.754098360655737,7,16.345788916607955,15.76142084987672,16.345788916607955,False,True,False,True,False,False,False,True,False,False,False,False,False,False,False,False,False,False,False
2,2,115.0,29.4705022,32.4537273,20,1,0,0,1,1,1,0,0,1,40434.782608695656,4,57.5,17.39130434782609,5,15.747032114495013,15.506518023422661,15.747032114495013,False,True,False,True,False,False,False,True,False,False,False,False,False,False,False,False,False,False,False
3,2,109.0,30.09177585,31.6426486,12,0,0,1,1,0,0,0,0,0,64220.18348623853,6,36.333333333333336,11.009174311926605,2,15.93111255107345,15.88868261241667,16.066802461833923,False,True,False,True,False,True,False,False,False,False,False,False,False,False,False,False,False,False,False
3,3,309.0,30.125082,31.8853002,0,0,0,0,0,0,0,0,0,0,55350.970873786406,9,103.0,0.0,0,15.616501940217244,16.012735246411598,16.066802461833923,False,False,True,True,False,False,False,False,False,False,False,False,False,False,False,False,False,True,False
2,2,146.0,29.9779855,31.7467774,30,1,1,1,1,1,0,1,1,1,35000.0,4,73.0,20.547945205479454,8,15.616501940217244,15.671808704579888,16.066802461833923,False,True,False,True,False,True,False,False,False,False,False,False,False,False,False,False,False,False,False
2,2,113.0,29.98517849,31.04999818,10,0,1,1,0,1,1,0,0,1,152129.203539823,4,56.5,8.849557522123895,5,16.10616420501588,16.70097038315765,16.01134442508541,False,False,True,False,True,True,False,False,False,False,False,False,False,False,False,False,False,False,False
3,2,138.0,30.0550268,31.3366903,7,0,0,0,0,1,1,0,0,0,110144.92753623189,6,46.0,5.072463768115942,2,16.345788916607955,16.264790116464905,16.345788916607955,False,True,False,False,True,False,False,True,False,False,False,False,False,False,False,False,False,False,False
